timestamp,data
1784211413.7441063,"01/01/2000,02:44:34.53,-888.67,-73.73,-452.15,2.72,0.37,-1.65,87.0,65.25,-12.45,28.08,-1000.03,-20.50,6.10,218.75,-953.75,-341.25,1,52.531,"
1784211413.7677279,"01/01/2000,02:44:34.55,-898.44,-90.82,-452.15,0.82,-1.75,-1.82,85.65,63.45,-11.10,27.98,-1000.03,-20.50,6.10,306.25,-831.25,-271.25,1,52.507,"
1784211413.7923124,"01/01/2000,02:44:34.57,-885.25,-97.17,-447.75,0.26,1.18,-0.05,84.45,62.25,-9.60,28.22,-1000.16,-20.50,6.10,358.75,-857.50,-323.75,1,52.505,"
1784211413.808293,"01/01/2000,02:44:34.59,-897.95,-77.15,-461.43,-0.44,-0.96,1.54,85.95,64.65,-12.60,28.41,-1000.40,-20.50,6.10,315.0,-866.25,-411.25,1,52.503,"
1784211413.8276284,"01/01/2000,02:44:34.61,-903.32,-88.38,-451.17,1.84,0.56,0.27,86.10,63.30,-12.15,28.08,-1000.16,-20.50,6.34,253.75,-910.0,-210.0,1,52.523,"
1784211413.842338,"01/01/2000,02:44:34.63,-889.16,-98.14,-441.41,-0.22,-0.83,-1.95,84.75,63.90,-12.60,27.84,-1000.16,-20.62,6.10,315.0,-831.25,-367.50,1,52.521,"
1784211413.8761086,"01/01/2000,02:44:34.67,-896.97,-87.40,-459.96,0.18,-1.63,1.07,85.65,65.40,-13.05,28.32,-1000.16,-20.50,6.10,253.75,-805.0,-315.0,1,52.517,"
1784211413.900848,"01/01/2000,02:44:34.68,-895.51,-95.70,-464.84,1.60,0.15,1.52,85.95,65.40,-12.60,27.98,-1000.16,-20.37,6.10,192.50,-831.25,-288.75,1,52.514,"
1784211413.9201276,"01/01/2000,02:44:34.71,-886.23,-96.19,-453.61,0.02,-1.91,-0.09,84.45,62.25,-9.30,28.37,-1000.28,-20.50,6.10,105.0,-673.75,-271.25,1,52.512,"
1784211413.940302,"01/01/2000,02:44:34.72,-905.27,-88.38,-456.54,2.11,0.02,-0.25,85.35,64.50,-12.90,28.17,-1000.40,-20.37,5.98,236.25,-796.25,-341.25,1,52.510,"
1784211413.9582002,"01/01/2000,02:44:34.74,-879.39,-87.40,-448.73,-2.13,-2.28,0.35,86.55,62.85,-10.95,28.22,-1000.52,-20.50,6.10,218.75,-813.75,-393.75,1,52.508,"
1784211413.975264,"01/01/2000,02:44:34.76,-890.14,-85.94,-448.73,0.81,1.62,0.69,85.80,63.30,-11.70,28.17,-1000.28,-20.50,6.34,131.25,-997.50,-341.25,1,52.528,"
1784211414.0012095,"01/01/2000,02:44:34.78,-884.77,-91.80,-452.15,1.43,-0.67,-1.82,85.80,64.50,-11.70,27.98,-1000.40,-20.37,6.10,245.0,-813.75,-297.50,1,52.526,"
1784211414.0173037,"01/01/2000,02:44:34.80,-894.53,-84.47,-451.17,1.72,0.76,-0.93,85.80,64.50,-11.70,27.98,-1000.40,-20.50,6.10,350.0,-962.50,-385.0,1,52.524,"
1784211414.0339408,"01/01/2000,02:44:34.81,-888.67,-88.38,-446.78,1.95,0.95,0.50,85.95,64.65,-11.85,28.22,-1000.52,-20.62,6.10,323.75,-822.50,-385.0,1,52.522,"
1784211414.050335,"01/01/2000,02:44:34.83,-892.58,-91.31,-446.29,1.16,0.72,0.03,86.40,63.90,-10.80,28.37,-1000.40,-20.74,6.10,131.25,-813.75,-367.50,1,52.519,"
1784211414.0674107,"01/01/2000,02:44:34.85,-881.84,-95.70,-455.08,3.74,-1.54,0.82,85.65,64.20,-11.85,28.41,-1000.52,-20.62,5.98,332.50,-787.50,-350.0,1,52.517,"
1784211414.08762,"01/01/2000,02:44:34.87,-888.67,-97.66,-449.71,1.85,1.16,0.19,85.80,64.05,-12.15,28.22,-1000.40,-20.62,5.98,218.75,-726.25,-280.0,1,52.515,"
1784211414.1062274,"01/01/2000,02:44:34.89,-902.34,-95.70,-451.66,2.45,-1.82,-0.11,85.80,64.80,-12.45,28.37,-1000.40,-20.74,6.10,236.25,-717.50,-385.0,1,52.535,"
1784211414.1390297,"01/01/2000,02:44:34.93,-893.07,-90.33,-455.08,0.71,0.37,-0.33,87.0,64.80,-11.70,27.98,-1000.28,-20.62,6.10,306.25,-822.50,-385.0,1,52.531,"
1784211414.159618,"01/01/2000,02:44:34.94,-893.07,-84.96,-445.31,0.45,1.53,0.44,87.0,64.80,-11.25,28.37,-1000.28,-20.74,5.86,218.75,-831.25,-262.50,1,52.529,"
1784211414.1807666,"01/01/2000,02:44:34.96,-902.34,-79.59,-452.15,0.63,-0.20,1.95,85.95,64.65,-12.60,28.37,-1000.28,-20.50,5.86,332.50,-831.25,-341.25,1,52.526,"
1784211414.1910808,"01/01/2000,02:44:34.98,-900.88,-94.73,-454.59,1.05,2.95,-0.12,86.10,64.50,-12.45,28.37,-1000.40,-20.62,5.98,341.25,-813.75,-341.25,1,52.524,"
1784211414.211971,"01/01/2000,02:44:35.00,-894.53,-87.40,-443.85,1.24,0.47,0.46,86.55,63.60,-11.25,28.08,-1000.40,-20.62,5.98,227.50,-927.50,-262.50,1,52.522,"
1784211414.2427824,"01/01/2000,02:44:35.02,-889.16,-83.98,-448.24,1.95,2.18,-2.37,85.65,63.90,-11.85,28.51,-1000.40,-20.62,6.22,236.25,-796.25,-280.0,1,52.542,"
1784211414.2531965,"01/01/2000,02:44:35.04,-892.58,-96.68,-458.50,-0.46,-0.12,-2.15,85.05,64.80,-12.15,28.32,-1000.40,-20.74,6.10,288.75,-831.25,-350.0,1,52.518,"
1784211414.2742398,"01/01/2000,02:44:35.06,-901.86,-94.73,-446.29,1.88,0.28,0.40,86.10,65.25,-11.25,28.32,-1000.40,-20.62,6.10,140.0,-840.0,-341.25,1,52.516,"
1784211414.3055954,"01/01/2000,02:44:35.09,-897.46,-80.08,-447.75,1.22,2.15,1.35,85.95,61.05,-8.85,28.37,-1000.28,-20.62,6.10,306.25,-848.75,-393.75,1,52.514,"
1784211414.3175619,"01/01/2000,02:44:35.10,-887.21,-94.73,-456.05,2.11,-0.41,-0.44,85.80,65.25,-11.70,28.22,-1000.16,-20.50,6.10,245.0,-857.50,-376.25,1,52.512,"
1784211414.3371758,"01/01/2000,02:44:35.12,-902.34,-92.77,-463.87,-0.65,-0.60,-0.73,86.55,63.60,-10.20,28.03,-1000.03,-20.50,6.10,262.50,-726.25,-358.75,1,52.510,"
1784211414.3682165,"01/01/2000,02:44:35.16,-894.53,-83.50,-454.10,-0.31,1.61,-1.51,86.40,64.20,-11.55,27.79,-1000.03,-20.62,5.98,227.50,-848.75,-280.0,1,52.527,"
1784211414.3990278,"01/01/2000,02:44:35.18,-898.93,-96.19,-451.17,0.97,-1.44,-0.31,84.75,64.65,-11.85,28.37,-1000.40,-20.62,5.98,210.0,-805.0,-315.0,1,52.525,"
1784211414.4092872,"01/01/2000,02:44:35.20,-893.07,-80.57,-453.61,-0.05,1.67,0.53,86.70,64.65,-11.55,28.37,-1000.28,-20.62,5.86,166.25,-848.75,-297.50,1,52.523,"
1784211414.4303112,"01/01/2000,02:44:35.22,-890.63,-86.43,-458.50,1.46,-1.59,-0.58,87.0,64.80,-12.15,28.08,-1000.16,-20.50,5.98,166.25,-778.75,-271.25,1,52.521,"
1784211414.4709108,"01/01/2000,02:44:35.26,-889.16,-98.63,-454.59,2.06,-0.42,3.37,84.60,62.40,-8.25,28.32,-1000.16,-20.74,5.98,253.75,-910.0,-332.50,1,52.517,"
1784211414.4916039,"01/01/2000,02:44:35.27,-902.83,-89.36,-449.22,0.48,-1.71,-2.30,84.60,62.40,-8.25,28.41,-1000.16,-20.62,5.98,201.25,-892.50,-288.75,1,52.515,"
1784211414.5017922,"01/01/2000,02:44:35.29,-895.51,-83.98,-458.98,-0.89,-1.40,-0.34,87.30,65.70,-13.20,28.08,-1000.03,-20.50,5.86,105.0,-945.0,-367.50,1,52.513,"
1784211414.522641,"01/01/2000,02:44:35.31,-898.44,-87.89,-444.82,0.30,-1.04,-1.85,87.15,64.65,-10.80,28.32,-999.91,-20.50,5.86,122.50,-778.75,-332.50,1,52.532,"
1784211414.5630996,"01/01/2000,02:44:35.35,-895.51,-96.68,-451.17,2.29,-0.36,0.91,85.80,63.30,-12.15,28.08,-1000.16,-20.50,5.73,148.75,-787.50,-332.50,1,52.528,"
1784211414.5835671,"01/01/2000,02:44:35.36,-891.60,-92.77,-454.59,0.40,0.69,0.02,85.80,63.30,-12.15,28.08,-1000.40,-20.50,5.86,236.25,-892.50,-306.25,1,52.526,"
1784211414.6042535,"01/01/2000,02:44:35.39,-892.09,-88.87,-452.64,0.90,-0.11,-1.78,85.95,62.70,-9.60,28.37,-1000.40,-20.25,5.98,306.25,-778.75,-350.0,1,52.524,"
1784211414.614484,"01/01/2000,02:44:35.40,-895.02,-81.54,-460.45,1.22,0.60,0.73,85.20,64.20,-13.35,28.03,-1000.16,-20.37,5.86,288.75,-796.25,-332.50,1,52.522,"
1784211414.6352415,"01/01/2000,02:44:35.42,-906.25,-93.75,-458.50,1.95,1.25,0.40,86.10,64.50,-11.70,28.41,-1000.16,-20.37,5.98,350.0,-822.50,-288.75,1,52.520,"
1784211414.6556594,"01/01/2000,02:44:35.44,-877.93,-90.82,-456.05,1.05,-0.88,0.65,86.10,64.05,-12.15,28.08,-1000.28,-20.25,6.10,227.50,-805.0,-341.25,1,52.539,"
1784211414.6760983,"01/01/2000,02:44:35.46,-896.00,-90.33,-455.08,0.48,-1.44,-0.76,85.80,64.50,-10.95,28.08,-1000.16,-20.25,5.98,288.75,-752.50,-420.0,1,52.516,"
1784211414.6967347,"01/01/2000,02:44:35.48,-893.55,-88.38,-452.15,1.37,-0.06,0.25,85.80,62.85,-10.20,28.22,-999.91,-20.25,5.86,175.0,-918.75,-332.50,1,52.535,"
1784211414.7070138,"01/01/2000,02:44:35.49,-902.83,-89.36,-445.31,1.34,0.29,0.11,86.40,65.10,-11.85,28.17,-1000.16,-20.25,5.98,306.25,-866.25,-367.50,1,52.533,"
1784211414.7280514,"01/01/2000,02:44:35.51,-887.70,-92.77,-469.73,1.10,-1.76,-0.40,85.80,65.25,-11.70,28.37,-1000.16,-20.37,6.22,306.25,-743.75,-358.75,1,52.531,"
1784211414.754692,"01/01/2000,02:44:35.53,-895.51,-88.38,-457.03,0.77,-0.94,2.35,87.0,65.25,-11.70,28.37,-1000.40,-20.50,6.34,367.50,-778.75,-428.75,1,52.529,"
1784211414.7670302,"01/01/2000,02:44:35.55,-903.32,-78.13,-457.52,0.08,1.68,-0.81,84.75,65.10,-8.85,28.37,-1000.28,-20.50,6.34,323.75,-936.25,-341.25,1,52.527,"
1784211414.8011587,"01/01/2000,02:44:35.58,-889.65,-96.19,-454.10,1.51,-1.55,-2.01,85.20,65.40,-8.85,28.22,-1000.16,-20.50,6.22,288.75,-936.25,-367.50,1,52.525,"
1784211414.8165905,"01/01/2000,02:44:35.60,-901.37,-94.73,-458.01,0.58,-1.65,0.20,85.05,63.30,-11.25,28.17,-1000.16,-20.74,6.10,183.75,-857.50,-306.25,1,52.502,"
1784211414.8373575,"01/01/2000,02:44:35.62,-887.21,-82.03,-443.85,2.02,0.70,-1.08,84.75,63.90,-11.55,27.98,-1000.16,-20.74,6.22,262.50,-848.75,-288.75,1,52.521,"
1784211414.8479307,"01/01/2000,02:44:35.64,-897.95,-92.29,-471.68,-0.15,2.21,-0.47,86.55,64.80,-11.70,28.32,-1000.16,-20.74,6.22,236.25,-848.75,-332.50,1,52.519,"
1784211414.868448,"01/01/2000,02:44:35.65,-899.90,-94.73,-440.92,-0.76,-1.68,1.86,87.15,63.0,-10.80,28.03,-999.91,-20.62,6.10,288.75,-840.0,-358.75,1,52.517,"
1784211414.8993225,"01/01/2000,02:44:35.69,-894.04,-99.12,-446.78,2.96,0.56,1.16,85.65,63.90,-10.80,28.41,-1000.16,-20.50,6.10,306.25,-883.75,-306.25,1,52.513,"
1784211414.9306836,"01/01/2000,02:44:35.71,-911.13,-96.19,-450.68,0.0,1.28,1.47,86.40,63.90,-12.60,27.98,-1000.03,-20.62,6.10,166.25,-840.0,-341.25,1,52.532,"
1784211414.941089,"01/01/2000,02:44:35.73,-898.93,-72.27,-449.71,3.24,-2.74,-1.99,85.05,63.30,-12.45,28.32,-1000.03,-20.50,5.98,332.50,-831.25,-306.25,1,52.530,"
1784211414.9615688,"01/01/2000,02:44:35.75,-899.41,-85.94,-464.84,1.21,-2.66,0.01,85.95,63.90,-12.60,28.03,-999.91,-20.62,5.98,420.0,-927.50,-376.25,1,52.528,"
1784211414.9825215,"01/01/2000,02:44:35.77,-895.51,-90.82,-442.87,1.13,2.37,0.51,85.35,63.30,-10.20,28.37,-999.91,-20.50,6.10,297.50,-866.25,-280.0,1,52.526,"
1784211414.9928036,"01/01/2000,02:44:35.78,-889.65,-83.98,-457.52,-1.89,0.38,0.24,85.95,64.20,-11.10,28.22,-1000.16,-20.37,5.98,227.50,-848.75,-236.25,1,52.524,"
1784211415.024105,"01/01/2000,02:44:35.80,-898.44,-84.47,-448.73,-1.53,-0.69,-4.85,86.55,64.05,-12.15,28.32,-1000.16,-20.50,5.98,105.0,-770.0,-323.75,1,52.522,"
1784211415.0346477,"01/01/2000,02:44:35.82,-896.00,-95.21,-452.15,0.83,-2.75,-0.58,85.80,62.85,-12.15,28.03,-1000.03,-20.37,5.86,245.0,-787.50,-367.50,1,52.520,"
1784211415.055332,"01/01/2000,02:44:35.84,-884.77,-85.45,-455.08,1.44,-1.70,-0.90,86.10,64.50,-12.15,27.98,-1000.16,-20.50,5.86,210.0,-813.75,-288.75,1,52.538,"
1784211415.065643,"01/01/2000,02:44:35.86,-895.02,-93.75,-457.03,0.11,-1.95,0.08,86.70,64.65,-11.85,28.03,-1000.28,-20.25,6.10,210.0,-743.75,-420.0,1,52.536,"
1784211415.0864525,"01/01/2000,02:44:35.88,-898.44,-84.47,-460.94,-0.03,0.02,0.09,85.95,64.20,-10.80,28.03,-1000.16,-20.50,6.10,218.75,-892.50,-367.50,1,52.534,"
1784211415.1279352,"01/01/2000,02:44:35.91,-892.09,-83.01,-452.15,-2.76,0.63,1.47,87.30,64.05,-10.95,28.17,-1000.40,-20.37,6.10,280.0,-840.0,-297.50,1,52.530,"
1784211415.1489167,"01/01/2000,02:44:35.93,-889.16,-79.59,-459.47,0.21,-0.17,0.74,85.65,63.45,-10.80,28.03,-1000.40,-20.50,6.22,148.75,-892.50,-385.0,1,52.528,"
1784211415.1696622,"01/01/2000,02:44:35.95,-903.32,-93.26,-449.22,0.81,1.85,-1.67,87.45,64.20,-10.05,28.22,-1000.40,-20.50,6.34,210.0,-857.50,-402.50,1,52.526,"
1784211415.1859066,"01/01/2000,02:44:35.97,-888.18,-99.61,-449.71,0.47,1.30,-0.99,86.40,65.85,-12.60,28.17,-1000.40,-20.50,6.22,253.75,-875.0,-393.75,1,52.545,"
1784211415.2007716,"01/01/2000,02:44:35.99,-906.74,-88.38,-454.59,1.23,2.52,-1.98,85.95,64.65,-10.80,27.98,-1000.16,-20.50,6.10,306.25,-848.75,-341.25,1,52.543,"
1784211415.2216868,"01/01/2000,02:44:36.01,-901.37,-87.40,-450.68,0.27,0.24,-0.53,85.95,64.20,-11.10,28.22,-1000.16,-20.50,6.10,297.50,-866.25,-341.25,1,52.541,"
1784211415.2424817,"01/01/2000,02:44:36.03,-901.37,-100.10,-462.40,1.37,-1.65,0.23,87.0,65.25,-12.15,28.37,-1000.28,-20.62,6.22,166.25,-857.50,-245.0,1,52.539,"
1784211415.2547233,"01/01/2000,02:44:36.04,-896.97,-90.33,-450.68,0.38,-0.31,0.32,86.10,64.50,-11.70,28.08,-1000.28,-20.62,6.34,323.75,-892.50,-315.0,1,52.537,"
1784211415.2736602,"01/01/2000,02:44:36.06,-895.51,-82.52,-456.54,1.14,-0.77,0.15,85.35,65.25,-11.25,28.22,-1000.28,-20.50,6.34,288.75,-988.75,-271.25,1,52.535,"
1784211415.3046794,"01/01/2000,02:44:36.09,-892.09,-102.54,-468.26,0.85,-0.44,-1.20,84.0,62.70,-10.05,28.41,-1000.16,-20.62,6.22,183.75,-840.0,-315.0,1,52.533,"
1784211415.3375523,"01/01/2000,02:44:36.13,-888.18,-94.73,-444.82,2.30,0.49,0.07,85.65,65.10,-11.55,28.03,-1000.16,-20.50,6.22,358.75,-875.0,-297.50,1,52.529,"
1784211415.3666506,"01/01/2000,02:44:36.15,-882.32,-89.84,-459.47,0.58,0.07,-0.81,87.0,64.80,-11.70,27.98,-1000.16,-20.50,6.10,262.50,-813.75,-393.75,1,52.527,"
1784211415.3771322,"01/01/2000,02:44:36.17,-910.16,-84.96,-452.64,0.40,1.89,0.80,85.65,65.10,-11.55,28.03,-1000.16,-20.37,6.10,280.0,-822.50,-315.0,1,52.525,"
1784211415.399461,"01/01/2000,02:44:36.18,-880.86,-99.12,-450.20,1.05,0.15,-0.16,87.0,64.50,-12.15,28.17,-1000.28,-20.50,6.10,402.50,-708.75,-323.75,1,52.523,"
1784211415.4081075,"01/01/2000,02:44:36.20,-905.76,-99.61,-459.96,-0.95,0.80,1.02,85.80,64.50,-11.70,28.37,-1000.40,-20.50,6.10,271.25,-822.50,-297.50,1,52.521,"
1784211415.439203,"01/01/2000,02:44:36.22,-882.32,-94.73,-455.08,-1.51,-1.09,-0.60,85.95,65.40,-11.10,28.32,-1000.40,-20.62,5.98,218.75,-735.0,-288.75,1,52.519,"
1784211415.4598615,"01/01/2000,02:44:36.24,-888.18,-94.73,-466.80,0.30,1.32,0.46,85.35,64.05,-12.45,28.03,-1000.40,-20.74,5.86,315.0,-875.0,-271.25,1,52.538,"
1784211415.47032,"01/01/2000,02:44:36.26,-898.93,-84.47,-450.20,2.20,0.12,-0.98,87.0,65.25,-13.20,28.32,-1000.40,-20.62,5.98,175.0,-875.0,-332.50,1,52.536,"
1784211415.4904,"01/01/2000,02:44:36.27,-893.55,-87.89,-462.89,-1.57,0.37,0.26,86.55,63.60,-11.70,28.32,-1000.40,-20.74,5.98,253.75,-883.75,-297.50,1,52.534,"
1784211415.5215702,"01/01/2000,02:44:36.31,-906.25,-90.82,-447.27,0.76,-0.54,-0.73,85.80,62.85,-10.20,28.37,-1000.28,-20.50,6.10,280.0,-752.50,-288.75,1,52.530,"
1784211415.555444,"01/01/2000,02:44:36.33,-890.63,-82.03,-453.61,-0.72,1.27,-1.63,85.35,64.50,-12.15,28.37,-1000.40,-20.50,5.98,262.50,-918.75,-332.50,1,52.528,"
1784211415.5834768,"01/01/2000,02:44:36.37,-893.55,-92.77,-456.54,-0.40,-0.21,-0.89,85.95,64.20,-11.85,27.98,-1000.16,-20.37,5.86,376.25,-936.25,-350.0,1,52.544,"
1784211415.6046064,"01/01/2000,02:44:36.39,-902.83,-85.94,-461.43,1.40,2.0,1.35,86.10,64.05,-10.50,27.98,-1000.16,-20.37,5.86,192.50,-883.75,-306.25,1,52.542,"
1784211415.614969,"01/01/2000,02:44:36.40,-892.58,-95.21,-452.15,-0.40,2.15,-0.81,85.35,64.05,-11.25,28.03,-1000.16,-20.50,5.98,271.25,-936.25,-297.50,1,52.540,"
1784211415.64299,"01/01/2000,02:44:36.43,-910.64,-91.80,-461.43,0.51,0.59,-2.92,87.0,64.50,-11.70,28.17,-999.91,-20.74,6.22,271.25,-997.50,-280.0,1,52.538,"
1784211415.6658802,"01/01/2000,02:44:36.44,-888.18,-71.29,-459.96,3.11,-0.45,-1.24,85.65,65.10,-10.80,27.98,-1000.03,-20.62,6.22,332.50,-927.50,-262.50,1,52.537,"
1784211415.6760845,"01/01/2000,02:44:36.46,-895.02,-88.38,-450.20,2.18,0.84,2.65,87.75,65.70,-12.45,28.32,-1000.16,-20.50,6.10,166.25,-813.75,-385.0,1,52.535,"
1784211415.6972435,"01/01/2000,02:44:36.48,-908.69,-88.38,-454.59,1.0,0.24,-0.30,87.0,64.50,-11.70,28.41,-1000.28,-20.50,6.10,280.0,-866.25,-210.0,1,52.533,"
1784211415.7077022,"01/01/2000,02:44:36.50,-901.37,-86.91,-447.27,2.09,-0.17,-1.04,84.60,64.50,-11.25,28.03,-1000.40,-20.50,6.10,245.0,-840.0,-402.50,1,52.551,"
1784211415.7282262,"01/01/2000,02:44:36.52,-885.25,-93.75,-455.57,0.44,0.40,-0.96,86.10,66.0,-11.25,28.22,-1000.40,-20.50,6.10,288.75,-778.75,-358.75,1,52.549,"
1784211415.7597756,"01/01/2000,02:44:36.53,-889.16,-85.45,-436.52,0.06,0.89,-1.12,85.35,64.50,-12.45,27.98,-1000.40,-20.62,6.34,358.75,-822.50,-332.50,1,52.547,"
1784211415.7726965,"01/01/2000,02:44:36.56,-899.90,-89.84,-453.13,-0.88,-1.04,0.21,84.45,62.70,-8.85,27.98,-1000.16,-20.62,5.98,131.25,-840.0,-323.75,1,52.545,"
1784211415.7903938,"01/01/2000,02:44:36.57,-903.81,-89.36,-457.52,-0.22,1.60,-0.40,84.45,62.70,-8.85,28.17,-1000.28,-20.62,6.10,210.0,-813.75,-350.0,1,52.543,"
1784211415.817109,"01/01/2000,02:44:36.60,-894.04,-73.73,-456.54,-0.04,-0.98,0.52,84.45,63.45,-8.85,28.32,-1000.40,-20.74,6.22,288.75,-761.25,-358.75,1,52.541,"
1784211415.8378217,"01/01/2000,02:44:36.62,-895.02,-95.70,-450.20,1.11,0.60,-0.85,86.10,65.25,-11.25,28.41,-1000.16,-20.74,6.34,341.25,-901.25,-245.0,1,52.539,"
1784211415.8559434,"01/01/2000,02:44:36.64,-905.76,-95.21,-456.54,0.81,-1.35,2.42,85.80,64.50,-11.70,28.37,-1000.40,-20.74,6.10,280.0,-910.0,-245.0,1,52.517,"
1784211415.8692985,"01/01/2000,02:44:36.66,-907.23,-101.07,-454.59,-0.79,-1.39,0.73,85.05,64.05,-10.95,28.32,-1000.28,-20.74,5.98,262.50,-866.25,-280.0,1,52.535,"
1784211415.9110649,"01/01/2000,02:44:36.70,-894.53,-98.14,-445.80,-1.01,-0.31,-0.13,85.35,63.30,-10.50,28.22,-1000.28,-20.50,5.98,166.25,-822.50,-385.0,1,52.531,"
1784211415.9320614,"01/01/2000,02:44:36.71,-888.67,-86.43,-451.66,1.63,-0.10,3.13,85.35,65.25,-11.25,28.17,-1000.40,-20.50,5.98,236.25,-892.50,-297.50,1,52.529,"
1784211415.9422529,"01/01/2000,02:44:36.73,-891.11,-87.89,-440.92,0.18,-1.28,-2.43,85.95,64.20,-11.55,28.32,-1000.64,-20.50,5.98,315.0,-770.0,-350.0,1,52.528,"
1784211415.9629457,"01/01/2000,02:44:36.75,-898.44,-91.31,-460.45,-0.30,0.19,1.85,85.95,63.90,-12.30,28.37,-1000.52,-20.50,6.10,271.25,-752.50,-245.0,1,52.546,"
1784211416.00436,"01/01/2000,02:44:36.79,-893.07,-90.82,-449.22,1.53,0.45,-2.01,87.0,65.70,-11.70,27.98,-1000.16,-20.62,6.10,393.75,-848.75,-253.75,1,52.542,"
1784211416.0249581,"01/01/2000,02:44:36.81,-900.39,-86.91,-455.08,1.87,1.92,-0.62,87.0,65.70,-11.70,27.98,-1000.16,-20.74,5.98,166.25,-927.50,-236.25,1,52.540,"
1784211416.0352697,"01/01/2000,02:44:36.82,-893.55,-78.61,-452.15,0.98,-0.18,0.32,85.80,63.30,-11.70,28.37,-1000.28,-20.62,5.98,297.50,-857.50,-297.50,1,52.538,"
1784211416.0559971,"01/01/2000,02:44:36.84,-890.63,-77.64,-453.61,-0.21,0.19,0.74,87.15,65.10,-11.85,27.98,-1000.28,-20.62,5.86,201.25,-883.75,-315.0,1,52.536,"
1784211416.0873382,"01/01/2000,02:44:36.88,-892.09,-90.82,-458.50,0.41,-0.59,-0.92,86.10,64.80,-11.70,28.37,-1000.28,-20.50,6.34,280.0,-866.25,-376.25,1,52.552,"
1784211416.1181386,"01/01/2000,02:44:36.90,-889.16,-89.84,-467.77,0.05,1.32,-1.56,86.40,63.90,-12.30,28.32,-1000.16,-20.50,6.34,245.0,-936.25,-402.50,1,52.530,"
1784211416.128665,"01/01/2000,02:44:36.92,-899.90,-88.38,-461.91,0.79,0.07,-1.24,86.40,64.65,-11.10,28.37,-1000.03,-20.50,6.34,245.0,-883.75,-376.25,1,52.548,"
1784211416.1494486,"01/01/2000,02:44:36.94,-894.53,-89.36,-454.10,3.08,-1.37,1.82,86.40,63.90,-11.85,28.22,-1000.16,-20.50,6.34,157.50,-980.0,-393.75,1,52.546,"
1784211416.1702251,"01/01/2000,02:44:36.95,-890.63,-94.24,-452.15,-0.42,-0.68,-0.31,85.80,64.05,-10.95,28.37,-1000.28,-20.37,6.22,288.75,-822.50,-306.25,1,52.544,"
1784211416.190884,"01/01/2000,02:44:36.97,-889.16,-93.26,-454.10,-0.36,-1.19,0.37,85.95,64.65,-11.10,28.32,-1000.16,-20.50,6.22,148.75,-875.0,-341.25,1,52.542,"
1784211416.2119265,"01/01/2000,02:44:36.99,-898.93,-93.26,-460.45,-0.52,-0.21,-0.02,85.20,63.45,-11.55,28.17,-1000.03,-20.62,6.10,367.50,-770.0,-428.75,1,52.540,"
1784211416.2224374,"01/01/2000,02:44:37.01,-891.11,-90.82,-454.10,3.40,-1.29,-0.43,86.70,64.20,-11.85,28.22,-1000.16,-20.50,6.10,262.50,-857.50,-315.0,1,52.539,"
1784211416.2433004,"01/01/2000,02:44:37.03,-912.11,-85.94,-452.15,0.34,1.46,-2.45,85.80,63.60,-11.25,28.08,-1000.03,-20.74,6.10,236.25,-840.0,-271.25,1,52.537,"
1784211416.2762945,"01/01/2000,02:44:37.07,-894.04,-88.38,-438.48,2.26,-1.31,-0.47,87.75,63.60,-12.90,28.08,-1000.28,-20.62,6.10,175.0,-822.50,-420.0,1,52.553,"
1784211416.3050258,"01/01/2000,02:44:37.08,-894.53,-82.52,-460.45,-1.26,-0.26,2.78,87.75,63.60,-12.90,28.03,-1000.16,-20.74,6.10,280.0,-866.25,-262.50,1,52.551,"
1784211416.336445,"01/01/2000,02:44:37.11,-893.07,-94.24,-438.48,-0.27,-0.08,-1.34,84.0,64.20,-9.30,28.03,-1000.16,-20.62,6.10,183.75,-761.25,-306.25,1,52.529,"
1784211416.3468945,"01/01/2000,02:44:37.14,-900.88,-94.73,-449.22,-0.89,-0.89,-1.17,87.0,64.05,-12.45,28.03,-1000.28,-20.50,6.22,166.25,-840.0,-288.75,1,52.527,"
1784211416.366894,"01/01/2000,02:44:37.15,-880.37,-100.10,-445.31,-2.15,0.34,0.23,85.95,65.40,-11.10,27.98,-1000.40,-20.62,6.10,271.25,-848.75,-262.50,1,52.525,"
1784211416.4086132,"01/01/2000,02:44:37.19,-886.72,-96.68,-440.43,0.14,-0.04,-0.72,87.15,64.20,-12.30,28.22,-1000.16,-20.62,6.10,280.0,-831.25,-367.50,1,52.521,"
1784211416.429249,"01/01/2000,02:44:37.21,-889.16,-98.63,-456.05,1.03,1.37,-0.85,87.90,64.20,-11.10,28.08,-1000.16,-20.62,5.98,131.25,-918.75,-323.75,1,52.520,"
1784211416.4396317,"01/01/2000,02:44:37.23,-901.37,-85.94,-451.17,-1.50,1.78,-0.48,85.80,63.30,-11.70,27.98,-1000.28,-20.74,5.98,253.75,-918.75,-306.25,1,52.537,"
1784211416.4606023,"01/01/2000,02:44:37.25,-889.65,-85.45,-455.57,0.08,-0.60,-0.77,87.30,64.05,-11.25,28.37,-1000.16,-20.62,6.10,183.75,-831.25,-306.25,1,52.535,"
1784211416.5022497,"01/01/2000,02:44:37.28,-898.93,-105.47,-454.10,-1.05,-0.47,-0.02,85.35,64.50,-10.95,28.37,-1000.03,-20.50,6.22,210.0,-857.50,-350.0,1,52.532,"
1784211416.5228004,"01/01/2000,02:44:37.30,-889.65,-93.26,-461.43,0.13,-0.25,-0.40,86.10,63.30,-10.95,28.37,-999.91,-20.50,6.22,210.0,-813.75,-350.0,1,52.530,"
1784211416.5333893,"01/01/2000,02:44:37.32,-886.23,-94.24,-457.03,-1.65,-0.22,0.41,87.45,64.20,-11.85,28.22,-999.79,-20.74,5.98,140.0,-796.25,-280.0,1,52.528,"
1784211416.5571601,"01/01/2000,02:44:37.34,-897.95,-79.10,-456.05,-0.37,-1.98,0.20,85.80,64.05,-11.70,28.37,-999.79,-20.74,5.98,131.25,-778.75,-315.0,1,52.526,"
1784211416.5850945,"01/01/2000,02:44:37.38,-882.81,-86.43,-456.54,-0.76,0.41,0.03,86.10,64.50,-11.25,28.32,-1000.16,-20.62,6.10,315.0,-840.0,-271.25,1,52.542,"
1784211416.6165447,"01/01/2000,02:44:37.40,-907.71,-88.87,-449.71,1.80,-2.76,0.51,86.55,63.60,-11.70,28.32,-1000.03,-20.50,6.10,262.50,-735.0,-262.50,1,52.540,"
1784211416.6271262,"01/01/2000,02:44:37.41,-893.07,-90.33,-452.15,2.0,-0.26,-1.18,85.95,64.20,-10.80,28.37,-1000.03,-20.50,5.98,201.25,-848.75,-253.75,1,52.538,"
1784211416.6478515,"01/01/2000,02:44:37.43,-901.86,-92.29,-451.17,1.18,1.62,-0.95,85.35,63.30,-12.15,28.32,-1000.03,-20.50,6.10,183.75,-708.75,-341.25,1,52.536,"
1784211416.6805992,"01/01/2000,02:44:37.47,-898.44,-88.87,-444.34,1.25,-0.06,-1.64,85.65,66.30,-9.60,28.03,-1000.16,-20.37,5.86,210.0,-796.25,-271.25,1,52.532,"
1784211416.7099483,"01/01/2000,02:44:37.49,-895.51,-82.52,-445.80,1.53,-1.27,-0.72,86.70,63.90,-12.30,28.32,-1000.03,-20.37,5.98,218.75,-857.50,-315.0,1,52.550,"
1784211416.7203963,"01/01/2000,02:44:37.51,-895.51,-86.91,-448.24,1.61,1.47,-0.24,86.70,64.20,-11.85,28.22,-1000.03,-20.50,6.10,253.75,-883.75,-271.25,1,52.548,"
1784211416.7425416,"01/01/2000,02:44:37.53,-894.53,-89.36,-451.66,1.37,-0.27,1.90,85.35,62.10,-10.20,27.98,-1000.03,-20.62,5.98,288.75,-796.25,-350.0,1,52.546,"
1784211416.7620966,"01/01/2000,02:44:37.55,-889.65,-96.19,-458.98,1.69,-0.43,1.69,85.35,62.10,-10.20,28.37,-1000.03,-20.62,6.10,262.50,-752.50,-358.75,1,52.544,"
1784211416.7848918,"01/01/2000,02:44:37.56,-905.27,-91.80,-448.24,1.82,0.17,0.59,85.80,64.05,-11.25,28.03,-1000.03,-20.50,6.10,341.25,-743.75,-393.75,1,52.542,"
1784211416.8003666,"01/01/2000,02:44:37.58,-901.86,-77.15,-452.64,2.85,1.01,-1.23,86.40,64.20,-12.30,28.32,-1000.03,-20.50,6.22,201.25,-848.75,-297.50,1,52.541,"
1784211416.8207955,"01/01/2000,02:44:37.60,-905.76,-82.52,-452.64,2.35,0.57,2.01,85.95,63.90,-11.85,28.03,-1000.16,-20.50,5.98,218.75,-787.50,-297.50,1,52.539,"
1784211416.8620696,"01/01/2000,02:44:37.65,-895.02,-91.80,-442.87,2.92,0.63,-0.21,85.65,61.80,-9.60,27.89,-1000.03,-20.74,6.10,210.0,-796.25,-306.25,1,52.535,"
1784211416.8831072,"01/01/2000,02:44:37.67,-891.60,-84.96,-454.10,-0.77,-1.58,0.61,86.10,63.60,-12.15,28.22,-1000.03,-20.74,6.10,253.75,-901.25,-385.0,1,52.533,"
1784211416.9037814,"01/01/2000,02:44:37.69,-900.39,-89.84,-443.36,2.06,2.24,-2.42,86.10,63.60,-12.15,28.32,-1000.16,-20.74,6.10,271.25,-840.0,-297.50,1,52.531,"
1784211416.9142756,"01/01/2000,02:44:37.70,-896.97,-77.64,-453.13,1.46,1.06,1.73,87.0,64.05,-10.95,28.37,-1000.16,-20.74,5.98,262.50,-735.0,-341.25,1,52.529,"
1784211416.9582481,"01/01/2000,02:44:37.74,-902.34,-97.66,-454.59,-0.22,0.73,1.0,85.35,65.25,-11.25,28.32,-1000.16,-20.86,5.98,297.50,-805.0,-297.50,1,52.526,"
1784211416.9769807,"01/01/2000,02:44:37.76,-884.28,-92.29,-451.66,1.23,-0.47,-0.21,86.40,66.30,-11.55,28.03,-999.91,-20.74,5.98,315.0,-875.0,-376.25,1,52.524,"
1784211416.9872444,"01/01/2000,02:44:37.78,-900.88,-86.43,-447.27,2.36,1.23,-0.10,86.70,64.65,-11.55,28.32,-1000.03,-20.86,5.86,332.50,-787.50,-288.75,1,52.541,"
1784211417.008008,"01/01/2000,02:44:37.80,-887.70,-83.50,-452.15,0.50,0.58,0.93,86.70,63.90,-10.35,27.98,-1000.16,-20.98,5.86,227.50,-770.0,-472.50,1,52.539,"
1784211417.0390205,"01/01/2000,02:44:37.82,-903.81,-83.98,-459.96,1.90,-1.11,-0.22,85.20,64.20,-10.35,28.17,-1000.03,-20.86,5.73,227.50,-866.25,-306.25,1,52.537,"
1784211417.0494738,"01/01/2000,02:44:37.83,-899.90,-84.96,-446.29,1.0,1.0,2.73,85.95,63.90,-11.55,28.03,-999.91,-20.98,5.86,271.25,-796.25,-271.25,1,52.536,"
1784211417.0704362,"01/01/2000,02:44:37.85,-890.63,-89.36,-458.98,-2.35,-0.16,0.34,85.65,65.10,-11.10,28.37,-999.79,-20.86,5.86,262.50,-831.25,-350.0,1,52.534,"
1784211417.0810707,"01/01/2000,02:44:37.87,-897.46,-94.24,-452.64,-1.57,0.47,1.52,86.55,63.30,-11.25,28.41,-999.79,-20.98,5.98,236.25,-848.75,-393.75,1,52.532,"
1784211417.1015725,"01/01/2000,02:44:37.89,-901.37,-91.80,-451.66,1.40,1.02,-0.89,85.05,64.05,-10.50,28.37,-999.79,-20.98,5.86,306.25,-831.25,-315.0,1,52.530,"
1784211417.1327105,"01/01/2000,02:44:37.93,-893.07,-83.01,-445.31,-2.06,-0.91,-2.05,85.65,64.65,-12.60,28.37,-999.79,-20.98,6.10,218.75,-857.50,-306.25,1,52.545,"
1784211417.1631873,"01/01/2000,02:44:37.95,-896.48,-96.68,-436.04,3.63,-1.37,-0.31,85.35,64.05,-11.70,28.17,-999.91,-20.86,6.10,262.50,-875.0,-376.25,1,52.544,"
1784211417.1734166,"01/01/2000,02:44:37.96,-903.32,-98.63,-449.71,1.36,1.85,-1.39,83.40,62.85,-9.0,28.51,-999.79,-20.74,6.10,236.25,-831.25,-306.25,1,52.542,"
1784211417.1943364,"01/01/2000,02:44:37.98,-903.81,-82.03,-450.68,0.17,1.37,-0.29,85.80,62.85,-10.50,28.03,-999.91,-20.74,6.10,166.25,-778.75,-350.0,1,52.540,"
1784211417.2362032,"01/01/2000,02:44:38.02,-896.00,-83.01,-447.27,1.10,-0.38,1.25,86.10,64.05,-11.25,28.22,-1000.03,-20.74,5.86,245.0,-822.50,-271.25,1,52.536,"
1784211417.2583895,"01/01/2000,02:44:38.04,-885.25,-84.47,-441.89,2.49,-1.21,0.63,86.10,66.0,-11.25,27.98,-1000.16,-20.74,5.73,140.0,-892.50,-341.25,1,52.553,"
1784211417.2674072,"01/01/2000,02:44:38.05,-886.72,-78.61,-443.85,2.15,-1.92,-1.60,86.10,66.0,-11.25,28.37,-1000.03,-20.62,5.73,253.75,-910.0,-297.50,1,52.552,"
1784211417.2882826,"01/01/2000,02:44:38.08,-885.74,-84.96,-450.20,0.68,-0.89,0.45,86.40,63.90,-11.55,28.37,-1000.03,-20.62,5.73,332.50,-936.25,-350.0,1,52.550,"
1784211417.319467,"01/01/2000,02:44:38.11,-889.16,-84.47,-448.24,2.49,0.67,0.19,86.55,63.60,-11.70,28.37,-1000.16,-20.74,5.86,280.0,-857.50,-341.25,1,52.546,"
1784211417.350746,"01/01/2000,02:44:38.14,-912.60,-104.00,-457.03,2.19,-1.60,0.78,85.05,64.50,-9.45,28.22,-1000.03,-20.62,5.98,245.0,-875.0,-315.0,1,52.544,"
1784211417.3922386,"01/01/2000,02:44:38.18,-894.04,-79.59,-455.57,-1.39,1.20,1.60,83.85,64.05,-11.70,28.03,-1000.16,-20.74,5.86,201.25,-883.75,-350.0,1,52.541,"
1784211417.4133646,"01/01/2000,02:44:38.19,-890.63,-90.82,-456.54,0.05,-0.47,-0.31,86.10,64.05,-11.25,28.03,-1000.16,-20.62,5.98,280.0,-927.50,-341.25,1,52.539,"
1784211417.4237406,"01/01/2000,02:44:38.22,-912.11,-94.73,-454.59,1.27,-0.21,-2.06,85.05,65.70,-10.95,28.17,-1000.28,-20.50,6.10,315.0,-735.0,-341.25,1,52.537,"
1784211417.4442923,"01/01/2000,02:44:38.23,-899.41,-87.40,-459.47,-0.05,0.66,-0.22,86.10,64.80,-10.95,28.08,-1000.40,-20.74,6.22,175.0,-822.50,-358.75,1,52.535,"
1784211417.4776871,"01/01/2000,02:44:38.27,-882.81,-82.52,-450.20,0.12,-0.37,0.60,85.80,66.0,-10.95,28.41,-1000.28,-20.62,5.98,315.0,-813.75,-455.0,1,52.550,"
1784211417.5065725,"01/01/2000,02:44:38.29,-896.00,-85.94,-440.92,0.37,0.28,2.0,87.45,63.0,-11.10,27.89,-1000.28,-20.62,5.98,323.75,-796.25,-385.0,1,52.548,"
1784211417.517092,"01/01/2000,02:44:38.31,-881.35,-93.75,-455.08,1.05,2.16,-0.60,86.10,62.85,-10.95,28.32,-1000.40,-20.62,6.10,306.25,-831.25,-358.75,1,52.547,"
1784211417.5381541,"01/01/2000,02:44:38.32,-898.44,-100.59,-451.66,2.31,0.27,-1.67,86.55,65.70,-10.95,28.32,-1000.40,-20.62,6.22,402.50,-787.50,-376.25,1,52.545,"
1784211417.5795515,"01/01/2000,02:44:38.36,-892.09,-95.21,-446.29,-0.79,1.40,-1.43,85.65,64.65,-11.55,28.37,-1000.40,-20.74,6.22,245.0,-752.50,-306.25,1,52.541,"
1784211417.6000507,"01/01/2000,02:44:38.38,-896.97,-84.96,-446.78,-0.63,0.12,-1.31,85.80,64.05,-12.45,28.22,-1000.28,-20.62,6.10,297.50,-927.50,-236.25,1,52.539,"
1784211417.6104221,"01/01/2000,02:44:38.40,-886.23,-100.10,-458.98,2.24,-0.34,0.82,85.95,64.65,-11.10,28.41,-1000.16,-20.50,6.10,218.75,-883.75,-280.0,1,52.556,"
1784211417.6312842,"01/01/2000,02:44:38.42,-888.67,-94.24,-443.36,1.65,0.74,0.89,85.35,62.85,-13.20,28.22,-1000.16,-20.62,5.98,288.75,-910.0,-210.0,1,52.536,"
1784211417.6641703,"01/01/2000,02:44:38.45,-890.63,-96.68,-465.33,2.0,0.21,0.01,85.20,63.45,-12.30,28.32,-1000.16,-20.50,5.86,148.75,-848.75,-411.25,1,52.551,"
1784211417.69434,"01/01/2000,02:44:38.47,-897.46,-84.96,-457.03,2.22,-2.07,0.01,85.35,64.05,-11.70,28.37,-1000.16,-20.50,5.98,350.0,-726.25,-288.75,1,52.549,"
1784211417.703832,"01/01/2000,02:44:38.49,-894.04,-104.00,-454.10,-0.54,1.07,-0.13,87.45,63.90,-11.55,28.37,-999.91,-20.37,5.98,262.50,-866.25,-402.50,1,52.547,"
1784211417.727057,"01/01/2000,02:44:38.51,-903.81,-89.36,-456.54,0.72,-1.75,-1.84,86.10,64.50,-12.45,28.08,-999.91,-20.50,5.98,122.50,-796.25,-262.50,1,52.545,"
1784211417.7456415,"01/01/2000,02:44:38.53,-893.55,-102.05,-444.34,0.83,0.42,-1.07,87.15,65.40,-10.05,28.17,-1000.16,-20.50,5.98,245.0,-805.0,-358.75,1,52.562,"
1784211417.7692103,"01/01/2000,02:44:38.55,-896.97,-96.19,-440.92,-0.36,-0.93,0.76,87.15,64.65,-11.55,28.37,-1000.16,-20.74,6.10,236.25,-831.25,-262.50,1,52.560,"
1784211417.7834666,"01/01/2000,02:44:38.57,-905.27,-83.50,-442.87,0.90,0.11,0.96,86.40,63.45,-11.10,28.22,-1000.28,-20.62,6.10,218.75,-883.75,-218.75,1,52.559,"
1784211417.804086,"01/01/2000,02:44:38.59,-898.93,-91.80,-442.87,-1.54,0.27,0.83,86.40,63.45,-11.10,27.89,-1000.28,-20.74,6.10,210.0,-805.0,-341.25,1,52.557,"
1784211417.8143754,"01/01/2000,02:44:38.60,-893.55,-87.89,-437.01,-0.76,0.69,1.40,85.05,64.80,-12.15,28.37,-1000.16,-20.86,6.34,183.75,-813.75,-280.0,1,52.555,"
1784211417.8351347,"01/01/2000,02:44:38.62,-893.55,-97.17,-458.01,1.67,-0.53,1.16,86.10,64.50,-10.20,28.32,-1000.03,-20.74,6.22,87.50,-971.25,-306.25,1,52.553,"
1784211417.8665419,"01/01/2000,02:44:38.65,-896.48,-105.96,-453.61,0.24,-1.22,-0.34,88.50,63.30,-10.50,28.32,-1000.16,-20.74,6.10,201.25,-796.25,-358.75,1,52.551,"
1784211417.8869731,"01/01/2000,02:44:38.67,-883.79,-81.05,-456.54,-0.40,-0.13,1.73,85.95,63.0,-11.10,28.37,-1000.03,-20.62,6.34,218.75,-901.25,-306.25,1,52.531,"
1784211417.9077694,"01/01/2000,02:44:38.69,-888.67,-81.05,-452.15,0.20,0.67,0.15,86.70,65.40,-11.85,28.22,-1000.16,-20.62,6.47,236.25,-857.50,-315.0,1,52.529,"
1784211417.9282553,"01/01/2000,02:44:38.71,-897.95,-87.89,-448.73,1.13,-1.06,-0.76,86.55,64.05,-12.15,28.22,-1000.16,-20.50,6.34,315.0,-892.50,-367.50,1,52.546,"
1784211417.9384253,"01/01/2000,02:44:38.73,-888.18,-90.82,-462.89,1.55,-0.55,0.21,86.55,64.05,-12.15,28.37,-1000.16,-20.37,6.34,288.75,-805.0,-315.0,1,52.544,"
1784211417.9600828,"01/01/2000,02:44:38.74,-904.30,-92.77,-455.57,-0.16,-0.96,-0.76,85.80,65.25,-12.45,28.22,-1000.16,-20.37,6.34,227.50,-866.25,-358.75,1,52.542,"
1784211418.0005875,"01/01/2000,02:44:38.78,-907.71,-100.10,-452.64,0.12,0.32,-1.34,86.40,63.90,-12.60,28.08,-1000.16,-20.62,6.10,358.75,-796.25,-280.0,1,52.539,"
1784211418.0213256,"01/01/2000,02:44:38.80,-900.88,-99.61,-455.57,0.29,0.10,-1.73,85.80,64.05,-12.45,28.22,-1000.28,-20.74,6.10,332.50,-883.75,-288.75,1,52.537,"
1784211418.0348225,"01/01/2000,02:44:38.82,-893.55,-91.80,-441.41,0.69,-0.67,0.31,87.75,64.80,-10.50,28.17,-1000.28,-20.86,6.10,350.0,-813.75,-323.75,1,52.554,"
1784211418.0560682,"01/01/2000,02:44:38.84,-908.20,-82.03,-448.73,0.82,-0.10,-0.47,85.80,63.60,-9.75,28.03,-1000.16,-20.74,6.10,288.75,-778.75,-350.0,1,52.552,"
1784211418.065839,"01/01/2000,02:44:38.86,-888.67,-95.21,-445.31,-0.24,0.95,-1.85,86.70,63.0,-10.35,27.98,-1000.16,-20.74,5.98,253.75,-892.50,-341.25,1,52.550,"
1784211418.0868814,"01/01/2000,02:44:38.87,-886.23,-72.27,-456.05,2.34,0.44,-0.61,86.55,65.25,-11.70,28.17,-1000.16,-20.62,5.98,288.75,-892.50,-201.25,1,52.548,"
1784211418.1285465,"01/01/2000,02:44:38.91,-891.60,-82.52,-455.57,0.32,0.96,0.50,86.55,65.25,-11.70,28.56,-1000.16,-20.74,6.34,306.25,-848.75,-385.0,1,52.545,"
1784211418.1490808,"01/01/2000,02:44:38.93,-897.95,-99.12,-453.61,1.19,0.35,-1.48,86.70,63.90,-11.10,28.37,-1000.03,-20.74,6.47,385.0,-778.75,-280.0,1,52.543,"
1784211418.1605735,"01/01/2000,02:44:38.95,-897.46,-90.33,-453.61,1.32,-1.57,-0.06,86.70,63.90,-10.80,28.32,-1000.16,-20.62,6.34,96.25,-822.50,-297.50,1,52.560,"
1784211418.1801722,"01/01/2000,02:44:38.97,-901.86,-84.96,-447.75,0.08,-0.92,-1.07,87.0,64.05,-11.25,28.41,-1000.16,-20.62,6.22,183.75,-822.50,-271.25,1,52.558,"
1784211418.2216127,"01/01/2000,02:44:39.00,-889.65,-94.24,-458.50,-1.02,-0.96,0.18,86.55,64.05,-10.95,28.32,-1000.03,-20.62,6.10,280.0,-918.75,-297.50,1,52.554,"
1784211418.242342,"01/01/2000,02:44:39.02,-896.97,-89.84,-449.22,2.66,-0.82,-0.19,85.95,63.90,-12.30,28.37,-1000.28,-20.50,6.10,306.25,-805.0,-341.25,1,52.552,"
1784211418.2606707,"01/01/2000,02:44:39.04,-894.53,-88.38,-460.45,0.42,0.87,2.18,86.10,62.10,-10.50,28.17,-1000.28,-20.62,6.10,218.75,-813.75,-306.25,1,52.551,"
1784211418.2730057,"01/01/2000,02:44:39.06,-895.51,-89.84,-451.66,1.15,-1.79,-2.47,86.10,65.25,-12.15,28.17,-1000.28,-20.62,6.10,262.50,-883.75,-332.50,1,52.549,"
1784211418.3043811,"01/01/2000,02:44:39.08,-892.09,-83.01,-454.59,-0.61,2.47,1.15,85.65,64.20,-11.55,28.37,-1000.28,-20.62,6.10,297.50,-831.25,-306.25,1,52.565,"
1784211418.3148062,"01/01/2000,02:44:39.10,-900.39,-88.87,-455.57,-1.08,-0.27,1.47,87.75,64.05,-12.90,27.98,-999.91,-20.74,6.10,218.75,-805.0,-280.0,1,52.545,"
1784211418.3354645,"01/01/2000,02:44:39.12,-908.20,-83.01,-443.36,-1.46,0.71,0.04,85.20,63.45,-9.30,28.32,-1000.16,-20.74,5.98,245.0,-831.25,-306.25,1,52.562,"
1784211418.346046,"01/01/2000,02:44:39.13,-893.55,-87.89,-459.47,-2.24,-0.27,-1.45,85.20,66.30,-10.35,28.22,-1000.28,-20.74,5.86,175.0,-805.0,-288.75,1,52.560,"
1784211418.3767457,"01/01/2000,02:44:39.16,-900.39,-93.75,-461.43,0.25,0.45,-0.73,86.70,64.20,-11.85,28.17,-1000.64,-20.74,5.98,236.25,-770.0,-385.0,1,52.558,"
1784211418.3973155,"01/01/2000,02:44:39.18,-895.02,-87.40,-458.01,0.55,-0.30,0.68,87.30,64.50,-10.20,27.98,-1000.40,-20.74,6.10,253.75,-691.25,-411.25,1,52.538,"
1784211418.4182277,"01/01/2000,02:44:39.20,-899.90,-92.29,-446.29,-1.63,1.05,0.17,86.55,64.05,-10.95,28.22,-1000.28,-20.74,5.98,245.0,-796.25,-332.50,1,52.536,"
1784211418.4304428,"01/01/2000,02:44:39.22,-892.58,-87.89,-442.38,0.04,0.92,2.18,85.95,64.65,-11.55,28.08,-1000.03,-20.50,5.86,192.50,-840.0,-358.75,1,52.553,"
1784211418.4594474,"01/01/2000,02:44:39.24,-904.79,-89.84,-453.13,-0.71,0.31,0.24,84.75,64.65,-9.60,28.03,-1000.03,-20.62,5.86,367.50,-717.50,-288.75,1,52.551,"
1784211418.4696033,"01/01/2000,02:44:39.26,-888.18,-89.84,-455.57,-3.04,0.47,2.63,85.65,64.20,-11.85,28.03,-1000.16,-20.50,5.86,236.25,-866.25,-358.75,1,52.549,"
1784211418.490438,"01/01/2000,02:44:39.27,-901.37,-87.40,-451.66,-0.50,2.43,-0.60,85.80,64.50,-11.70,28.37,-1000.16,-20.62,5.98,428.75,-962.50,-280.0,1,52.548,"
1784211418.5007987,"01/01/2000,02:44:39.29,-890.14,-91.31,-451.66,2.27,0.69,-1.44,86.10,64.05,-12.15,28.41,-1000.16,-20.62,5.98,323.75,-813.75,-245.0,1,52.546,"
1784211418.521786,"01/01/2000,02:44:39.31,-885.25,-85.94,-460.94,2.29,-1.73,-0.49,85.65,63.0,-12.60,28.37,-1000.16,-20.62,5.86,245.0,-892.50,-271.25,1,52.544,"
1784211418.5650365,"01/01/2000,02:44:39.35,-902.34,-102.54,-456.05,1.44,2.31,-1.58,85.80,63.30,-12.45,28.32,-999.91,-20.50,6.10,315.0,-980.0,-323.75,1,52.559,"
1784211418.5842886,"01/01/2000,02:44:39.37,-892.09,-98.14,-450.20,1.47,-1.08,-1.83,86.10,65.70,-10.95,28.08,-1000.28,-20.50,6.34,262.50,-875.0,-332.50,1,52.557,"
1784211418.6052148,"01/01/2000,02:44:39.39,-896.48,-80.57,-450.68,0.19,-1.03,0.50,85.95,63.90,-11.85,28.17,-1000.28,-20.74,6.47,288.75,-813.75,-376.25,1,52.555,"
1784211418.615316,"01/01/2000,02:44:39.41,-896.48,-89.36,-462.89,1.29,-2.15,0.50,86.55,63.30,-11.25,28.32,-1000.40,-20.86,6.34,253.75,-813.75,-367.50,1,52.553,"
1784211418.6462784,"01/01/2000,02:44:39.42,-875.0,-89.84,-449.71,0.88,-0.65,-1.37,85.95,65.10,-12.30,28.41,-1000.16,-20.86,6.34,437.50,-910.0,-262.50,1,52.552,"
1784211418.6567726,"01/01/2000,02:44:39.44,-895.02,-92.77,-456.54,-0.11,0.98,0.18,86.10,64.05,-8.70,27.98,-1000.03,-20.86,6.10,280.0,-805.0,-332.50,1,52.550,"
1784211418.6778333,"01/01/2000,02:44:39.46,-901.86,-88.38,-454.10,-1.13,-1.61,0.55,85.20,64.20,-10.80,28.32,-999.91,-20.74,6.10,236.25,-988.75,-271.25,1,52.548,"
1784211418.688407,"01/01/2000,02:44:39.48,-891.11,-99.61,-449.22,0.50,0.66,-1.56,84.45,64.20,-12.30,28.32,-1000.16,-20.74,6.10,297.50,-866.25,-262.50,1,52.565,"
1784211418.7092028,"01/01/2000,02:44:39.50,-895.51,-86.43,-446.29,1.11,-0.49,-1.24,85.95,63.90,-12.30,28.08,-1000.16,-20.74,5.86,315.0,-857.50,-280.0,1,52.563,"
1784211418.7517946,"01/01/2000,02:44:39.54,-897.46,-93.26,-447.27,0.96,-1.31,-0.40,84.45,62.70,-8.85,28.08,-1000.28,-20.74,5.86,227.50,-866.25,-297.50,1,52.559,"
1784211418.773857,"01/01/2000,02:44:39.55,-889.65,-81.54,-453.13,0.76,-1.47,1.47,84.75,63.90,-11.55,28.37,-1000.16,-20.74,5.86,201.25,-796.25,-402.50,1,52.558,"
1784211418.789813,"01/01/2000,02:44:39.57,-886.72,-89.84,-463.38,3.06,0.40,1.11,86.10,64.05,-10.50,27.98,-1000.28,-20.74,5.73,428.75,-805.0,-271.25,1,52.556,"
1784211418.800041,"01/01/2000,02:44:39.59,-893.55,-97.17,-457.52,-1.60,-0.74,0.50,85.65,63.90,-11.10,28.37,-1000.16,-20.74,5.86,148.75,-936.25,-411.25,1,52.554,"
1784211418.8230338,"01/01/2000,02:44:39.61,-912.60,-81.54,-447.27,-1.08,0.55,1.89,87.75,65.25,-12.45,28.22,-1000.16,-20.74,5.86,288.75,-831.25,-323.75,1,52.570,"
1784211418.8627748,"01/01/2000,02:44:39.65,-897.46,-89.84,-453.13,1.03,2.50,-2.54,85.65,65.40,-10.80,28.17,-1000.28,-20.74,6.10,306.25,-831.25,-350.0,1,52.567,"
1784211418.8837001,"01/01/2000,02:44:39.67,-889.16,-90.82,-456.05,0.96,-0.85,-0.58,86.10,65.70,-11.70,28.22,-1000.40,-20.62,5.86,271.25,-892.50,-306.25,1,52.547,"
1784211418.9146023,"01/01/2000,02:44:39.69,-896.97,-97.66,-452.64,0.76,-0.05,0.34,85.65,63.90,-12.30,28.32,-1000.40,-20.62,5.86,140.0,-778.75,-288.75,1,52.545,"
1784211418.9250572,"01/01/2000,02:44:39.71,-896.97,-89.36,-462.89,0.18,-1.33,-0.52,87.45,63.45,-10.80,28.32,-1000.40,-20.74,5.98,236.25,-708.75,-280.0,1,52.544,"
1784211418.94558,"01/01/2000,02:44:39.73,-900.88,-86.43,-447.75,1.53,0.95,2.82,86.40,63.90,-12.30,28.22,-1000.40,-20.86,6.10,280.0,-778.75,-350.0,1,52.542,"
1784211418.9765995,"01/01/2000,02:44:39.77,-903.81,-93.26,-438.96,3.0,-1.76,1.18,86.55,64.50,-10.20,28.37,-1000.40,-20.86,5.98,350.0,-787.50,-306.25,1,52.556,"
1784211419.008024,"01/01/2000,02:44:39.79,-897.95,-88.87,-451.66,0.74,0.36,0.91,86.40,62.70,-10.35,28.08,-1000.28,-20.74,5.86,236.25,-857.50,-341.25,1,52.554,"
1784211419.0181923,"01/01/2000,02:44:39.81,-884.77,-85.45,-456.54,-0.46,0.85,-0.37,85.35,64.05,-10.50,28.32,-1000.16,-20.74,5.86,245.0,-901.25,-385.0,1,52.553,"
1784211419.0390801,"01/01/2000,02:44:39.82,-895.51,-81.05,-457.03,0.96,0.08,-1.27,86.10,64.80,-11.70,28.22,-1000.28,-20.74,5.98,271.25,-752.50,-350.0,1,52.551,"
1784211419.0594828,"01/01/2000,02:44:39.84,-894.04,-91.80,-449.22,2.60,-0.20,-1.49,86.55,63.60,-11.70,28.22,-1000.16,-20.74,6.10,131.25,-927.50,-288.75,1,52.549,"
1784211419.0803049,"01/01/2000,02:44:39.86,-891.60,-86.91,-443.85,-2.28,-1.19,-2.63,85.95,64.65,-10.80,28.08,-1000.16,-20.50,6.22,175.0,-813.75,-393.75,1,52.548,"
1784211419.1012256,"01/01/2000,02:44:39.88,-894.04,-80.08,-444.82,0.05,-0.05,-0.65,85.65,65.85,-11.10,28.37,-1000.28,-20.50,6.10,297.50,-945.0,-323.75,1,52.546,"
1784211419.1116726,"01/01/2000,02:44:39.90,-899.41,-83.50,-455.08,0.56,2.22,-0.24,86.10,64.50,-10.95,28.08,-1000.28,-20.50,6.10,236.25,-805.0,-183.75,1,52.562,"
1784211419.1325202,"01/01/2000,02:44:39.92,-892.58,-89.84,-444.34,1.92,-0.35,-0.97,86.55,64.50,-11.70,28.22,-1000.16,-20.37,5.98,280.0,-770.0,-210.0,1,52.560,"
1784211419.1633844,"01/01/2000,02:44:39.96,-902.34,-89.36,-458.98,-0.18,-0.32,0.01,84.60,62.40,-9.0,28.08,-1000.16,-20.50,6.10,218.75,-831.25,-350.0,1,52.557,"
1784211419.1939495,"01/01/2000,02:44:39.97,-894.04,-80.57,-445.80,-0.24,-1.45,0.48,86.70,63.45,-12.60,28.08,-1000.16,-20.62,6.10,227.50,-848.75,-358.75,1,52.555,"
1784211419.2041261,"01/01/2000,02:44:39.99,-889.65,-92.77,-454.10,-0.53,-1.70,-0.79,86.10,64.80,-11.25,28.08,-1000.16,-20.50,6.22,148.75,-866.25,-315.0,1,52.553,"
1784211419.2250128,"01/01/2000,02:44:40.01,-871.58,-87.40,-443.85,0.44,-0.72,-0.34,84.45,63.45,-12.30,28.22,-1000.28,-20.50,6.10,358.75,-866.25,-332.50,1,52.552,"
1784211419.2460747,"01/01/2000,02:44:40.03,-905.76,-86.43,-447.75,-1.23,1.26,1.78,85.80,63.60,-12.45,28.32,-1000.16,-20.62,6.34,175.0,-866.25,-297.50,1,52.568,"
1784211419.2634957,"01/01/2000,02:44:40.05,-887.70,-84.96,-440.43,0.24,0.97,0.91,85.80,63.60,-12.45,28.37,-1000.16,-20.62,6.22,236.25,-857.50,-350.0,1,52.566,"
1784211419.277115,"01/01/2000,02:44:40.07,-905.27,-102.05,-450.68,0.47,0.07,0.39,86.70,65.10,-10.80,28.32,-1000.16,-20.50,6.22,280.0,-796.25,-341.25,1,52.564,"
1784211419.2978752,"01/01/2000,02:44:40.09,-906.25,-103.52,-455.08,0.70,-0.68,-0.01,85.95,63.45,-12.30,27.98,-999.91,-20.50,6.34,183.75,-813.75,-262.50,1,52.562,"
1784211419.3202982,"01/01/2000,02:44:40.10,-899.41,-86.43,-445.80,-0.41,-0.10,-0.05,85.05,63.30,-11.70,28.37,-1000.03,-20.50,6.22,218.75,-796.25,-350.0,1,52.561,"
1784211419.3291328,"01/01/2000,02:44:40.12,-902.83,-89.84,-460.94,1.44,2.26,1.82,85.35,63.60,-11.25,28.03,-1000.16,-20.74,6.22,210.0,-752.50,-306.25,1,52.559,"
1784211419.3502123,"01/01/2000,02:44:40.14,-885.25,-97.66,-460.94,-1.79,1.41,1.02,84.75,66.30,-11.10,28.22,-1000.28,-20.62,6.10,297.50,-822.50,-315.0,1,52.557,"
1784211419.3811243,"01/01/2000,02:44:40.16,-895.02,-98.63,-449.71,0.89,0.47,-0.40,85.65,65.10,-10.80,28.17,-1000.52,-20.50,6.10,350.0,-805.0,-280.0,1,52.573,"
1784211419.3913245,"01/01/2000,02:44:40.18,-891.60,-88.38,-449.22,0.41,-0.84,-0.75,86.40,64.65,-11.85,28.37,-1000.28,-20.62,5.98,201.25,-840.0,-341.25,1,52.554,"
1784211419.4232266,"01/01/2000,02:44:40.21,-896.97,-96.19,-445.80,-0.90,0.08,1.21,85.65,63.45,-11.10,28.22,-1000.16,-20.62,5.86,70.0,-953.75,-376.25,1,52.552,"
1784211419.4433672,"01/01/2000,02:44:40.22,-891.11,-75.20,-449.22,0.49,1.65,0.17,85.95,63.90,-12.30,28.41,-1000.16,-20.62,6.10,271.25,-831.25,-358.75,1,52.550,"
1784211419.4537613,"01/01/2000,02:44:40.24,-891.11,-85.45,-456.05,1.02,0.39,0.40,86.55,66.0,-11.25,28.32,-1000.28,-20.50,5.86,245.0,-770.0,-332.50,1,52.549,"
1784211419.474772,"01/01/2000,02:44:40.26,-895.51,-79.59,-448.24,1.46,1.24,-0.76,87.0,66.45,-11.70,28.22,-1000.40,-20.50,5.86,157.50,-831.25,-306.25,1,52.565,"
1784211419.505664,"01/01/2000,02:44:40.30,-899.41,-98.14,-446.78,0.05,1.05,-0.43,85.95,66.30,-11.55,28.32,-1000.16,-20.50,5.86,218.75,-831.25,-358.75,1,52.561,"
1784211419.5366194,"01/01/2000,02:44:40.32,-896.00,-90.82,-452.15,1.71,-0.79,1.09,86.40,64.65,-13.35,28.32,-1000.03,-20.50,6.10,288.75,-831.25,-271.25,1,52.559,"
1784211419.5571997,"01/01/2000,02:44:40.34,-879.88,-82.03,-459.96,-0.41,0.53,1.06,87.15,65.10,-10.80,27.98,-999.91,-20.50,6.22,271.25,-805.0,-315.0,1,52.558,"
1784211419.567594,"01/01/2000,02:44:40.35,-903.81,-87.89,-445.80,1.82,-0.56,-2.11,86.70,65.40,-11.85,28.17,-1000.03,-20.50,6.22,245.0,-787.50,-367.50,1,52.556,"
1784211419.5880232,"01/01/2000,02:44:40.37,-904.79,-86.91,-463.38,1.18,0.06,-1.87,85.65,64.20,-11.10,28.37,-999.91,-20.62,6.22,262.50,-848.75,-411.25,1,52.554,"
1784211419.59856,"01/01/2000,02:44:40.39,-902.34,-80.57,-443.36,1.50,0.76,1.05,85.65,65.10,-11.55,28.56,-999.91,-20.50,6.10,245.0,-822.50,-341.25,1,52.570,"
1784211419.619312,"01/01/2000,02:44:40.41,-900.88,-95.21,-456.54,0.41,-0.39,-0.50,85.95,65.40,-10.35,28.56,-1000.28,-20.62,5.86,245.0,-945.0,-297.50,1,52.551,"
1784211419.6603897,"01/01/2000,02:44:40.45,-894.53,-89.84,-453.13,0.30,-0.02,1.63,85.80,64.05,-10.20,28.41,-1000.28,-20.62,6.10,262.50,-875.0,-385.0,1,52.565,"
1784211419.6814318,"01/01/2000,02:44:40.46,-896.00,-106.45,-462.40,-1.20,-0.66,-1.40,87.75,64.50,-10.20,28.32,-1000.16,-20.74,6.10,297.50,-997.50,-402.50,1,52.563,"
1784211419.7021139,"01/01/2000,02:44:40.48,-893.55,-90.82,-457.03,0.78,1.44,-0.72,86.40,64.65,-11.10,28.37,-1000.16,-20.86,6.10,236.25,-831.25,-385.0,1,52.562,"
1784211419.71255,"01/01/2000,02:44:40.50,-893.55,-87.40,-455.08,-0.51,-0.85,-1.01,86.55,63.60,-12.45,28.37,-1000.16,-20.74,6.22,385.0,-805.0,-341.25,1,52.560,"
1784211419.7452922,"01/01/2000,02:44:40.52,-910.16,-89.36,-459.47,-3.20,-0.66,2.67,85.95,63.90,-12.60,28.37,-1000.28,-20.74,6.22,288.75,-831.25,-306.25,1,52.558,"
1784211419.758519,"01/01/2000,02:44:40.54,-896.48,-88.87,-446.78,0.18,-0.66,0.08,85.35,63.30,-11.70,28.17,-1000.28,-20.74,6.22,288.75,-866.25,-315.0,1,52.556,"
1784211419.77668,"01/01/2000,02:44:40.56,-901.86,-85.45,-455.57,2.65,-0.34,-1.37,85.95,63.90,-10.35,27.98,-1000.16,-20.62,6.10,236.25,-831.25,-323.75,1,52.572,"
1784211419.7895498,"01/01/2000,02:44:40.58,-899.41,-86.91,-447.75,1.14,2.69,1.0,85.95,63.90,-10.35,28.37,-1000.28,-20.74,6.10,140.0,-770.0,-280.0,1,52.570,"
1784211419.8308723,"01/01/2000,02:44:40.61,-886.23,-84.47,-447.75,1.92,0.02,0.89,85.80,64.50,-10.50,28.41,-1000.28,-20.62,5.98,183.75,-726.25,-288.75,1,52.567,"
1784211419.8513775,"01/01/2000,02:44:40.63,-886.72,-90.33,-459.47,1.18,0.26,-1.39,86.70,64.65,-11.10,28.22,-1000.16,-20.74,5.98,192.50,-875.0,-297.50,1,52.565,"
1784211419.8656218,"01/01/2000,02:44:40.65,-892.09,-80.57,-460.94,-0.08,-0.53,-4.66,85.80,64.80,-11.70,28.22,-1000.28,-20.74,6.22,210.0,-813.75,-297.50,1,52.564,"
1784211419.8828394,"01/01/2000,02:44:40.67,-885.74,-92.29,-447.75,-1.61,0.93,-2.43,87.0,64.80,-11.70,28.08,-1000.16,-20.74,6.10,332.50,-918.75,-367.50,1,52.579,"
1784211419.913947,"01/01/2000,02:44:40.69,-890.63,-87.89,-458.01,2.18,1.27,-1.54,87.0,63.30,-11.25,28.37,-1000.16,-20.86,5.98,332.50,-813.75,-288.75,1,52.560,"
1784211419.9242766,"01/01/2000,02:44:40.72,-897.95,-88.87,-453.13,0.15,1.91,-1.45,85.05,64.80,-9.45,28.32,-999.91,-20.98,5.98,210.0,-831.25,-332.50,1,52.559,"
1784211419.9450922,"01/01/2000,02:44:40.73,-905.76,-93.75,-458.01,0.93,1.94,-1.89,85.65,65.40,-10.80,28.32,-1000.16,-20.98,6.10,175.0,-735.0,-358.75,1,52.557,"
1784211419.986861,"01/01/2000,02:44:40.77,-896.00,-94.73,-452.64,2.85,1.48,1.73,86.10,63.60,-10.95,28.41,-1000.16,-20.74,6.10,393.75,-936.25,-280.0,1,52.554,"
1784211420.007434,"01/01/2000,02:44:40.79,-896.00,-90.33,-444.82,-0.12,0.58,0.18,86.10,63.60,-10.95,27.98,-1000.03,-20.86,6.10,323.75,-840.0,-297.50,1,52.569,"
1784211420.01797,"01/01/2000,02:44:40.81,-884.77,-83.98,-457.03,1.95,0.18,-0.50,85.80,64.80,-12.45,27.98,-1000.03,-20.74,6.10,201.25,-883.75,-358.75,1,52.567,"
1784211420.0387146,"01/01/2000,02:44:40.83,-901.86,-90.33,-451.66,0.16,0.87,0.87,86.40,66.30,-10.35,28.37,-999.91,-20.98,6.22,210.0,-883.75,-297.50,1,52.566,"
1784211420.0801904,"01/01/2000,02:44:40.86,-896.00,-92.77,-452.64,1.19,1.41,-1.02,85.05,64.05,-12.45,28.08,-1000.03,-20.98,6.10,131.25,-761.25,-262.50,1,52.562,"
1784211420.1008482,"01/01/2000,02:44:40.88,-905.27,-93.26,-455.08,-0.06,-0.42,-1.74,86.55,63.60,-10.20,28.32,-1000.16,-20.86,6.10,262.50,-761.25,-341.25,1,52.561,"
1784211420.1112974,"01/01/2000,02:44:40.90,-905.76,-81.54,-446.78,-0.84,0.30,-1.27,86.70,63.90,-12.60,28.08,-1000.03,-20.86,6.22,227.50,-892.50,-385.0,1,52.559,"
1784211420.1320608,"01/01/2000,02:44:40.92,-896.48,-101.56,-448.73,0.26,-0.24,-0.30,86.10,65.70,-11.25,27.98,-1000.03,-20.74,6.10,280.0,-883.75,-332.50,1,52.575,"
1784211420.1629348,"01/01/2000,02:44:40.94,-891.11,-92.29,-453.61,2.02,-1.63,0.76,87.0,64.50,-10.95,28.22,-1000.03,-20.74,6.10,306.25,-857.50,-262.50,1,52.573,"
1784211420.173517,"01/01/2000,02:44:40.96,-885.74,-99.61,-457.03,0.33,-0.62,-1.86,85.65,65.85,-12.60,28.32,-999.91,-20.50,6.10,166.25,-857.50,-288.75,1,52.571,"
1784211420.1942513,"01/01/2000,02:44:40.98,-894.53,-90.82,-451.66,1.21,1.16,-0.27,84.75,66.30,-11.55,28.17,-999.91,-20.62,6.22,262.50,-805.0,-341.25,1,52.570,"
1784211420.2044876,"01/01/2000,02:44:40.99,-899.90,-95.70,-464.84,0.18,0.80,-0.77,85.65,64.65,-10.80,28.08,-1000.16,-20.74,6.34,201.25,-831.25,-358.75,1,52.568,"
1784211420.2255747,"01/01/2000,02:44:41.01,-885.74,-100.10,-449.71,1.18,-0.08,-0.87,84.60,63.60,-11.70,28.37,-1000.28,-20.98,6.22,323.75,-857.50,-288.75,1,52.566,"
1784211420.2670226,"01/01/2000,02:44:41.05,-880.37,-89.36,-460.94,-0.94,0.30,0.51,85.65,64.20,-11.55,28.37,-1000.16,-20.86,6.47,227.50,-875.0,-297.50,1,52.563,"
1784211420.287477,"01/01/2000,02:44:41.07,-882.81,-94.24,-441.89,1.30,0.11,2.34,85.65,64.20,-11.55,28.37,-1000.16,-20.98,6.34,253.75,-883.75,-350.0,1,52.578,"
1784211420.2977197,"01/01/2000,02:44:41.09,-896.97,-83.01,-450.68,2.05,1.84,0.60,85.20,64.65,-11.85,28.32,-1000.16,-20.98,6.10,218.75,-875.0,-262.50,1,52.577,"
1784211420.3184063,"01/01/2000,02:44:41.11,-886.23,-81.54,-450.20,1.34,0.55,0.29,86.55,66.0,-11.70,28.41,-1000.40,-20.74,6.22,210.0,-805.0,-236.25,1,52.575,"
1784211420.349808,"01/01/2000,02:44:41.14,-891.11,-107.42,-450.20,3.10,0.06,-2.08,87.0,65.25,-11.25,28.22,-1000.40,-20.74,6.22,262.50,-787.50,-332.50,1,52.572,"
1784211420.380565,"01/01/2000,02:44:41.16,-899.90,-88.87,-458.50,1.31,1.61,0.72,85.80,64.05,-12.15,28.37,-1000.40,-20.86,6.22,227.50,-857.50,-306.25,1,52.570,"
1784211420.4010484,"01/01/2000,02:44:41.18,-908.69,-95.21,-433.11,-3.0,0.16,1.57,85.95,64.65,-12.60,27.98,-1000.40,-20.74,6.10,157.50,-831.25,-271.25,1,52.568,"
1784211420.431727,"01/01/2000,02:44:41.21,-892.58,-83.98,-446.29,1.06,-1.40,0.69,87.0,63.60,-10.50,28.32,-1000.40,-20.74,6.10,183.75,-831.25,-367.50,1,52.567,"
1784211420.4460266,"01/01/2000,02:44:41.23,-885.25,-88.38,-452.64,1.08,-1.08,1.34,86.10,61.20,-9.75,28.51,-1000.28,-20.86,6.10,192.50,-787.50,-297.50,1,52.565,"
1784211420.4726524,"01/01/2000,02:44:41.25,-891.60,-88.87,-452.15,-1.32,-1.47,-3.21,87.15,63.45,-11.55,28.37,-1000.16,-20.86,6.22,253.75,-848.75,-253.75,1,52.546,"
1784211420.502876,"01/01/2000,02:44:41.29,-896.97,-87.40,-450.20,0.86,1.21,0.73,87.0,64.80,-11.70,28.37,-1000.40,-20.86,6.10,367.50,-927.50,-350.0,1,52.560,"
1784211420.5233438,"01/01/2000,02:44:41.31,-903.81,-91.80,-446.78,2.79,-0.35,-0.26,86.10,64.80,-12.45,28.17,-1000.28,-20.86,6.22,367.50,-848.75,-332.50,1,52.558,"
1784211420.533569,"01/01/2000,02:44:41.32,-901.86,-84.96,-455.57,0.33,-0.34,0.77,86.55,64.05,-11.70,28.03,-1000.28,-20.74,6.10,288.75,-840.0,-393.75,1,52.557,"
1784211420.553966,"01/01/2000,02:44:41.34,-906.74,-87.40,-450.20,1.91,-2.12,2.11,85.20,64.65,-11.55,27.98,-1000.40,-20.86,6.22,140.0,-787.50,-376.25,1,52.555,"
1784211420.5954747,"01/01/2000,02:44:41.38,-904.30,-87.40,-452.64,2.14,-0.24,-1.50,85.95,64.65,-13.05,28.17,-1000.16,-20.74,6.10,262.50,-831.25,-341.25,1,52.552,"
1784211420.6159165,"01/01/2000,02:44:41.40,-891.11,-92.77,-457.03,1.58,-0.92,1.26,86.10,63.30,-10.95,28.03,-1000.16,-20.62,6.10,350.0,-866.25,-332.50,1,52.567,"
1784211420.626535,"01/01/2000,02:44:41.42,-895.02,-92.77,-458.98,1.19,-1.78,-2.34,86.70,63.90,-12.30,28.32,-1000.16,-20.62,6.10,297.50,-778.75,-262.50,1,52.565,"
1784211420.6471868,"01/01/2000,02:44:41.44,-896.48,-101.07,-458.50,1.34,-1.48,0.18,85.35,63.30,-12.15,28.41,-1000.40,-20.62,6.10,87.50,-857.50,-245.0,1,52.564,"
1784211420.688804,"01/01/2000,02:44:41.47,-901.37,-93.75,-458.98,-0.15,0.31,-1.56,86.70,63.90,-11.10,28.37,-1000.40,-20.74,6.22,271.25,-857.50,-253.75,1,52.560,"
1784211420.7094111,"01/01/2000,02:44:41.49,-903.32,-101.07,-453.13,0.98,-2.23,0.04,85.80,64.80,-11.25,28.37,-1000.40,-20.74,6.22,175.0,-980.0,-262.50,1,52.559,"
1784211420.7198057,"01/01/2000,02:44:41.51,-895.02,-88.38,-452.15,-1.06,-0.89,-2.31,85.05,64.05,-10.95,27.98,-1000.40,-20.74,6.34,245.0,-831.25,-332.50,1,52.557,"
1784211420.7416031,"01/01/2000,02:44:41.53,-898.93,-96.19,-457.52,-0.21,0.36,0.25,84.75,63.90,-11.55,28.37,-1000.16,-20.74,6.34,332.50,-875.0,-323.75,1,52.572,"
1784211420.769709,"01/01/2000,02:44:41.55,-885.74,-93.26,-453.61,1.03,-0.57,-2.98,85.05,64.50,-12.15,28.22,-1000.03,-20.86,6.34,236.25,-813.75,-385.0,1,52.571,"
1784211420.7844353,"01/01/2000,02:44:41.57,-891.60,-84.47,-461.43,0.18,0.92,1.02,85.65,64.65,-11.55,28.17,-1000.03,-20.74,6.34,315.0,-962.50,-323.75,1,52.569,"
1784211420.7994642,"01/01/2000,02:44:41.59,-891.60,-88.38,-451.17,-0.06,0.67,1.66,86.70,65.40,-10.80,28.22,-1000.16,-20.74,6.34,157.50,-770.0,-376.25,1,52.567,"
1784211420.8202326,"01/01/2000,02:44:41.60,-895.02,-83.50,-454.59,0.43,-0.17,-1.53,85.95,63.90,-12.60,28.37,-1000.28,-20.86,6.34,245.0,-805.0,-350.0,1,52.566,"
1784211420.8305156,"01/01/2000,02:44:41.62,-897.95,-93.75,-458.98,1.56,-0.68,0.37,85.20,64.65,-12.60,28.22,-1000.28,-20.74,6.22,227.50,-918.75,-262.50,1,52.564,"
1784211420.857472,"01/01/2000,02:44:41.64,-883.30,-78.61,-456.54,1.57,0.58,-1.36,86.70,64.20,-11.10,28.22,-1000.28,-20.98,6.10,192.50,-910.0,-323.75,1,52.562,"
1784211420.8720205,"01/01/2000,02:44:41.66,-889.16,-88.38,-453.61,1.27,-0.76,0.12,87.15,64.65,-11.10,28.17,-1000.28,-20.98,6.10,140.0,-787.50,-367.50,1,52.561,"
1784211420.8945715,"01/01/2000,02:44:41.68,-895.51,-97.66,-453.13,3.32,-1.95,1.69,86.70,64.65,-11.85,28.32,-1000.28,-20.86,6.10,280.0,-892.50,-297.50,1,52.576,"
1784211420.9136522,"01/01/2000,02:44:41.70,-894.53,-91.80,-453.61,-0.13,0.17,-1.08,85.35,65.25,-11.70,28.51,-1000.16,-20.74,6.10,78.75,-770.0,-376.25,1,52.574,"
1784211420.9446673,"01/01/2000,02:44:41.72,-895.02,-84.96,-464.36,0.27,0.31,0.85,84.60,63.30,-9.75,28.37,-1000.28,-20.74,6.22,280.0,-743.75,-350.0,1,52.556,"
1784211420.9579356,"01/01/2000,02:44:41.74,-901.86,-87.40,-450.68,-0.30,0.79,1.66,86.40,63.90,-11.55,28.37,-1000.16,-20.86,6.10,183.75,-848.75,-315.0,1,52.554,"
1784211420.9761698,"01/01/2000,02:44:41.76,-891.60,-92.77,-431.64,-0.80,-0.50,-0.09,84.60,64.05,-11.25,27.98,-1000.16,-20.86,5.98,253.75,-708.75,-288.75,1,52.569,"
1784211420.994918,"01/01/2000,02:44:41.78,-901.37,-94.24,-453.13,0.99,0.11,1.60,85.35,64.50,-10.50,28.22,-1000.03,-20.74,5.98,236.25,-813.75,-271.25,1,52.568,"
1784211421.0169358,"01/01/2000,02:44:41.80,-906.25,-88.87,-455.57,3.08,0.08,0.56,86.40,65.40,-11.55,28.17,-1000.03,-20.86,6.10,183.75,-927.50,-315.0,1,52.566,"
1784211421.0394952,"01/01/2000,02:44:41.82,-895.02,-87.89,-452.64,0.22,0.78,-2.95,85.95,65.10,-10.80,28.03,-999.91,-20.86,5.86,306.25,-918.75,-253.75,1,52.565,"
1784211421.0529177,"01/01/2000,02:44:41.83,-910.16,-92.77,-460.94,-0.03,-0.34,0.17,84.75,63.0,-11.85,28.03,-999.91,-20.98,5.98,175.0,-892.50,-280.0,1,52.563,"
1784211421.0742228,"01/01/2000,02:44:41.86,-900.39,-88.87,-443.85,-0.15,-2.10,-0.57,86.10,65.25,-10.95,27.98,-999.91,-20.74,5.98,70.0,-840.0,-297.50,1,52.561,"
1784211421.0916166,"01/01/2000,02:44:41.87,-898.93,-97.17,-455.08,-0.38,1.94,0.22,86.40,65.10,-10.80,28.41,-1000.03,-20.86,5.98,297.50,-848.75,-358.75,1,52.560,"
1784211421.1097326,"01/01/2000,02:44:41.89,-888.18,-99.61,-453.61,-0.71,-0.82,-0.58,85.80,63.60,-10.20,28.37,-1000.16,-20.98,5.98,323.75,-831.25,-315.0,1,52.558,"
1784211421.1263936,"01/01/2000,02:44:41.91,-892.58,-95.70,-454.10,-0.66,1.56,-0.50,87.15,65.40,-11.55,28.17,-1000.16,-20.86,6.10,175.0,-796.25,-358.75,1,52.556,"
1784211421.1484172,"01/01/2000,02:44:41.93,-897.95,-81.54,-448.73,1.58,-2.35,-0.91,87.15,63.0,-10.80,28.32,-999.91,-20.74,5.98,262.50,-988.75,-306.25,1,52.555,"
1784211421.1654754,"01/01/2000,02:44:41.95,-897.46,-82.03,-449.22,-1.38,-1.59,0.77,87.15,63.0,-10.80,28.37,-1000.16,-20.74,6.10,183.75,-796.25,-280.0,1,52.570,"
1784211421.1832411,"01/01/2000,02:44:41.97,-889.16,-83.01,-450.68,2.0,1.18,-0.52,86.40,63.0,-10.35,28.17,-1000.28,-20.74,6.22,306.25,-866.25,-315.0,1,52.568,"
1784211421.2075136,"01/01/2000,02:44:41.99,-883.79,-89.84,-460.94,1.33,-1.01,0.34,87.0,64.05,-10.95,28.22,-1000.28,-20.74,6.22,271.25,-831.25,-262.50,1,52.567,"
1784211421.2234814,"01/01/2000,02:44:42.01,-897.95,-94.73,-445.80,-1.15,-0.37,-2.18,86.70,64.20,-11.55,27.98,-1000.16,-20.74,6.10,341.25,-778.75,-306.25,1,52.565,"
1784211421.239528,"01/01/2000,02:44:42.02,-890.14,-94.73,-459.96,-0.47,-1.53,0.44,86.40,64.65,-12.30,28.32,-1000.28,-20.62,6.10,341.25,-770.0,-280.0,1,52.563,"
1784211421.257003,"01/01/2000,02:44:42.04,-889.16,-83.50,-450.20,-0.08,-0.58,-1.63,86.55,64.50,-11.25,28.37,-1000.28,-20.62,6.34,70.0,-857.50,-306.25,1,52.562,"
1784211421.2972667,"01/01/2000,02:44:42.08,-900.39,-89.36,-449.71,-0.97,0.28,-0.63,85.35,64.05,-10.95,28.37,-1000.16,-20.62,5.98,192.50,-796.25,-332.50,1,52.575,"
1784211421.3161364,"01/01/2000,02:44:42.10,-882.81,-98.63,-444.34,0.48,1.31,-0.79,85.20,64.65,-12.30,28.03,-1000.16,-20.50,5.98,113.75,-875.0,-253.75,1,52.573,"
1784211421.3322737,"01/01/2000,02:44:42.11,-894.04,-88.38,-448.73,0.89,0.02,0.40,85.95,63.45,-11.55,28.37,-1000.40,-20.62,6.10,358.75,-883.75,-315.0,1,52.572,"
1784211421.3580494,"01/01/2000,02:44:42.14,-890.63,-88.87,-454.10,0.96,-0.02,-1.20,86.70,63.90,-10.35,28.22,-1000.40,-20.74,5.86,175.0,-866.25,-341.25,1,52.570,"
1784211421.3705637,"01/01/2000,02:44:42.15,-890.63,-87.40,-449.71,-0.91,1.60,0.33,87.90,63.90,-11.85,28.32,-1000.28,-20.74,5.86,105.0,-945.0,-280.0,1,52.569,"
1784211421.3879702,"01/01/2000,02:44:42.17,-890.63,-88.38,-446.29,2.61,-0.24,1.07,86.70,65.10,-11.55,28.17,-1000.16,-20.62,5.73,140.0,-936.25,-315.0,1,52.567,"
1784211421.4265094,"01/01/2000,02:44:42.21,-897.95,-88.87,-452.15,0.99,-0.19,1.26,85.05,64.50,-9.45,28.03,-999.91,-20.74,5.86,157.50,-910.0,-332.50,1,52.580,"
1784211421.458605,"01/01/2000,02:44:42.23,-893.07,-95.21,-458.98,-2.36,1.64,2.17,85.20,63.0,-9.60,28.41,-1000.03,-20.74,6.10,218.75,-918.75,-262.50,1,52.562,"
1784211421.4741867,"01/01/2000,02:44:42.26,-894.53,-86.43,-430.66,0.63,1.73,-3.37,87.0,64.80,-11.25,28.37,-1000.16,-20.74,6.22,192.50,-901.25,-315.0,1,52.560,"
1784211421.4927232,"01/01/2000,02:44:42.28,-893.07,-99.12,-453.13,0.35,0.78,1.85,84.45,65.40,-11.55,28.37,-999.91,-20.74,6.34,201.25,-770.0,-367.50,1,52.559,"
1784211421.5105639,"01/01/2000,02:44:42.29,-880.37,-86.43,-450.68,0.26,1.42,1.57,85.80,62.85,-12.15,28.41,-999.91,-20.74,6.34,236.25,-857.50,-271.25,1,52.557,"
1784211421.528069,"01/01/2000,02:44:42.31,-890.63,-88.38,-441.41,1.01,-0.92,-0.95,86.55,65.25,-12.45,28.08,-1000.03,-20.74,6.34,218.75,-857.50,-297.50,1,52.556,"
1784211421.5457022,"01/01/2000,02:44:42.33,-896.00,-84.47,-451.17,0.13,-1.05,-0.66,86.40,64.65,-13.35,28.37,-999.91,-20.74,6.34,236.25,-910.0,-297.50,1,52.571,"
1784211421.5676622,"01/01/2000,02:44:42.35,-897.95,-86.91,-442.87,0.81,1.03,-0.49,84.0,62.25,-9.30,28.22,-1000.03,-20.74,6.34,140.0,-892.50,-288.75,1,52.552,"
1784211421.583961,"01/01/2000,02:44:42.37,-889.16,-84.96,-454.10,0.49,1.07,-0.19,86.40,64.20,-11.55,28.08,-1000.16,-20.74,6.34,245.0,-778.75,-315.0,1,52.567,"
1784211421.6028721,"01/01/2000,02:44:42.38,-896.48,-81.54,-454.59,1.04,-1.97,-0.33,84.60,64.80,-12.45,28.32,-1000.03,-20.62,6.34,218.75,-936.25,-253.75,1,52.566,"
1784211421.6223092,"01/01/2000,02:44:42.41,-884.77,-88.38,-443.85,0.77,-2.40,0.88,86.70,63.90,-12.60,28.41,-1000.03,-20.62,6.34,350.0,-945.0,-297.50,1,52.564,"
1784211421.6406221,"01/01/2000,02:44:42.42,-892.09,-78.61,-451.66,-1.21,1.10,0.15,85.20,65.10,-11.10,28.37,-1000.03,-20.50,6.22,262.50,-910.0,-323.75,1,52.563,"
1784211421.658569,"01/01/2000,02:44:42.44,-879.39,-86.43,-455.08,0.32,-1.05,-1.02,85.95,64.20,-11.10,27.89,-1000.03,-20.50,6.10,113.75,-866.25,-341.25,1,52.561,"
1784211421.689734,"01/01/2000,02:44:42.48,-896.00,-90.82,-447.75,0.73,1.92,1.50,85.80,63.60,-10.95,28.32,-1000.40,-20.74,6.10,218.75,-901.25,-315.0,1,52.558,"
1784211421.7131295,"01/01/2000,02:44:42.50,-899.90,-90.33,-445.31,-1.13,-0.73,1.86,85.65,64.20,-11.85,28.32,-1000.28,-20.74,6.10,245.0,-770.0,-323.75,1,52.572,"
1784211421.744003,"01/01/2000,02:44:42.53,-891.11,-82.03,-443.36,2.74,2.26,-0.07,86.55,65.25,-11.25,28.17,-1000.28,-20.50,6.10,192.50,-866.25,-280.0,1,52.569,"
1784211421.7715907,"01/01/2000,02:44:42.55,-890.14,-92.77,-454.10,0.99,-0.02,-0.89,87.90,65.40,-11.10,28.22,-1000.16,-20.74,6.10,271.25,-831.25,-253.75,1,52.568,"
1784211421.7896838,"01/01/2000,02:44:42.57,-894.04,-80.08,-458.01,0.70,-0.31,-2.16,85.35,64.05,-11.25,28.37,-1000.16,-20.74,6.10,280.0,-892.50,-288.75,1,52.566,"
1784211421.8011508,"01/01/2000,02:44:42.59,-889.65,-85.45,-456.54,0.61,-0.64,-0.50,87.0,63.60,-10.95,28.37,-1000.16,-20.74,6.10,297.50,-866.25,-367.50,1,52.581,"
1784211421.8281064,"01/01/2000,02:44:42.61,-879.88,-87.89,-439.45,0.81,2.01,1.60,85.95,66.60,-11.55,27.98,-1000.16,-20.62,6.47,297.50,-953.75,-367.50,1,52.563,"
1784211421.84302,"01/01/2000,02:44:42.63,-900.88,-87.40,-448.24,0.21,-1.52,0.13,85.80,65.25,-11.70,28.17,-1000.03,-20.74,6.47,350.0,-857.50,-350.0,1,52.578,"
1784211421.8533218,"01/01/2000,02:44:42.65,-878.91,-92.77,-451.17,-0.69,2.43,-2.21,86.10,65.25,-10.95,28.37,-999.91,-20.74,6.22,210.0,-840.0,-332.50,1,52.576,"
1784211421.8860967,"01/01/2000,02:44:42.66,-899.90,-89.84,-458.01,-1.27,-0.37,-0.27,85.80,64.50,-11.25,28.37,-999.91,-20.74,6.10,113.75,-805.0,-288.75,1,52.574,"
1784211421.8996377,"01/01/2000,02:44:42.68,-892.58,-80.57,-451.17,0.15,1.93,-2.24,85.05,64.50,-13.20,27.98,-1000.03,-20.74,6.22,332.50,-840.0,-341.25,1,52.573,"
1784211421.917393,"01/01/2000,02:44:42.70,-893.55,-90.33,-441.89,0.55,-0.13,-1.50,85.95,64.65,-10.35,27.98,-1000.16,-20.74,6.34,271.25,-796.25,-280.0,1,52.571,"
1784211421.936562,"01/01/2000,02:44:42.72,-905.27,-88.38,-438.96,0.09,1.61,1.61,84.75,64.65,-12.30,28.17,-1000.16,-20.74,6.22,341.25,-813.75,-262.50,1,52.586,"
1784211421.9568365,"01/01/2000,02:44:42.75,-897.95,-94.24,-449.22,-0.86,0.67,-0.99,85.80,63.30,-10.20,28.41,-1000.40,-20.74,6.10,183.75,-875.0,-288.75,1,52.568,"
1784211421.9777822,"01/01/2000,02:44:42.77,-884.28,-84.96,-449.22,0.70,0.86,-0.72,86.10,64.80,-12.45,28.08,-1000.28,-20.74,5.98,271.25,-822.50,-367.50,1,52.566,"
1784211422.019801,"01/01/2000,02:44:42.80,-897.95,-87.40,-464.36,-0.87,-0.63,0.21,86.70,65.10,-11.10,28.22,-1000.28,-20.86,6.22,122.50,-875.0,-236.25,1,52.563,"
1784211422.0422325,"01/01/2000,02:44:42.82,-906.74,-89.36,-453.13,-0.73,-0.45,-2.36,86.40,66.30,-12.30,28.17,-1000.40,-20.86,6.34,192.50,-673.75,-385.0,1,52.562,"
1784211422.0504594,"01/01/2000,02:44:42.84,-896.97,-83.01,-457.03,0.78,0.59,0.69,85.20,65.10,-10.05,28.32,-1000.28,-20.86,6.22,332.50,-936.25,-245.0,1,52.560,"
1784211422.0763826,"01/01/2000,02:44:42.86,-881.84,-95.21,-443.85,1.41,0.01,-0.21,84.75,63.0,-11.55,28.37,-1000.40,-20.74,6.22,262.50,-892.50,-306.25,1,52.575,"
1784211422.1136293,"01/01/2000,02:44:42.90,-889.65,-86.91,-450.20,1.88,-0.15,1.51,85.20,64.65,-10.80,28.22,-1000.40,-20.74,6.34,315.0,-866.25,-385.0,1,52.572,"
1784211422.135918,"01/01/2000,02:44:42.92,-884.77,-94.73,-455.08,0.43,-2.66,-1.89,85.35,63.30,-9.75,28.22,-1000.28,-20.62,6.34,192.50,-743.75,-280.0,1,52.570,"
1784211422.1444097,"01/01/2000,02:44:42.93,-898.93,-91.31,-456.05,1.76,1.84,2.0,86.70,63.90,-10.05,28.56,-1000.16,-20.74,6.34,315.0,-796.25,-376.25,1,52.568,"
1784211422.1690502,"01/01/2000,02:44:42.95,-894.53,-94.24,-452.15,1.79,0.65,-0.53,86.70,65.40,-11.55,28.37,-1000.16,-20.74,6.34,288.75,-866.25,-288.75,1,52.567,"
1784211422.196917,"01/01/2000,02:44:42.99,-898.93,-82.03,-450.68,-1.72,-0.66,-2.07,86.40,65.40,-11.10,28.37,-1000.28,-20.74,6.34,210.0,-910.0,-245.0,1,52.580,"
1784211422.228287,"01/01/2000,02:44:43.01,-907.23,-87.89,-440.92,0.69,-1.13,0.81,85.95,65.85,-11.55,28.08,-1000.16,-20.74,6.10,175.0,-945.0,-350.0,1,52.578,"
1784211422.2389505,"01/01/2000,02:44:43.03,-898.44,-83.98,-459.47,1.18,-0.61,0.20,85.95,64.20,-11.85,28.32,-999.91,-20.74,6.10,148.75,-796.25,-288.75,1,52.577,"
1784211422.2620857,"01/01/2000,02:44:43.05,-905.27,-107.91,-460.94,-1.98,1.08,0.44,86.40,63.90,-10.80,28.08,-1000.03,-20.98,5.98,280.0,-910.0,-358.75,1,52.575,"
1784211422.2804685,"01/01/2000,02:44:43.06,-889.65,-85.45,-452.64,-0.08,0.60,1.47,87.0,64.05,-10.95,28.08,-1000.16,-20.98,5.98,253.75,-778.75,-297.50,1,52.574,"
1784211422.2980356,"01/01/2000,02:44:43.08,-903.32,-79.59,-451.17,-0.70,1.11,-0.82,85.95,64.20,-11.10,28.37,-1000.40,-20.98,5.86,262.50,-901.25,-271.25,1,52.572,"
1784211422.3243876,"01/01/2000,02:44:43.10,-899.41,-87.40,-457.03,1.47,0.78,0.63,84.45,63.90,-10.05,28.56,-1000.16,-20.74,5.86,358.75,-840.0,-306.25,1,52.570,"
1784211422.336974,"01/01/2000,02:44:43.12,-894.04,-103.52,-436.52,-0.45,0.76,-0.43,85.95,63.0,-11.85,28.37,-1000.03,-20.74,5.86,288.75,-770.0,-393.75,1,52.585,"
1784211422.3557081,"01/01/2000,02:44:43.14,-895.02,-94.73,-455.08,3.18,-0.02,1.48,85.35,63.60,-10.95,28.17,-1000.03,-20.74,5.86,288.75,-857.50,-367.50,1,52.583,"
1784211422.3874712,"01/01/2000,02:44:43.18,-888.18,-91.31,-451.17,1.24,-0.69,0.24,85.80,63.30,-11.25,28.51,-1000.28,-20.86,6.10,122.50,-848.75,-358.75,1,52.580,"
1784211422.4273808,"01/01/2000,02:44:43.21,-897.46,-94.24,-453.61,0.45,-0.71,-1.52,86.70,63.90,-10.35,28.37,-1000.16,-20.86,5.98,315.0,-892.50,-332.50,1,52.577,"
1784211422.4501913,"01/01/2000,02:44:43.23,-900.39,-89.84,-448.24,3.59,0.27,0.63,86.70,62.70,-10.80,28.37,-1000.28,-20.74,6.10,218.75,-848.75,-253.75,1,52.575,"
1784211422.4813418,"01/01/2000,02:44:43.26,-891.11,-100.10,-454.10,-1.98,0.56,1.85,87.0,65.25,-10.50,28.32,-1000.28,-20.74,6.10,140.0,-708.75,-271.25,1,52.574,"
1784211422.48945,"01/01/2000,02:44:43.28,-903.81,-84.47,-448.24,0.82,0.50,-0.63,87.15,65.40,-11.10,28.32,-1000.40,-20.74,5.98,175.0,-892.50,-323.75,1,52.572,"
1784211422.5172663,"01/01/2000,02:44:43.30,-900.88,-85.45,-456.54,-1.47,-0.92,-2.37,86.10,64.50,-11.70,28.17,-1000.28,-20.74,6.10,271.25,-875.0,-271.25,1,52.571,"
1784211422.5522964,"01/01/2000,02:44:43.33,-893.07,-89.36,-440.92,1.86,1.86,0.63,86.70,64.20,-11.85,28.32,-1000.28,-20.74,5.98,253.75,-770.0,-367.50,1,52.568,"
1784211422.5740066,"01/01/2000,02:44:43.35,-895.51,-91.80,-455.57,1.03,-2.53,0.32,84.60,64.50,-11.25,28.17,-1000.28,-20.74,5.98,245.0,-805.0,-358.75,1,52.566,"
1784211422.5876493,"01/01/2000,02:44:43.37,-885.74,-86.91,-454.59,0.44,-1.34,-0.08,88.50,65.70,-11.25,27.98,-1000.16,-20.74,6.10,201.25,-822.50,-341.25,1,52.564,"
1784211422.6031954,"01/01/2000,02:44:43.39,-894.53,-94.24,-449.22,-0.08,0.89,-1.79,85.65,65.85,-11.55,28.37,-1000.28,-20.62,6.10,122.50,-717.50,-253.75,1,52.563,"
1784211422.6345036,"01/01/2000,02:44:43.43,-895.51,-95.70,-450.20,-1.05,-3.89,0.18,86.55,64.80,-12.90,28.56,-1000.28,-20.62,6.22,358.75,-918.75,-271.25,1,52.576,"
1784211422.6651485,"01/01/2000,02:44:43.45,-903.32,-92.29,-454.10,0.10,-1.47,1.08,86.55,64.50,-10.95,28.03,-1000.40,-20.62,6.10,192.50,-743.75,-332.50,1,52.574,"
1784211422.6797445,"01/01/2000,02:44:43.47,-894.53,-84.96,-454.59,-0.82,0.81,-0.05,85.80,65.25,-12.90,28.32,-1000.40,-20.74,6.22,236.25,-857.50,-297.50,1,52.573,"
1784211422.6965892,"01/01/2000,02:44:43.48,-908.69,-91.31,-448.24,0.85,-0.37,-0.21,85.20,65.10,-13.35,28.37,-1000.28,-20.74,6.10,262.50,-848.75,-358.75,1,52.571,"
1784211422.7382445,"01/01/2000,02:44:43.52,-883.79,-86.43,-446.78,-1.75,1.07,1.55,86.10,64.80,-12.15,28.32,-1000.52,-20.74,6.10,183.75,-796.25,-455.0,1,52.568,"
1784211422.7727435,"01/01/2000,02:44:43.56,-893.55,-83.98,-459.96,1.34,0.71,1.79,87.15,65.10,-11.85,28.22,-1000.52,-20.74,5.98,201.25,-813.75,-280.0,1,52.581,"
1784211422.797287,"01/01/2000,02:44:43.58,-908.20,-90.82,-453.61,1.48,-1.44,0.60,85.95,64.20,-11.85,28.37,-1000.40,-20.98,5.86,236.25,-813.75,-288.75,1,52.579,"
1784211422.8273141,"01/01/2000,02:44:43.61,-902.83,-93.75,-452.15,0.30,0.40,0.43,86.70,63.90,-11.85,28.37,-1000.16,-20.86,5.98,236.25,-883.75,-288.75,1,52.576,"
1784211422.8534744,"01/01/2000,02:44:43.63,-893.55,-87.89,-449.22,2.76,-0.14,0.87,87.45,65.10,-10.80,27.89,-1000.16,-20.98,6.10,262.50,-980.0,-358.75,1,52.575,"
1784211422.8694656,"01/01/2000,02:44:43.65,-905.27,-80.57,-460.94,1.24,-2.94,-1.75,85.65,63.90,-10.05,28.08,-1000.16,-20.98,6.10,306.25,-822.50,-341.25,1,52.573,"
1784211422.8872652,"01/01/2000,02:44:43.67,-886.23,-100.10,-448.73,1.51,1.13,0.40,87.45,63.90,-11.85,28.32,-1000.28,-21.11,6.22,236.25,-927.50,-315.0,1,52.571,"
1784211422.9050238,"01/01/2000,02:44:43.69,-891.60,-88.38,-450.68,0.34,-2.14,-0.65,85.20,65.10,-11.10,28.56,-1000.40,-21.11,6.10,245.0,-892.50,-280.0,1,52.586,"
1784211422.9264896,"01/01/2000,02:44:43.71,-887.21,-88.38,-449.71,-1.95,-0.08,1.73,84.75,65.40,-11.55,28.22,-1000.16,-20.98,6.10,192.50,-848.75,-227.50,1,52.584,"
1784211422.947559,"01/01/2000,02:44:43.73,-885.25,-94.73,-454.59,1.19,-0.62,1.08,85.05,65.25,-9.75,28.32,-1000.16,-20.86,6.10,218.75,-848.75,-306.25,1,52.583,"
1784211422.9591715,"01/01/2000,02:44:43.74,-896.48,-87.89,-450.20,-0.44,-0.49,2.06,86.70,63.0,-11.55,28.41,-1000.28,-20.74,6.10,350.0,-936.25,-280.0,1,52.581,"
1784211422.978535,"01/01/2000,02:44:43.77,-902.34,-89.36,-450.20,1.31,0.61,-0.27,87.0,64.80,-10.95,28.22,-1000.28,-20.98,6.10,192.50,-875.0,-315.0,1,52.579,"
1784211423.0082061,"01/01/2000,02:44:43.79,-905.27,-93.75,-457.03,0.17,-0.27,0.47,85.95,65.40,-12.30,28.32,-1000.28,-20.98,5.98,236.25,-831.25,-367.50,1,52.562,"
1784211423.0186505,"01/01/2000,02:44:43.81,-894.04,-102.05,-447.75,0.39,-0.67,-0.10,86.55,64.80,-11.70,28.32,-1000.28,-20.98,5.98,306.25,-831.25,-315.0,1,52.576,"
1784211423.0392082,"01/01/2000,02:44:43.83,-893.07,-99.61,-438.96,1.24,-0.79,0.78,86.10,63.60,-12.45,28.17,-1000.40,-20.98,5.86,315.0,-936.25,-393.75,1,52.575,"
1784211423.0830612,"01/01/2000,02:44:43.87,-894.53,-87.89,-449.71,0.15,0.40,-0.28,85.80,64.50,-10.20,28.32,-1000.40,-20.74,5.98,253.75,-831.25,-385.0,1,52.572,"
1784211423.1005938,"01/01/2000,02:44:43.88,-889.16,-85.45,-452.15,1.39,0.97,-1.17,85.35,64.80,-10.20,28.41,-1000.28,-20.74,5.86,306.25,-822.50,-288.75,1,52.570,"
1784211423.1110108,"01/01/2000,02:44:43.90,-909.18,-92.77,-446.29,1.02,3.13,3.49,87.45,63.45,-12.30,28.17,-1000.28,-20.74,5.86,245.0,-813.75,-297.50,1,52.569,"
1784211423.138838,"01/01/2000,02:44:43.92,-898.93,-86.91,-456.05,-0.76,1.84,0.99,85.20,63.0,-8.40,28.37,-1000.28,-20.74,5.86,288.75,-726.25,-350.0,1,52.567,"
1784211423.152464,"01/01/2000,02:44:43.94,-892.09,-94.73,-451.17,3.39,1.23,1.17,85.20,63.0,-8.40,27.79,-1000.28,-20.50,5.98,280.0,-805.0,-350.0,1,52.581,"
1784211423.1729305,"01/01/2000,02:44:43.96,-884.77,-82.03,-449.71,-2.09,2.11,0.15,86.10,63.60,-12.15,28.08,-1000.40,-20.62,5.86,166.25,-866.25,-332.50,1,52.580,"
1784211423.1954422,"01/01/2000,02:44:43.97,-902.83,-86.91,-443.36,-0.26,-1.58,-0.69,85.95,63.90,-11.10,28.37,-1000.28,-20.62,5.98,166.25,-813.75,-201.25,1,52.578,"
1784211423.2097175,"01/01/2000,02:44:44.00,-895.02,-83.98,-451.17,1.59,1.75,-1.30,85.05,64.80,-11.70,28.22,-1000.16,-20.74,6.10,122.50,-848.75,-271.25,1,52.577,"
1784211423.2277281,"01/01/2000,02:44:44.01,-896.00,-85.45,-458.01,0.84,-0.67,0.62,86.10,64.50,-11.70,28.22,-1000.16,-20.62,6.10,332.50,-883.75,-201.25,1,52.575,"
1784211423.2693832,"01/01/2000,02:44:44.05,-898.44,-91.31,-450.68,-0.08,-0.06,-0.26,85.05,62.10,-9.75,27.98,-1000.03,-20.62,6.10,253.75,-813.75,-402.50,1,52.572,"
1784211423.2867506,"01/01/2000,02:44:44.07,-893.55,-94.73,-449.71,1.43,1.15,0.90,86.40,65.10,-11.85,28.37,-999.91,-20.74,6.10,315.0,-892.50,-341.25,1,52.586,"
1784211423.297386,"01/01/2000,02:44:44.09,-890.14,-96.68,-455.57,0.69,1.12,-0.25,87.0,64.80,-11.70,28.32,-1000.03,-20.74,5.98,218.75,-901.25,-323.75,1,52.585,"
1784211423.3186731,"01/01/2000,02:44:44.10,-905.76,-86.91,-452.64,-1.79,1.37,0.50,86.70,65.10,-11.10,27.98,-999.91,-20.74,5.98,271.25,-901.25,-315.0,1,52.583,"
1784211423.3600519,"01/01/2000,02:44:44.14,-889.65,-99.61,-454.59,0.60,0.31,-0.67,85.05,64.50,-10.20,28.32,-999.91,-20.86,6.10,236.25,-892.50,-306.25,1,52.580,"
1784211423.3824217,"01/01/2000,02:44:44.16,-894.53,-87.40,-437.01,-1.49,0.90,1.54,86.70,64.20,-10.80,28.17,-1000.03,-20.86,5.98,306.25,-822.50,-332.50,1,52.579,"
1784211423.402937,"01/01/2000,02:44:44.18,-893.55,-80.57,-447.75,-0.02,-0.87,0.71,85.95,63.90,-11.85,28.17,-1000.03,-20.86,5.86,218.75,-857.50,-253.75,1,52.593,"
1784211423.4170408,"01/01/2000,02:44:44.20,-877.93,-101.07,-452.64,0.32,-0.10,1.29,86.55,63.60,-10.95,28.37,-1000.03,-20.98,6.10,210.0,-752.50,-210.0,1,52.591,"
1784211423.4339721,"01/01/2000,02:44:44.22,-893.07,-75.20,-442.38,-0.56,1.25,1.15,87.0,64.50,-10.50,28.17,-1000.16,-20.74,6.10,271.25,-875.0,-350.0,1,52.590,"
1784211423.443158,"01/01/2000,02:44:44.23,-884.77,-78.13,-454.59,2.39,0.34,1.45,85.20,64.20,-11.85,28.32,-1000.16,-20.74,6.22,385.0,-866.25,-315.0,1,52.588,"
1784211423.4728382,"01/01/2000,02:44:44.26,-895.51,-96.68,-447.75,-0.71,-0.47,-0.82,87.0,64.05,-11.25,28.32,-1000.16,-20.74,6.10,262.50,-752.50,-376.25,1,52.586,"
1784211423.4977918,"01/01/2000,02:44:44.28,-894.04,-83.98,-446.78,-0.57,0.44,-1.44,87.15,63.90,-11.85,27.89,-1000.28,-20.74,5.98,411.25,-901.25,-262.50,1,52.569,"
1784211423.5177996,"01/01/2000,02:44:44.30,-902.83,-76.17,-444.82,2.73,-0.37,-0.67,85.35,63.60,-10.50,28.41,-1000.16,-20.74,5.86,323.75,-805.0,-332.50,1,52.568,"
1784211423.538369,"01/01/2000,02:44:44.32,-893.07,-96.19,-447.27,0.08,0.98,1.11,86.10,65.25,-10.95,28.32,-1000.16,-20.74,5.86,245.0,-848.75,-341.25,1,52.582,"
1784211423.548966,"01/01/2000,02:44:44.34,-894.04,-92.29,-443.85,-0.80,-1.31,1.95,85.95,64.20,-11.10,28.08,-1000.16,-20.74,5.86,210.0,-813.75,-245.0,1,52.565,"
1784211423.5757143,"01/01/2000,02:44:44.36,-891.11,-99.12,-449.22,0.88,-1.27,-0.29,85.95,65.40,-11.85,28.08,-1000.16,-20.74,5.98,393.75,-840.0,-262.50,1,52.579,"
1784211423.600104,"01/01/2000,02:44:44.38,-891.60,-76.17,-450.68,1.41,-1.54,0.78,85.95,65.40,-11.10,28.08,-1000.16,-20.86,6.10,323.75,-883.75,-332.50,1,52.577,"
1784211423.6149852,"01/01/2000,02:44:44.40,-898.44,-95.70,-436.52,-0.70,-0.38,-2.51,85.95,64.65,-11.85,28.32,-1000.16,-20.86,5.98,175.0,-927.50,-332.50,1,52.576,"
1784211423.6316674,"01/01/2000,02:44:44.41,-879.88,-95.21,-451.66,2.29,1.16,0.17,87.15,63.90,-12.30,28.32,-1000.28,-20.86,5.98,358.75,-778.75,-358.75,1,52.574,"
1784211423.6474612,"01/01/2000,02:44:44.43,-904.79,-87.40,-445.31,-1.29,0.10,-1.15,86.10,64.50,-12.45,28.08,-1000.28,-20.86,6.10,192.50,-910.0,-315.0,1,52.573,"
1784211423.6669145,"01/01/2000,02:44:44.45,-904.79,-89.36,-452.64,1.93,2.21,0.92,86.10,64.50,-12.45,28.22,-1000.16,-20.86,6.10,341.25,-796.25,-358.75,1,52.587,"
1784211423.6882246,"01/01/2000,02:44:44.47,-899.41,-78.61,-455.08,3.04,-1.76,-1.59,85.95,64.65,-11.55,28.17,-1000.16,-20.98,6.10,306.25,-848.75,-323.75,1,52.570,"
1784211423.7065876,"01/01/2000,02:44:44.49,-902.83,-86.43,-448.24,1.09,0.34,-0.44,85.65,64.20,-11.85,28.32,-1000.16,-21.23,6.22,253.75,-971.25,-262.50,1,52.584,"
1784211423.7271137,"01/01/2000,02:44:44.51,-892.09,-91.80,-445.80,-1.18,-1.20,0.36,86.10,65.70,-10.95,27.98,-1000.16,-21.23,6.22,201.25,-752.50,-297.50,1,52.582,"
1784211423.74135,"01/01/2000,02:44:44.52,-897.46,-93.75,-438.96,2.08,0.14,-1.63,86.70,64.65,-10.80,28.32,-1000.40,-21.11,6.22,323.75,-848.75,-323.75,1,52.581,"
1784211423.7629387,"01/01/2000,02:44:44.55,-889.16,-93.75,-437.99,-0.93,0.53,0.74,86.10,63.60,-11.70,28.32,-1000.28,-21.23,6.22,332.50,-875.0,-315.0,1,52.579,"
1784211423.7797372,"01/01/2000,02:44:44.56,-885.25,-79.10,-447.27,0.32,-2.05,1.99,86.55,65.25,-12.45,28.32,-1000.28,-21.23,6.10,140.0,-822.50,-306.25,1,52.578,"
1784211423.8010128,"01/01/2000,02:44:44.58,-880.37,-83.50,-446.29,0.61,0.85,2.33,85.20,65.85,-11.85,28.37,-1000.28,-21.23,6.22,341.25,-840.0,-201.25,1,52.576,"
1784211423.8366232,"01/01/2000,02:44:44.62,-897.46,-93.26,-454.10,2.50,-0.73,-2.77,86.40,65.10,-10.80,28.32,-1000.28,-21.11,5.98,175.0,-831.25,-297.50,1,52.588,"
1784211423.8535197,"01/01/2000,02:44:44.64,-906.25,-98.14,-448.73,1.82,-0.90,-0.23,87.30,64.80,-11.70,28.17,-1000.16,-20.98,6.10,315.0,-857.50,-306.25,1,52.587,"
1784211423.8694444,"01/01/2000,02:44:44.65,-882.81,-87.40,-443.85,0.63,0.40,-0.67,86.55,64.50,-12.45,28.03,-999.91,-20.98,6.10,245.0,-813.75,-367.50,1,52.585,"
1784211423.888131,"01/01/2000,02:44:44.68,-891.60,-86.91,-458.98,0.53,-1.36,-2.22,85.95,63.90,-11.85,28.17,-999.79,-20.86,6.10,437.50,-866.25,-253.75,1,52.584,"
