timestamp,rtcDate,rtcTime,aX,aY,aZ,gX,gY,gZ,mX,mY,mZ,imu_degC,aX,aY,aZ,gX,gY,gZ,dataRdy,output_Hz,
1784211146.851557,"01/01/2000,02:40:07.60,-862.79,-55.66,-519.53,1.40,-1.18,-0.58,72.30,52.50,-9.75,28.41,6.95,-18.06,-993.08,271.25,-831.25,-297.50,1,53.333,"
1784211146.8606586,"01/01/2000,02:40:07.62,-850.10,-57.13,-522.46,-0.24,-0.53,1.51,72.30,52.50,-10.50,28.37,6.83,-18.06,-993.32,323.75,-901.25,-271.25,1,53.319,"
1784211146.884442,"01/01/2000,02:40:07.64,-852.05,-59.08,-527.83,0.57,1.06,1.08,71.85,52.05,-10.20,28.03,6.83,-18.18,-993.20,297.50,-910.0,-341.25,1,53.304,"
1784211146.9011085,"01/01/2000,02:40:07.66,-850.59,-58.11,-524.41,0.66,0.15,-3.44,72.0,51.0,-10.80,28.51,6.95,-18.18,-993.08,227.50,-848.75,-323.75,1,53.289,"
1784211146.9179833,"01/01/2000,02:40:07.68,-855.96,-51.27,-528.81,1.44,-0.42,0.47,71.85,52.80,-10.50,28.17,6.95,-18.30,-993.08,245.0,-866.25,-341.25,1,53.392,"
1784211146.9337559,"01/01/2000,02:40:07.70,-865.23,-58.11,-526.37,0.31,-0.86,0.05,71.70,51.45,-10.35,28.08,7.08,-18.06,-992.96,315.0,-796.25,-227.50,1,53.377,"
1784211146.9603136,"01/01/2000,02:40:07.72,-851.56,-49.32,-527.83,0.41,-0.24,-1.54,72.45,51.45,-9.60,28.22,6.95,-18.06,-992.84,306.25,-901.25,-245.0,1,53.362,"
1784211146.9772017,"01/01/2000,02:40:07.73,-852.54,-58.11,-528.81,3.08,0.45,1.87,69.90,51.60,-10.20,28.37,7.08,-17.93,-992.84,332.50,-822.50,-315.0,1,53.348,"
1784211147.0103319,"01/01/2000,02:40:07.76,-850.59,-59.08,-534.67,1.09,0.28,-1.96,71.85,52.05,-9.75,28.22,6.83,-17.93,-993.08,297.50,-866.25,-358.75,1,53.219,"
1784211147.0265212,"01/01/2000,02:40:07.78,-851.07,-47.85,-535.16,0.78,-0.23,1.18,71.25,51.90,-10.05,28.32,6.83,-17.93,-993.08,288.75,-910.0,-306.25,1,53.205,"
1784211147.059592,"01/01/2000,02:40:07.82,-846.19,-60.55,-519.04,-0.11,2.02,1.11,73.05,52.05,-10.50,28.37,6.83,-18.06,-993.08,271.25,-770.0,-323.75,1,53.178,"
1784211147.0763698,"01/01/2000,02:40:07.84,-852.54,-58.11,-523.93,0.79,1.53,2.31,70.65,51.30,-11.25,28.41,6.71,-18.06,-992.96,288.75,-787.50,-192.50,1,53.277,"
1784211147.1168559,"01/01/2000,02:40:07.88,-851.07,-58.59,-527.34,1.93,-1.48,0.07,72.30,51.30,-10.95,28.51,6.59,-18.18,-993.08,332.50,-840.0,-402.50,1,53.249,"
1784211147.1547625,"01/01/2000,02:40:07.91,-859.86,-48.34,-525.88,2.75,0.76,2.09,72.30,51.60,-9.0,28.17,6.59,-18.30,-993.08,201.25,-831.25,-341.25,1,53.222,"
1784211147.1766672,"01/01/2000,02:40:07.93,-849.61,-48.83,-522.46,0.95,1.08,1.31,72.60,51.60,-10.50,28.41,6.71,-18.18,-993.32,315.0,-787.50,-271.25,1,53.209,"
1784211147.1933966,"01/01/2000,02:40:07.95,-856.45,-63.96,-522.46,-1.56,-0.32,-0.40,72.75,51.45,-8.85,28.41,6.59,-18.06,-993.45,262.50,-752.50,-271.25,1,53.196,"
1784211147.2037115,"01/01/2000,02:40:07.97,-854.98,-49.32,-536.62,1.34,-1.40,-2.95,71.10,51.60,-10.50,28.51,6.59,-18.06,-993.32,253.75,-796.25,-323.75,1,53.292,"
1784211147.2241626,"01/01/2000,02:40:07.99,-857.91,-65.43,-528.32,2.10,-2.37,3.40,73.20,53.40,-9.60,28.32,6.34,-18.06,-993.32,306.25,-752.50,-315.0,1,53.279,"
1784211147.2446775,"01/01/2000,02:40:08.01,-853.52,-51.27,-525.39,-1.65,2.57,0.40,72.0,52.20,-9.60,28.37,6.34,-18.06,-993.08,157.50,-848.75,-253.75,1,53.265,"
1784211147.2759428,"01/01/2000,02:40:08.04,-842.29,-54.69,-525.39,1.18,0.81,0.76,72.30,51.60,-10.95,28.51,6.71,-18.06,-993.32,288.75,-892.50,-297.50,1,53.239,"
1784211147.3077242,"01/01/2000,02:40:08.06,-850.59,-59.57,-509.77,1.56,0.99,1.37,72.45,51.90,-9.30,28.51,6.83,-18.06,-993.20,183.75,-848.75,-385.0,1,53.226,"
1784211147.3199668,"01/01/2000,02:40:08.08,-854.49,-49.32,-526.86,0.85,2.23,-1.17,71.10,51.30,-10.95,28.41,6.83,-18.06,-993.08,332.50,-840.0,-332.50,1,53.213,"
1784211147.3384404,"01/01/2000,02:40:08.10,-855.47,-54.20,-523.93,0.98,0.05,-0.54,71.70,52.20,-9.30,28.41,6.83,-18.18,-993.20,385.0,-945.0,-358.75,1,53.307,"
1784211147.3488276,"01/01/2000,02:40:08.12,-852.05,-55.18,-524.41,1.47,-0.56,-0.42,71.70,52.20,-10.35,28.08,6.71,-18.30,-993.32,192.50,-857.50,-463.75,1,53.293,"
1784211147.3693593,"01/01/2000,02:40:08.14,-858.89,-57.62,-521.48,0.28,0.03,2.65,72.60,52.05,-9.75,28.37,6.71,-18.18,-993.45,341.25,-717.50,-280.0,1,53.280,"
1784211147.412613,"01/01/2000,02:40:08.17,-855.96,-54.69,-519.53,-0.85,-1.34,0.21,72.75,52.20,-10.80,28.37,6.95,-18.30,-993.08,253.75,-831.25,-376.25,1,53.254,"
1784211147.4317107,"01/01/2000,02:40:08.19,-848.63,-68.36,-523.44,-0.23,2.34,1.15,70.50,51.0,-9.30,28.37,6.95,-18.30,-993.08,218.75,-787.50,-280.0,1,53.346,"
1784211147.4428275,"01/01/2000,02:40:08.21,-849.12,-62.01,-526.86,1.15,1.66,-0.05,71.70,52.20,-12.30,28.08,6.95,-18.30,-993.20,192.50,-918.75,-402.50,1,53.229,"
1784211147.4631865,"01/01/2000,02:40:08.23,-858.89,-46.39,-519.04,-0.83,-0.88,-0.65,71.25,50.25,-10.80,28.32,6.95,-18.42,-993.32,341.25,-848.75,-350.0,1,53.320,"
1784211147.4937212,"01/01/2000,02:40:08.25,-851.07,-60.55,-514.65,-0.11,-0.33,2.22,72.45,51.90,-10.05,28.03,7.08,-18.30,-993.32,271.25,-1032.50,-315.0,1,53.307,"
1784211147.5144908,"01/01/2000,02:40:08.27,-861.82,-59.57,-525.39,-1.76,-0.44,0.17,71.10,52.50,-10.50,28.17,7.20,-18.18,-993.32,245.0,-910.0,-271.25,1,53.191,"
1784211147.5348964,"01/01/2000,02:40:08.29,-848.63,-57.13,-531.25,0.49,2.34,-0.70,71.70,53.10,-9.30,28.37,7.20,-18.06,-993.08,315.0,-936.25,-323.75,1,53.179,"
1784211147.5567136,"01/01/2000,02:40:08.31,-841.31,-50.29,-523.44,-1.18,-1.38,0.05,71.40,51.60,-10.50,28.41,7.20,-18.06,-993.08,245.0,-770.0,-332.50,1,53.167,"
1784211147.5658507,"01/01/2000,02:40:08.33,-844.73,-57.62,-521.97,1.34,2.40,-0.82,71.40,51.30,-10.95,28.51,7.08,-18.06,-993.20,341.25,-796.25,-201.25,1,53.257,"
1784211147.586716,"01/01/2000,02:40:08.35,-865.23,-51.27,-519.04,0.85,-0.83,1.40,72.0,51.45,-9.30,28.22,6.95,-18.06,-993.20,323.75,-927.50,-315.0,1,53.244,"
1784211147.6176293,"01/01/2000,02:40:08.38,-842.77,-53.71,-514.65,0.98,-0.66,-0.70,71.70,53.10,-10.35,28.22,6.83,-18.18,-993.08,271.25,-831.25,-297.50,1,53.220,"
1784211147.6496336,"01/01/2000,02:40:08.40,-847.17,-41.99,-517.09,0.86,-1.90,-1.93,72.75,52.65,-10.35,28.17,6.83,-18.06,-993.08,245.0,-866.25,-358.75,1,53.208,"
1784211147.6585195,"01/01/2000,02:40:08.42,-851.56,-50.78,-532.71,1.53,0.21,-0.71,72.45,51.90,-10.35,28.41,6.95,-18.06,-993.08,140.0,-866.25,-218.75,1,53.195,"
1784211147.6788008,"01/01/2000,02:40:08.44,-855.96,-52.73,-523.44,0.79,-2.09,1.15,73.20,52.20,-11.85,28.37,6.71,-18.06,-992.84,148.75,-857.50,-323.75,1,53.184,"
1784211147.6892734,"01/01/2000,02:40:08.46,-855.96,-48.83,-532.71,0.39,0.45,-0.02,71.70,53.10,-10.05,28.32,6.71,-18.06,-992.84,105.0,-840.0,-315.0,1,53.271,"
1784211147.7206755,"01/01/2000,02:40:08.48,-851.07,-60.06,-528.81,3.56,-1.32,-1.27,72.60,51.30,-9.75,28.22,6.83,-17.81,-992.84,306.25,-770.0,-271.25,1,53.259,"
1784211147.7413332,"01/01/2000,02:40:08.50,-847.17,-54.69,-521.00,1.35,1.99,-1.29,71.10,52.80,-10.20,28.41,6.95,-17.93,-993.08,131.25,-831.25,-271.25,1,53.247,"
1784211147.7516537,"01/01/2000,02:40:08.51,-850.10,-55.18,-532.71,2.97,0.49,1.30,73.05,52.05,-8.70,28.08,6.95,-17.93,-993.08,280.0,-822.50,-306.25,1,53.235,"
1784211147.772281,"01/01/2000,02:40:08.53,-846.19,-56.64,-519.04,-1.82,-1.05,-0.01,71.40,52.05,-10.50,28.37,7.08,-17.93,-993.20,122.50,-892.50,-297.50,1,53.223,"
1784211147.8056302,"01/01/2000,02:40:08.57,-856.45,-52.73,-538.09,-0.64,-0.89,1.47,69.90,52.05,-9.0,28.60,6.95,-18.06,-993.32,183.75,-866.25,-332.50,1,53.297,"
1784211147.8454254,"01/01/2000,02:40:08.60,-849.61,-48.34,-530.27,1.21,-0.79,1.84,72.0,50.55,-9.60,28.22,6.83,-17.93,-993.32,122.50,-796.25,-227.50,1,53.273,"
1784211147.8670166,"01/01/2000,02:40:08.63,-860.84,-53.22,-532.71,2.74,0.53,0.15,69.90,50.40,-7.20,28.22,6.95,-18.06,-993.45,288.75,-892.50,-280.0,1,53.261,"
1784211147.8825576,"01/01/2000,02:40:08.64,-861.82,-55.18,-532.23,-0.03,-1.02,-2.32,69.90,50.40,-7.20,28.17,6.83,-18.06,-993.32,210.0,-936.25,-280.0,1,53.249,"
1784211147.9028835,"01/01/2000,02:40:08.66,-862.30,-57.62,-518.07,2.66,0.44,-0.93,71.25,50.55,-10.80,28.56,6.83,-18.18,-993.45,315.0,-866.25,-201.25,1,53.237,"
1784211147.9230757,"01/01/2000,02:40:08.68,-857.91,-51.27,-537.11,0.44,-0.60,-0.79,70.95,52.65,-10.05,28.37,6.83,-18.30,-993.08,288.75,-822.50,-280.0,1,53.226,"
1784211147.9436672,"01/01/2000,02:40:08.70,-848.14,-51.76,-534.67,3.52,0.18,-1.39,71.70,53.10,-11.10,28.32,6.95,-18.06,-993.08,280.0,-787.50,-253.75,1,53.309,"
1784211147.9541404,"01/01/2000,02:40:08.72,-847.66,-53.22,-516.11,-0.37,-2.39,0.74,71.70,51.90,-10.35,28.37,6.83,-18.06,-993.20,148.75,-761.25,-402.50,1,53.298,"
1784211147.9749978,"01/01/2000,02:40:08.73,-854.00,-58.11,-519.53,1.40,-0.73,-0.85,71.70,51.90,-10.35,28.32,6.95,-18.06,-993.32,393.75,-831.25,-236.25,1,53.286,"
1784211148.0070512,"01/01/2000,02:40:08.77,-852.05,-56.15,-526.86,3.21,1.51,1.45,72.75,52.20,-10.35,28.32,7.20,-18.06,-993.32,262.50,-805.0,-236.25,1,53.263,"
1784211148.0370116,"01/01/2000,02:40:08.80,-852.05,-46.88,-531.25,1.91,0.36,-1.17,71.70,51.45,-10.35,28.41,7.20,-18.06,-993.45,227.50,-883.75,-323.75,1,53.251,"
1784211148.067825,"01/01/2000,02:40:08.82,-853.03,-59.57,-533.69,-0.03,0.65,1.0,73.05,52.50,-10.50,28.37,7.08,-18.06,-993.32,245.0,-857.50,-341.25,1,53.240,"
1784211148.098509,"01/01/2000,02:40:08.86,-845.21,-57.13,-527.34,-1.23,-1.14,-2.67,72.60,51.30,-10.50,28.51,6.83,-18.06,-993.08,157.50,-953.75,-288.75,1,53.217,"
1784211148.119168,"01/01/2000,02:40:08.87,-854.00,-54.69,-517.09,-0.30,1.69,-2.12,72.60,51.30,-10.50,28.32,6.95,-18.18,-993.20,323.75,-875.0,-306.25,1,53.206,"
1784211148.1293495,"01/01/2000,02:40:08.90,-853.03,-53.22,-528.32,0.18,-0.78,-1.63,73.05,51.60,-10.50,28.51,6.83,-18.06,-993.20,367.50,-778.75,-358.75,1,53.195,"
1784211148.1496975,"01/01/2000,02:40:08.91,-846.68,-52.25,-521.48,1.42,-1.0,-1.39,72.60,52.80,-10.20,28.37,6.83,-17.93,-993.20,148.75,-997.50,-350.0,1,53.184,"
1784211148.1809406,"01/01/2000,02:40:08.95,-861.82,-64.94,-531.74,-0.14,-0.89,-3.32,72.45,51.45,-11.55,28.41,6.83,-18.06,-993.32,350.0,-901.25,-376.25,1,53.253,"
1784211148.211869,"01/01/2000,02:40:08.97,-854.00,-61.04,-533.20,0.11,0.56,-1.77,72.60,52.05,-9.75,28.03,6.83,-18.06,-993.32,332.50,-875.0,-411.25,1,53.242,"
1784211148.2223265,"01/01/2000,02:40:08.99,-854.49,-45.41,-513.67,-0.57,-1.47,-0.01,72.60,51.60,-12.15,28.37,6.83,-18.06,-993.08,236.25,-840.0,-332.50,1,53.231,"
1784211148.244205,"01/01/2000,02:40:09.00,-843.26,-60.55,-521.97,0.25,-1.05,0.83,71.25,51.90,-10.80,28.56,6.71,-18.18,-993.20,271.25,-778.75,-402.50,1,53.220,"
1784211148.2850428,"01/01/2000,02:40:09.04,-854.00,-57.62,-522.95,-0.87,-2.73,-1.41,73.05,52.05,-10.20,28.41,6.83,-18.30,-993.08,288.75,-822.50,-358.75,1,53.199,"
1784211148.305543,"01/01/2000,02:40:09.06,-851.07,-51.27,-528.81,1.66,0.66,-2.24,71.40,52.50,-10.20,28.41,6.71,-18.06,-993.08,367.50,-813.75,-350.0,1,53.188,"
1784211148.3160472,"01/01/2000,02:40:09.08,-873.05,-53.22,-512.21,2.18,0.49,0.15,72.30,52.05,-9.0,28.41,6.83,-18.06,-993.20,210.0,-892.50,-332.50,1,53.266,"
1784211148.3370404,"01/01/2000,02:40:09.10,-860.35,-54.20,-521.48,1.35,-2.20,-2.05,73.05,50.85,-9.75,28.37,6.83,-17.93,-993.20,122.50,-875.0,-350.0,1,53.255,"
1784211148.3581104,"01/01/2000,02:40:09.12,-863.77,-62.50,-520.51,-0.98,-4.11,-1.83,72.45,53.40,-10.80,28.08,6.83,-17.93,-993.08,280.0,-717.50,-262.50,1,53.245,"
1784211148.368455,"01/01/2000,02:40:09.13,-858.89,-58.11,-531.25,0.76,0.48,-3.71,73.05,51.60,-10.95,28.41,6.83,-18.06,-993.20,253.75,-892.50,-245.0,1,53.234,"
1784211148.3994632,"01/01/2000,02:40:09.15,-857.42,-53.22,-537.11,1.20,0.29,-0.92,71.40,52.50,-9.45,28.41,6.83,-17.93,-993.08,350.0,-831.25,-236.25,1,53.223,"
1784211148.4098306,"01/01/2000,02:40:09.17,-857.42,-58.11,-528.81,1.52,-0.18,-2.36,71.40,51.30,-10.50,28.03,6.83,-17.81,-992.84,297.50,-901.25,-288.75,1,53.213,"
1784211148.4328427,"01/01/2000,02:40:09.19,-841.31,-54.20,-529.30,-1.45,0.08,0.34,71.40,50.40,-11.25,28.08,6.83,-17.81,-992.84,288.75,-918.75,-262.50,1,53.202,"
1784211148.4446366,"01/01/2000,02:40:09.21,-858.89,-67.87,-519.53,2.09,-0.34,1.18,71.25,52.65,-10.35,28.37,7.08,-17.93,-993.08,306.25,-840.0,-280.0,1,53.279,"
1784211148.4616108,"01/01/2000,02:40:09.23,-853.52,-60.06,-521.48,-1.25,-0.31,-0.28,72.0,51.0,-9.30,28.37,6.95,-17.81,-993.08,140.0,-813.75,-411.25,1,53.268,"
1784211148.4927812,"01/01/2000,02:40:09.25,-865.72,-54.69,-530.76,-0.79,-1.09,-0.33,72.0,51.0,-9.30,28.32,6.83,-17.81,-992.96,192.50,-778.75,-306.25,1,53.257,"
1784211148.5032687,"01/01/2000,02:40:09.26,-842.29,-60.55,-519.04,2.58,0.85,0.37,72.75,51.90,-11.10,28.41,6.83,-17.81,-992.84,280.0,-813.75,-271.25,1,53.247,"
1784211148.5240905,"01/01/2000,02:40:09.28,-847.66,-48.83,-518.55,-1.81,-0.17,-1.36,72.75,51.45,-10.80,28.37,6.83,-17.93,-993.08,227.50,-848.75,-323.75,1,53.236,"
1784211148.5553527,"01/01/2000,02:40:09.31,-866.21,-45.90,-514.16,-0.31,1.23,-0.93,73.05,52.80,-9.45,28.37,6.83,-17.93,-992.96,332.50,-778.75,-393.75,1,53.226,"
1784211148.5693884,"01/01/2000,02:40:09.33,-871.58,-51.27,-521.00,2.52,-0.82,0.09,72.30,51.30,-9.75,28.41,6.83,-18.06,-993.08,341.25,-752.50,-288.75,1,53.215,"
1784211148.586589,"01/01/2000,02:40:09.35,-863.28,-53.71,-534.67,0.67,-0.15,0.82,73.05,49.65,-10.20,28.17,6.83,-18.18,-992.96,323.75,-840.0,-280.0,1,53.205,"
1784211148.5969772,"01/01/2000,02:40:09.36,-854.49,-57.13,-525.39,-1.18,-0.47,-0.12,73.05,49.65,-10.20,28.32,6.83,-18.30,-992.84,253.75,-848.75,-253.75,1,53.195,"
1784211148.617801,"01/01/2000,02:40:09.39,-860.35,-56.15,-531.25,-0.29,0.78,-0.14,71.10,51.60,-10.50,28.60,6.83,-18.30,-992.96,201.25,-1006.25,-358.75,1,53.185,"
1784211148.649014,"01/01/2000,02:40:09.40,-855.96,-63.96,-518.07,1.70,-2.15,-2.76,72.60,50.85,-10.20,28.22,6.83,-18.30,-992.96,332.50,-796.25,-288.75,1,53.175,"
1784211148.6592443,"01/01/2000,02:40:09.42,-850.10,-53.71,-524.41,1.16,0.73,3.02,72.45,51.90,-10.80,28.37,6.83,-18.30,-992.96,350.0,-857.50,-358.75,1,53.165,"
1784211148.6801205,"01/01/2000,02:40:09.44,-846.19,-57.13,-527.83,-2.05,0.46,-1.35,72.60,51.60,-10.50,28.37,6.83,-18.30,-993.08,218.75,-883.75,-315.0,1,53.155,"
1784211148.7006876,"01/01/2000,02:40:09.46,-856.45,-56.64,-534.67,2.94,2.58,1.02,71.85,53.25,-10.20,28.37,6.83,-18.18,-993.08,446.25,-918.75,-332.50,1,53.228,"
1784211148.7112448,"01/01/2000,02:40:09.48,-850.10,-57.62,-537.60,2.21,-0.60,1.19,72.60,52.05,-10.50,28.37,6.71,-18.18,-993.08,201.25,-778.75,-201.25,1,53.218,"
1784211148.7419975,"01/01/2000,02:40:09.49,-847.66,-61.52,-526.86,-0.47,1.22,2.30,72.0,51.45,-10.05,28.22,6.83,-18.06,-993.08,288.75,-831.25,-288.75,1,53.208,"
1784211148.7568157,"01/01/2000,02:40:09.52,-838.87,-69.34,-536.13,0.02,1.11,-1.24,71.85,52.50,-11.25,28.32,6.95,-18.06,-993.20,358.75,-1006.25,-288.75,1,53.198,"
1784211148.7829723,"01/01/2000,02:40:09.55,-851.56,-55.18,-518.55,1.31,-1.72,-0.48,71.70,51.90,-10.05,28.22,6.71,-17.93,-993.32,210.0,-743.75,-358.75,1,53.178,"
1784211148.8038898,"01/01/2000,02:40:09.57,-855.47,-60.06,-523.44,1.93,-1.38,-0.69,71.70,51.0,-11.55,28.22,6.71,-18.06,-993.08,341.25,-927.50,-341.25,1,53.251,"
1784211148.8460186,"01/01/2000,02:40:09.61,-853.03,-59.57,-526.37,-1.55,0.69,-0.73,72.30,52.05,-12.45,28.32,6.59,-17.93,-993.08,297.50,-875.0,-341.25,1,53.231,"
1784211148.8671567,"01/01/2000,02:40:09.62,-844.24,-49.32,-527.83,-0.95,0.69,-1.44,72.0,51.90,-10.80,28.08,6.83,-18.06,-993.08,411.25,-883.75,-306.25,1,53.221,"
1784211148.8819807,"01/01/2000,02:40:09.65,-850.59,-54.69,-524.90,-1.36,-1.60,0.85,70.95,52.20,-10.80,28.08,6.83,-18.06,-993.20,253.75,-822.50,-393.75,1,53.211,"
1784211148.9149957,"01/01/2000,02:40:09.68,-862.30,-52.73,-533.20,-1.18,-0.53,-1.61,71.85,50.85,-9.45,28.32,6.83,-18.06,-993.08,157.50,-822.50,-350.0,1,53.191,"
1784211148.94377,"01/01/2000,02:40:09.70,-853.52,-59.08,-525.88,1.25,1.26,-0.09,71.40,52.05,-9.75,28.41,6.83,-18.06,-993.32,420.0,-848.75,-288.75,1,53.263,"
1784211148.9541934,"01/01/2000,02:40:09.72,-844.73,-55.18,-531.74,1.04,1.23,0.59,72.45,51.90,-9.30,28.41,6.95,-18.18,-993.45,288.75,-743.75,-271.25,1,53.253,"
1784211148.9747593,"01/01/2000,02:40:09.74,-866.70,-55.18,-525.39,-0.15,0.40,0.14,72.45,51.90,-9.30,28.22,6.95,-18.18,-993.45,210.0,-778.75,-358.75,1,53.243,"
1784211148.9950805,"01/01/2000,02:40:09.75,-860.35,-52.73,-518.07,3.27,0.11,-0.58,73.20,51.90,-10.05,28.51,7.08,-18.18,-993.57,236.25,-848.75,-341.25,1,53.233,"
1784211149.0051768,"01/01/2000,02:40:09.77,-853.52,-60.06,-518.07,1.24,0.09,1.21,73.35,49.95,-10.20,28.32,6.95,-18.06,-993.32,131.25,-901.25,-323.75,1,53.223,"
1784211149.0259464,"01/01/2000,02:40:09.79,-852.05,-57.62,-518.07,-1.31,-1.20,0.94,72.45,52.65,-9.30,28.37,6.95,-18.06,-993.32,157.50,-901.25,-288.75,1,53.214,"
1784211149.0572088,"01/01/2000,02:40:09.82,-849.61,-53.22,-518.07,0.22,-1.25,-1.37,70.95,50.55,-10.35,28.41,6.95,-18.06,-993.08,236.25,-962.50,-253.75,1,53.204,"
1784211149.0879374,"01/01/2000,02:40:09.84,-850.10,-50.29,-525.88,-1.12,-0.58,-0.92,72.60,51.30,-9.0,28.41,7.08,-17.93,-993.32,253.75,-910.0,-280.0,1,53.195,"
1784211149.0982273,"01/01/2000,02:40:09.86,-844.73,-48.83,-528.32,-0.11,-0.50,0.89,71.25,51.90,-10.80,28.03,6.95,-17.93,-993.32,367.50,-857.50,-227.50,1,53.185,"
1784211149.1189857,"01/01/2000,02:40:09.88,-848.63,-47.36,-532.23,2.66,2.58,1.02,72.30,51.60,-9.75,28.17,6.83,-18.06,-993.20,306.25,-918.75,-358.75,1,53.176,"
1784211149.1293828,"01/01/2000,02:40:09.89,-853.03,-48.34,-521.48,-0.12,-0.51,-0.23,72.30,51.60,-9.75,28.41,6.71,-18.06,-993.20,271.25,-840.0,-315.0,1,53.166,"
1784211149.150053,"01/01/2000,02:40:09.91,-850.10,-57.62,-520.02,-1.43,-0.28,-1.05,71.85,51.30,-9.75,28.32,6.83,-18.18,-993.20,306.25,-761.25,-271.25,1,53.157,"
1784211149.19129,"01/01/2000,02:40:09.95,-861.33,-56.64,-522.46,-2.84,-1.76,-2.29,72.0,51.45,-11.10,28.32,6.95,-18.06,-993.32,271.25,-883.75,-341.25,1,53.139,"
1784211149.2119713,"01/01/2000,02:40:09.97,-865.23,-62.50,-509.28,-2.02,1.56,-1.82,70.65,51.60,-9.75,28.60,6.83,-18.06,-993.20,236.25,-805.0,-332.50,1,53.207,"
1784211149.2225232,"01/01/2000,02:40:09.99,-858.89,-59.08,-527.34,-1.69,-0.08,0.08,71.25,51.45,-9.30,28.37,6.71,-18.06,-993.08,262.50,-848.75,-262.50,1,53.198,"
1784211149.2471535,"01/01/2000,02:40:10.01,-857.42,-62.01,-523.93,1.34,-1.11,2.82,72.45,51.45,-10.05,28.51,6.83,-18.06,-993.08,245.0,-875.0,-323.75,1,53.188,"
1784211149.2642043,"01/01/2000,02:40:10.02,-852.05,-54.69,-534.18,-1.33,1.42,-0.09,72.60,51.30,-10.20,28.37,6.83,-17.93,-992.96,236.25,-857.50,-332.50,1,53.179,"
1784211149.2748015,"01/01/2000,02:40:10.04,-852.54,-62.50,-524.90,-0.55,-2.44,0.67,71.70,51.45,-11.10,28.41,7.08,-17.93,-992.84,271.25,-778.75,-323.75,1,53.170,"
1784211149.3056934,"01/01/2000,02:40:10.06,-854.00,-49.80,-523.44,0.31,1.08,-1.17,72.0,50.55,-9.60,28.41,6.83,-17.93,-992.84,271.25,-883.75,-227.50,1,53.161,"
1784211149.3181028,"01/01/2000,02:40:10.08,-858.89,-63.96,-519.53,1.04,1.16,1.85,71.70,52.65,-10.05,28.60,6.83,-18.06,-993.08,253.75,-761.25,-402.50,1,53.152,"
1784211149.3366766,"01/01/2000,02:40:10.10,-866.21,-58.59,-522.46,1.27,-0.12,1.66,71.85,51.30,-9.75,28.32,6.83,-18.18,-993.20,262.50,-910.0,-332.50,1,53.219,"
1784211149.357596,"01/01/2000,02:40:10.12,-842.77,-62.50,-522.46,2.40,0.63,-0.15,72.75,51.90,-9.60,28.37,6.95,-18.06,-993.08,262.50,-857.50,-376.25,1,53.210,"
1784211149.378398,"01/01/2000,02:40:10.14,-854.00,-68.36,-522.46,1.68,0.06,1.96,69.15,49.65,-7.50,28.37,6.83,-18.30,-992.96,262.50,-770.0,-288.75,1,53.201,"
1784211149.399092,"01/01/2000,02:40:10.15,-854.98,-58.59,-526.37,-1.38,1.86,-0.33,71.70,52.20,-10.05,28.51,6.95,-18.30,-992.84,315.0,-787.50,-385.0,1,53.191,"
1784211149.4137704,"01/01/2000,02:40:10.17,-843.26,-62.50,-527.83,-0.83,-0.28,1.76,71.85,51.60,-8.70,28.37,6.95,-18.30,-993.08,315.0,-638.75,-288.75,1,53.182,"
1784211149.4327967,"01/01/2000,02:40:10.19,-851.07,-46.39,-529.30,1.01,-1.78,2.95,73.65,52.65,-10.80,28.37,7.08,-18.30,-993.08,358.75,-883.75,-306.25,1,53.173,"
1784211149.4521236,"01/01/2000,02:40:10.21,-850.59,-53.22,-523.93,-1.76,0.27,0.13,72.75,52.65,-10.05,28.51,6.83,-18.30,-993.08,262.50,-945.0,-358.75,1,53.165,"
1784211149.4648829,"01/01/2000,02:40:10.23,-852.05,-64.45,-536.62,-1.39,-1.98,-1.34,72.30,52.50,-10.95,28.37,6.83,-18.30,-993.08,245.0,-805.0,-280.0,1,53.230,"
1784211149.495072,"01/01/2000,02:40:10.25,-861.33,-51.76,-522.46,1.73,0.34,-0.70,72.60,51.60,-11.25,28.32,6.95,-18.30,-993.08,288.75,-848.75,-271.25,1,53.221,"
1784211149.5031447,"01/01/2000,02:40:10.27,-847.66,-50.78,-524.41,1.17,0.19,-1.52,72.75,51.90,-11.55,28.17,7.08,-18.06,-993.20,393.75,-778.75,-367.50,1,53.212,"
1784211149.5237105,"01/01/2000,02:40:10.28,-854.00,-47.85,-523.93,2.21,1.52,-0.26,68.40,49.95,-7.50,28.37,7.08,-18.06,-993.32,350.0,-743.75,-332.50,1,53.203,"
1784211149.5340734,"01/01/2000,02:40:10.30,-846.68,-41.50,-530.27,-2.08,0.89,-2.06,71.85,52.50,-10.20,28.22,6.83,-17.93,-993.08,315.0,-840.0,-367.50,1,53.194,"
1784211149.5650973,"01/01/2000,02:40:10.33,-849.61,-65.43,-525.39,-1.60,1.40,0.03,71.10,52.05,-10.20,28.56,6.95,-17.93,-992.96,280.0,-761.25,-297.50,1,53.186,"
1784211149.590902,"01/01/2000,02:40:10.35,-837.89,-58.59,-524.90,-0.88,0.08,1.31,72.0,51.90,-10.05,28.17,6.83,-17.81,-993.08,358.75,-691.25,-332.50,1,53.177,"
1784211149.623442,"01/01/2000,02:40:10.38,-856.45,-49.80,-516.11,1.68,-0.93,-1.04,72.60,50.85,-9.75,28.22,6.95,-17.93,-993.08,227.50,-805.0,-166.25,1,53.159,"
1784211149.6497786,"01/01/2000,02:40:10.41,-847.17,-52.73,-513.67,-0.66,-0.07,-0.91,71.25,51.90,-10.05,28.32,6.95,-17.93,-993.20,210.0,-778.75,-367.50,1,53.151,"
1784211149.6644747,"01/01/2000,02:40:10.42,-846.19,-54.69,-529.30,0.15,-0.53,-1.62,70.65,51.30,-9.0,28.08,6.95,-17.93,-993.32,96.25,-892.50,-288.75,1,53.142,"
1784211149.6819844,"01/01/2000,02:40:10.44,-856.93,-45.41,-526.86,2.02,2.59,0.15,71.25,53.10,-10.35,28.08,7.08,-17.93,-993.45,201.25,-866.25,-262.50,1,53.134,"
1784211149.6983685,"01/01/2000,02:40:10.46,-862.30,-60.06,-524.90,1.43,0.75,1.95,72.75,52.20,-8.40,28.37,6.83,-18.06,-993.32,297.50,-770.0,-306.25,1,53.197,"
1784211149.7224257,"01/01/2000,02:40:10.48,-859.38,-56.64,-529.30,0.21,-0.14,0.61,70.95,50.55,-7.35,28.03,6.83,-17.93,-993.57,323.75,-770.0,-350.0,1,53.189,"
1784211149.7430694,"01/01/2000,02:40:10.50,-852.05,-52.25,-527.83,1.75,-0.12,1.86,70.95,50.55,-7.35,28.51,6.95,-18.06,-993.45,306.25,-796.25,-236.25,1,53.180,"
1784211149.7525394,"01/01/2000,02:40:10.51,-852.54,-65.92,-521.00,2.47,-1.15,-0.31,72.75,51.45,-11.55,28.37,6.71,-18.06,-993.32,245.0,-953.75,-332.50,1,53.171,"
1784211149.7722547,"01/01/2000,02:40:10.53,-859.86,-56.64,-526.86,3.39,-0.85,-0.04,71.10,51.30,-10.20,28.03,6.59,-18.06,-993.32,358.75,-857.50,-385.0,1,53.163,"
1784211149.7930481,"01/01/2000,02:40:10.55,-861.33,-62.99,-527.34,0.87,0.48,-1.78,72.0,54.30,-10.80,28.32,6.59,-17.81,-993.08,280.0,-875.0,-306.25,1,53.154,"
1784211149.809862,"01/01/2000,02:40:10.57,-860.84,-47.36,-524.41,-0.47,0.27,-1.45,70.95,51.90,-9.60,28.37,6.71,-17.93,-993.08,367.50,-936.25,-297.50,1,53.217,"
1784211149.8493798,"01/01/2000,02:40:10.61,-851.07,-58.11,-510.25,0.63,-0.32,-1.57,72.45,52.20,-11.10,28.51,6.83,-17.81,-993.20,297.50,-857.50,-332.50,1,53.200,"
1784211149.8703904,"01/01/2000,02:40:10.63,-853.03,-40.53,-524.90,2.25,1.97,-1.99,71.25,52.20,-11.10,28.32,6.83,-17.93,-993.20,175.0,-805.0,-323.75,1,53.191,"
1784211149.8832033,"01/01/2000,02:40:10.64,-868.65,-62.99,-521.97,-1.53,-0.91,-1.99,71.10,51.60,-10.50,28.17,6.83,-17.93,-993.20,350.0,-770.0,-262.50,1,53.183,"
1784211149.8935437,"01/01/2000,02:40:10.66,-863.28,-44.92,-523.93,0.56,0.93,1.69,72.60,52.05,-10.50,28.08,6.83,-17.93,-993.08,227.50,-840.0,-315.0,1,53.175,"
1784211149.9147112,"01/01/2000,02:40:10.68,-859.86,-52.73,-537.60,-1.10,-1.24,-0.68,71.10,50.85,-9.75,28.37,6.95,-17.81,-993.08,218.75,-822.50,-271.25,1,53.166,"
1784211149.9583929,"01/01/2000,02:40:10.72,-834.47,-71.78,-526.86,0.09,0.89,2.13,73.05,52.50,-10.95,28.37,6.83,-17.93,-993.08,271.25,-901.25,-393.75,1,53.219,"
1784211149.9782624,"01/01/2000,02:40:10.73,-851.07,-53.71,-525.39,-0.11,-1.11,-1.76,71.70,52.20,-9.30,28.17,6.83,-17.81,-993.08,210.0,-831.25,-280.0,1,53.211,"
1784211149.9968975,"01/01/2000,02:40:10.75,-850.59,-47.85,-524.41,1.93,-0.37,0.22,72.30,52.05,-11.25,28.56,6.95,-17.81,-993.20,192.50,-866.25,-350.0,1,53.203,"
1784211150.0140243,"01/01/2000,02:40:10.77,-850.59,-51.27,-537.11,-0.15,-0.15,-0.58,71.10,53.25,-10.20,28.03,7.08,-17.81,-993.08,192.50,-743.75,-341.25,1,53.194,"
1784211150.041006,"01/01/2000,02:40:10.79,-844.73,-52.73,-521.97,0.60,1.11,0.93,70.95,50.25,-10.80,28.41,7.08,-17.81,-993.08,218.75,-875.0,-446.25,1,53.255,"
1784211150.0524824,"01/01/2000,02:40:10.81,-851.56,-60.06,-536.13,3.38,0.25,1.18,72.30,51.30,-9.75,28.37,7.08,-17.81,-993.08,280.0,-822.50,-280.0,1,53.178,"
1784211150.0745368,"01/01/2000,02:40:10.83,-858.40,-60.55,-524.41,0.15,-1.54,-0.89,72.75,52.20,-10.35,28.08,7.08,-17.81,-993.08,288.75,-761.25,-245.0,1,53.169,"
1784211150.1023653,"01/01/2000,02:40:10.86,-857.91,-48.83,-526.86,0.76,1.27,-3.41,72.75,52.65,-10.35,28.08,6.95,-17.81,-993.08,262.50,-927.50,-315.0,1,53.161,"
1784211150.1126168,"01/01/2000,02:40:10.87,-855.47,-60.55,-529.79,-0.11,0.73,-0.37,71.25,51.90,-10.05,28.37,7.08,-17.69,-993.20,227.50,-735.0,-341.25,1,53.153,"
1784211150.133148,"01/01/2000,02:40:10.89,-854.98,-55.66,-522.46,1.73,-2.49,-0.63,72.30,52.05,-9.75,28.51,7.08,-17.81,-993.57,297.50,-945.0,-358.75,1,53.145,"
1784211150.1624756,"01/01/2000,02:40:10.93,-875.98,-56.64,-528.32,-2.36,-0.60,3.49,72.60,50.85,-9.0,28.08,7.08,-17.81,-993.45,210.0,-831.25,-280.0,1,53.197,"
1784211150.1940758,"01/01/2000,02:40:10.95,-849.12,-54.20,-526.86,-0.67,1.58,1.06,72.60,52.05,-11.25,28.41,7.08,-17.93,-993.57,306.25,-796.25,-253.75,1,53.189,"
1784211150.2041736,"01/01/2000,02:40:10.97,-843.75,-65.43,-525.39,-2.63,1.11,-0.70,69.90,48.45,-7.95,28.32,7.08,-17.81,-993.32,271.25,-848.75,-315.0,1,53.181,"
1784211150.2265885,"01/01/2000,02:40:10.99,-860.84,-57.13,-533.69,0.22,0.63,0.33,72.30,52.80,-9.75,28.41,7.08,-17.81,-993.32,253.75,-796.25,-332.50,1,53.173,"
1784211150.2440238,"01/01/2000,02:40:11.00,-852.54,-68.85,-531.74,2.69,1.92,1.34,72.60,50.85,-9.45,28.37,7.20,-17.93,-993.32,358.75,-866.25,-428.75,1,53.165,"
1784211150.282617,"01/01/2000,02:40:11.04,-843.26,-54.69,-527.83,-1.03,-0.03,-0.92,71.70,51.45,-8.85,28.41,6.83,-17.93,-993.32,306.25,-857.50,-210.0,1,53.149,"
1784211150.300282,"01/01/2000,02:40:11.06,-853.03,-64.94,-526.37,-1.31,-0.61,1.76,71.85,52.50,-10.50,28.41,6.83,-17.93,-993.32,323.75,-953.75,-358.75,1,53.208,"
1784211150.3180847,"01/01/2000,02:40:11.08,-850.59,-63.48,-518.55,1.75,-0.75,-0.62,71.85,52.50,-10.50,28.22,6.83,-17.81,-993.32,236.25,-857.50,-306.25,1,53.199,"
1784211150.3396442,"01/01/2000,02:40:11.10,-852.54,-64.45,-526.86,-2.21,-1.21,0.83,72.60,51.30,-10.95,28.41,6.83,-18.06,-993.32,218.75,-918.75,-288.75,1,53.191,"
1784211150.3565764,"01/01/2000,02:40:11.11,-865.23,-53.22,-519.53,-0.52,-1.18,0.43,71.70,51.45,-10.05,28.32,6.95,-18.06,-993.32,227.50,-805.0,-411.25,1,53.184,"
1784211150.3797212,"01/01/2000,02:40:11.13,-846.19,-59.08,-523.44,0.05,-1.21,0.21,71.25,51.0,-9.60,28.37,7.08,-17.93,-993.32,315.0,-761.25,-297.50,1,53.176,"
1784211150.400073,"01/01/2000,02:40:11.15,-844.24,-56.15,-526.37,-0.33,-1.98,0.34,71.85,51.60,-9.75,28.37,7.08,-17.93,-993.20,306.25,-831.25,-271.25,1,53.168,"
1784211150.4123685,"01/01/2000,02:40:11.17,-867.19,-67.38,-523.93,1.26,0.94,-0.83,73.05,50.40,-9.45,28.37,7.08,-17.93,-993.32,280.0,-892.50,-428.75,1,53.160,"
1784211150.4297187,"01/01/2000,02:40:11.19,-860.35,-56.64,-516.11,0.42,1.55,-0.15,71.70,51.90,-9.30,28.22,7.08,-18.06,-993.32,245.0,-910.0,-306.25,1,53.218,"
1784211150.4469566,"01/01/2000,02:40:11.21,-845.21,-48.83,-519.04,0.35,0.91,0.47,71.85,51.30,-9.45,28.56,7.08,-17.93,-993.20,201.25,-980.0,-358.75,1,53.210,"
1784211150.48474,"01/01/2000,02:40:11.24,-847.17,-61.52,-525.88,1.79,1.57,0.36,71.10,52.50,-9.75,28.37,6.83,-18.06,-993.20,332.50,-778.75,-288.75,1,53.194,"
1784211150.5075336,"01/01/2000,02:40:11.26,-854.00,-65.43,-528.81,1.28,2.24,-0.53,73.20,52.65,-10.80,28.22,6.83,-17.93,-992.96,175.0,-980.0,-271.25,1,53.186,"
1784211150.5215552,"01/01/2000,02:40:11.28,-860.35,-54.20,-528.81,2.35,0.42,1.84,72.45,52.65,-10.35,28.22,6.83,-18.06,-993.08,157.50,-761.25,-253.75,1,53.244,"
1784211150.5414407,"01/01/2000,02:40:11.30,-854.00,-50.29,-523.44,-1.31,1.52,0.95,71.25,51.0,-10.05,28.37,6.71,-18.06,-993.08,262.50,-813.75,-341.25,1,53.236,"
1784211150.558494,"01/01/2000,02:40:11.32,-867.19,-52.25,-531.25,-0.05,-1.82,-0.39,71.25,52.20,-10.05,28.51,6.71,-18.06,-993.32,367.50,-945.0,-367.50,1,53.228,"
1784211150.5837312,"01/01/2000,02:40:11.33,-845.70,-50.29,-513.18,2.19,-0.36,1.78,72.60,54.0,-9.75,28.37,6.59,-18.06,-993.32,245.0,-770.0,-315.0,1,53.220,"
1784211150.5994008,"01/01/2000,02:40:11.36,-857.42,-52.25,-527.34,-0.43,1.07,2.22,70.05,50.55,-8.40,28.37,6.59,-18.06,-993.45,218.75,-945.0,-323.75,1,53.212,"
1784211150.6228375,"01/01/2000,02:40:11.38,-854.49,-55.66,-534.67,-1.46,-2.0,1.91,72.60,52.05,-9.45,28.41,6.71,-18.18,-993.32,245.0,-813.75,-376.25,1,53.140,"
1784211150.6574435,"01/01/2000,02:40:11.42,-849.12,-55.18,-527.34,1.20,2.41,1.13,72.30,52.05,-10.50,28.41,6.83,-18.06,-992.84,148.75,-787.50,-280.0,1,53.189,"
1784211150.6787734,"01/01/2000,02:40:11.44,-855.47,-49.80,-522.46,1.27,-1.27,-0.35,71.85,52.05,-9.45,28.32,6.83,-17.93,-992.84,393.75,-875.0,-227.50,1,53.181,"
1784211150.6957834,"01/01/2000,02:40:11.45,-850.59,-51.76,-527.34,0.45,-1.02,2.07,70.65,51.30,-10.20,28.51,6.83,-18.06,-992.84,157.50,-875.0,-297.50,1,53.174,"
1784211150.713445,"01/01/2000,02:40:11.47,-848.63,-49.80,-533.20,-1.22,-2.63,-1.75,71.40,52.05,-10.20,28.60,6.83,-18.06,-992.84,323.75,-752.50,-376.25,1,53.166,"
1784211150.730606,"01/01/2000,02:40:11.49,-858.40,-56.15,-524.90,0.79,1.41,2.88,72.0,52.20,-9.60,28.32,6.95,-18.06,-992.84,253.75,-892.50,-341.25,1,53.222,"
1784211150.7681634,"01/01/2000,02:40:11.53,-853.03,-50.78,-522.46,0.03,1.80,0.95,70.65,50.85,-9.0,28.37,6.95,-18.06,-992.84,148.75,-918.75,-428.75,1,53.207,"
1784211150.7880127,"01/01/2000,02:40:11.55,-850.59,-54.20,-529.79,0.92,-1.82,2.37,72.0,51.0,-10.35,28.37,6.95,-18.06,-993.08,280.0,-945.0,-323.75,1,53.199,"
1784211150.8030324,"01/01/2000,02:40:11.56,-860.35,-54.69,-515.14,2.21,-4.42,2.70,71.85,51.30,-10.50,28.32,6.95,-18.18,-993.20,183.75,-910.0,-350.0,1,53.191,"
1784211150.8246334,"01/01/2000,02:40:11.58,-854.00,-60.06,-529.30,0.01,0.77,2.37,72.30,51.30,-10.20,28.32,6.83,-18.18,-993.08,166.25,-901.25,-367.50,1,53.184,"
1784211150.8515217,"01/01/2000,02:40:11.62,-857.42,-52.73,-525.88,2.35,-1.41,-0.09,71.25,51.45,-10.80,28.37,6.95,-18.06,-993.08,218.75,-892.50,-350.0,1,53.231,"
1784211150.8808837,"01/01/2000,02:40:11.64,-865.72,-55.18,-523.44,0.44,1.75,1.62,71.40,49.95,-8.70,28.56,6.95,-18.18,-993.20,148.75,-883.75,-323.75,1,53.224,"
1784211150.913244,"01/01/2000,02:40:11.67,-864.75,-54.20,-534.67,3.56,0.41,-0.10,73.05,52.50,-10.50,28.41,7.08,-18.06,-993.20,280.0,-805.0,-332.50,1,53.209,"
1784211150.930027,"01/01/2000,02:40:11.69,-864.75,-62.01,-517.58,-2.07,1.31,2.0,72.75,52.65,-10.05,28.37,6.95,-18.18,-992.96,218.75,-822.50,-323.75,1,53.201,"
1784211150.9715576,"01/01/2000,02:40:11.73,-848.14,-51.76,-515.14,0.62,-2.14,1.83,73.20,51.0,-9.60,28.08,6.95,-18.30,-993.08,157.50,-813.75,-297.50,1,53.187,"
1784211150.9943662,"01/01/2000,02:40:11.75,-848.63,-64.45,-526.86,1.59,-0.18,-1.69,73.20,51.0,-9.60,28.41,6.83,-18.30,-993.08,306.25,-778.75,-297.50,1,53.241,"
1784211151.0048778,"01/01/2000,02:40:11.76,-847.66,-59.57,-537.11,1.11,0.36,0.34,71.70,52.20,-9.60,28.37,6.83,-18.18,-992.96,376.25,-813.75,-262.50,1,53.233,"
1784211151.0260057,"01/01/2000,02:40:11.79,-854.49,-50.78,-523.44,2.91,-0.23,-0.53,72.30,50.85,-9.45,28.22,6.83,-18.06,-993.32,236.25,-857.50,-306.25,1,53.226,"
1784211151.0449023,"01/01/2000,02:40:11.80,-848.63,-51.76,-521.00,-0.39,0.10,0.56,71.70,52.20,-9.30,28.17,6.71,-18.06,-993.45,236.25,-761.25,-288.75,1,53.218,"
1784211151.0653334,"01/01/2000,02:40:11.82,-854.49,-54.20,-523.93,1.65,-1.40,0.24,73.20,51.90,-9.30,28.37,6.59,-18.18,-993.45,148.75,-813.75,-332.50,1,53.211,"
1784211151.0859883,"01/01/2000,02:40:11.84,-856.45,-62.99,-530.27,0.50,1.78,-2.10,70.50,51.45,-11.10,28.51,6.83,-17.93,-993.32,245.0,-761.25,-350.0,1,53.204,"
1784211151.1291173,"01/01/2000,02:40:11.89,-856.45,-54.20,-531.74,1.10,0.60,1.57,71.25,51.0,-8.85,28.37,6.95,-17.93,-993.20,192.50,-962.50,-306.25,1,53.189,"
1784211151.149451,"01/01/2000,02:40:11.90,-856.93,-60.55,-527.34,2.50,0.56,2.12,70.50,50.25,-7.35,28.56,6.83,-18.06,-993.32,323.75,-875.0,-280.0,1,53.182,"
1784211151.1671524,"01/01/2000,02:40:11.93,-849.12,-45.41,-519.04,-1.22,-1.56,2.0,72.30,51.30,-11.25,28.22,6.83,-18.18,-993.08,271.25,-665.0,-271.25,1,53.175,"
1784211151.1828914,"01/01/2000,02:40:11.94,-849.61,-56.15,-511.23,0.15,-1.65,-0.50,72.30,50.85,-10.20,28.08,6.83,-18.06,-993.08,192.50,-936.25,-245.0,1,53.167,"
1784211151.1924598,"01/01/2000,02:40:11.96,-853.03,-57.13,-523.44,-0.96,-0.02,-0.55,72.60,52.05,-9.75,28.32,6.71,-18.06,-993.32,245.0,-892.50,-306.25,1,53.160,"
1784211151.2134356,"01/01/2000,02:40:11.98,-858.89,-57.62,-522.46,1.69,0.73,-0.53,72.60,52.05,-9.75,28.37,6.71,-18.06,-993.32,218.75,-822.50,-358.75,1,53.213,"
1784211151.2583053,"01/01/2000,02:40:12.02,-851.07,-57.13,-522.46,0.69,0.69,-1.07,70.65,51.60,-10.50,27.84,6.83,-18.06,-993.45,402.50,-778.75,-315.0,1,53.199,"
1784211151.2766328,"01/01/2000,02:40:12.03,-839.84,-54.69,-539.06,0.24,-0.89,0.74,71.70,51.90,-10.05,28.22,6.83,-18.06,-993.57,262.50,-726.25,-367.50,1,53.191,"
1784211151.2965574,"01/01/2000,02:40:12.05,-857.42,-46.88,-529.30,0.21,-0.96,1.53,72.60,50.85,-9.75,28.37,6.95,-17.93,-993.57,245.0,-813.75,-323.75,1,53.184,"
1784211151.3143964,"01/01/2000,02:40:12.07,-856.45,-33.20,-518.55,-1.39,0.41,0.76,73.05,52.80,-10.20,28.41,6.95,-17.93,-993.57,262.50,-770.0,-236.25,1,53.177,"
1784211151.348413,"01/01/2000,02:40:12.11,-857.91,-63.96,-527.34,-0.32,-0.11,0.38,72.75,53.10,-10.80,28.37,7.08,-17.93,-993.45,271.25,-936.25,-253.75,1,53.222,"
1784211151.369639,"01/01/2000,02:40:12.13,-843.75,-62.01,-532.23,1.29,2.53,2.37,71.10,50.40,-6.45,28.32,7.08,-18.06,-993.20,210.0,-735.0,-253.75,1,53.215,"
1784211151.385158,"01/01/2000,02:40:12.15,-865.23,-53.71,-532.71,3.08,0.12,-1.50,71.85,52.50,-11.70,28.37,7.20,-18.06,-993.32,175.0,-971.25,-245.0,1,53.208,"
1784211151.404788,"01/01/2000,02:40:12.16,-850.59,-49.80,-527.34,-1.08,2.21,2.71,73.35,52.50,-9.75,28.51,7.20,-18.06,-993.32,323.75,-866.25,-341.25,1,53.201,"
1784211151.4214797,"01/01/2000,02:40:12.18,-855.47,-54.20,-510.74,-1.11,1.0,1.84,72.30,51.60,-9.75,28.41,7.20,-17.93,-993.32,332.50,-822.50,-385.0,1,53.194,"
1784211151.4425714,"01/01/2000,02:40:12.20,-852.05,-45.41,-527.34,2.46,0.58,-0.17,72.30,52.50,-10.20,28.37,7.32,-17.93,-993.08,315.0,-813.75,-358.75,1,53.187,"
1784211151.4653912,"01/01/2000,02:40:12.22,-853.52,-44.92,-525.39,2.45,-1.97,-0.41,70.95,51.45,-10.35,28.37,7.08,-18.06,-993.32,288.75,-805.0,-385.0,1,53.238,"
1784211151.4786158,"01/01/2000,02:40:12.24,-862.79,-64.45,-523.44,1.40,2.08,-1.76,71.70,51.0,-9.60,28.37,6.95,-18.06,-993.32,271.25,-813.75,-218.75,1,53.231,"
1784211151.4941392,"01/01/2000,02:40:12.26,-858.40,-64.45,-532.23,1.92,-1.24,-0.54,71.10,52.50,-9.0,28.56,6.95,-18.06,-993.32,437.50,-787.50,-297.50,1,53.224,"
1784211151.5331125,"01/01/2000,02:40:12.29,-852.05,-62.01,-544.43,1.21,1.23,1.13,71.85,51.60,-9.75,28.41,6.83,-18.06,-993.32,236.25,-796.25,-315.0,1,53.210,"
1784211151.5718808,"01/01/2000,02:40:12.33,-869.63,-59.08,-526.37,2.06,-1.52,0.79,72.0,51.45,-10.35,28.51,6.83,-18.06,-993.32,245.0,-857.50,-332.50,1,53.196,"
1784211151.58948,"01/01/2000,02:40:12.35,-857.91,-52.25,-522.46,-2.76,-1.56,0.73,72.0,51.45,-10.35,28.37,6.83,-18.06,-993.32,271.25,-831.25,-297.50,1,53.247,"
1784211151.6047745,"01/01/2000,02:40:12.36,-845.21,-50.29,-520.02,3.32,-0.69,-0.91,71.70,52.65,-8.40,28.41,6.71,-17.93,-993.32,148.75,-813.75,-341.25,1,53.240,"
1784211151.632622,"01/01/2000,02:40:12.39,-847.17,-58.11,-530.76,-0.40,-1.53,2.79,69.90,50.40,-7.50,28.32,6.83,-18.06,-993.20,183.75,-910.0,-306.25,1,53.175,"
1784211151.6560774,"01/01/2000,02:40:12.42,-861.33,-59.57,-523.93,-0.31,1.13,0.32,69.90,51.30,-9.0,28.56,6.83,-18.06,-993.20,122.50,-848.75,-262.50,1,53.169,"
1784211151.6924996,"01/01/2000,02:40:12.45,-865.72,-50.78,-530.27,0.33,-1.21,0.11,71.25,51.45,-10.35,28.17,6.83,-18.06,-993.08,262.50,-857.50,-315.0,1,53.155,"
1784211151.7152176,"01/01/2000,02:40:12.47,-846.68,-63.48,-522.95,1.22,-0.05,0.61,70.95,51.90,-10.35,28.37,6.95,-18.06,-993.32,341.25,-945.0,-245.0,1,53.148,"
1784211151.7236657,"01/01/2000,02:40:12.49,-852.54,-55.18,-528.81,-1.43,-2.60,-0.18,71.70,52.65,-11.55,28.22,6.95,-18.06,-993.32,376.25,-936.25,-280.0,1,53.198,"
1784211151.7654557,"01/01/2000,02:40:12.52,-860.84,-53.71,-529.30,0.18,-0.36,-2.30,72.30,52.50,-10.95,28.32,6.83,-17.93,-993.32,367.50,-866.25,-271.25,1,53.185,"
1784211151.7851167,"01/01/2000,02:40:12.55,-863.28,-48.34,-523.44,2.49,-0.98,0.47,71.85,52.50,-10.50,28.41,6.83,-18.18,-993.20,183.75,-953.75,-367.50,1,53.178,"
1784211151.807757,"01/01/2000,02:40:12.56,-851.07,-58.11,-525.39,-1.30,1.60,0.54,71.85,52.05,-11.70,28.32,6.95,-18.30,-993.08,227.50,-892.50,-323.75,1,53.171,"
1784211151.8230505,"01/01/2000,02:40:12.58,-857.42,-58.11,-518.07,1.56,-0.39,1.71,71.85,53.70,-10.50,28.32,6.95,-18.18,-993.32,253.75,-691.25,-332.50,1,53.165,"
1784211151.839718,"01/01/2000,02:40:12.60,-855.47,-58.11,-529.30,-0.95,1.73,-0.46,72.30,52.80,-10.20,28.37,7.08,-18.18,-993.32,201.25,-910.0,-253.75,1,53.214,"
1784211151.8787796,"01/01/2000,02:40:12.64,-863.77,-62.99,-525.88,-0.95,0.21,-2.77,72.30,49.95,-10.95,28.37,7.08,-18.06,-993.32,341.25,-840.0,-271.25,1,53.200,"
1784211151.8920972,"01/01/2000,02:40:12.65,-870.12,-43.95,-529.30,-0.82,1.27,0.63,72.30,52.50,-10.20,28.51,7.08,-17.81,-993.32,350.0,-822.50,-297.50,1,53.194,"
1784211151.915073,"01/01/2000,02:40:12.68,-857.91,-54.20,-537.60,-1.27,0.05,-2.60,71.25,52.65,-9.60,28.51,6.95,-18.06,-993.32,323.75,-910.0,-306.25,1,53.187,"
1784211151.9340796,"01/01/2000,02:40:12.69,-859.86,-58.59,-538.57,-1.29,2.71,-1.50,69.30,50.25,-8.85,28.41,6.95,-18.18,-993.32,385.0,-787.50,-358.75,1,53.180,"
1784211151.9446342,"01/01/2000,02:40:12.71,-847.17,-62.99,-521.97,0.60,-0.21,-1.44,72.0,51.0,-10.35,28.51,6.83,-18.18,-993.32,306.25,-857.50,-350.0,1,53.174,"
1784211151.975109,"01/01/2000,02:40:12.73,-864.26,-60.55,-522.95,1.40,0.33,1.05,71.40,51.60,-9.75,28.17,6.83,-18.18,-993.20,210.0,-892.50,-376.25,1,53.222,"
1784211151.9855776,"01/01/2000,02:40:12.75,-847.66,-58.11,-526.37,0.83,-1.39,-1.09,71.85,49.20,-7.20,28.37,6.83,-18.18,-993.45,192.50,-866.25,-288.75,1,53.216,"
1784211152.0083642,"01/01/2000,02:40:12.77,-842.29,-57.62,-526.86,2.52,0.15,0.34,70.95,51.90,-9.60,28.41,6.83,-18.30,-993.45,227.50,-743.75,-393.75,1,53.209,"
1784211152.0235825,"01/01/2000,02:40:12.78,-861.82,-51.76,-524.90,-1.78,-0.27,-0.98,72.75,51.90,-10.05,28.51,6.83,-18.30,-993.57,323.75,-848.75,-376.25,1,53.202,"
1784211152.0436492,"01/01/2000,02:40:12.80,-854.98,-46.88,-523.93,0.37,-1.53,0.98,70.35,52.50,-10.50,28.37,7.08,-18.06,-993.57,262.50,-883.75,-350.0,1,53.196,"
1784211152.0648503,"01/01/2000,02:40:12.82,-857.91,-49.32,-516.60,0.30,-0.46,-2.80,72.45,52.20,-10.35,28.41,7.08,-18.06,-993.57,271.25,-822.50,-323.75,1,53.189,"
1784211152.0791414,"01/01/2000,02:40:12.84,-859.38,-57.13,-526.37,-0.42,-0.44,-1.97,72.45,51.0,-11.85,28.51,7.08,-17.93,-993.57,288.75,-857.50,-385.0,1,53.183,"
1784211152.099598,"01/01/2000,02:40:12.86,-854.49,-54.69,-528.32,1.47,0.09,-0.81,72.45,51.0,-11.85,28.22,7.08,-17.93,-993.32,332.50,-787.50,-227.50,1,53.231,"
1784211152.12039,"01/01/2000,02:40:12.88,-852.54,-45.90,-521.00,-1.37,-0.63,-0.95,69.75,51.0,-12.30,28.37,7.08,-17.93,-993.08,218.75,-962.50,-341.25,1,53.224,"
1784211152.146555,"01/01/2000,02:40:12.90,-847.66,-59.08,-520.51,2.75,-1.18,-0.76,72.60,51.60,-10.95,28.56,7.08,-18.06,-993.08,297.50,-831.25,-262.50,1,53.163,"
1784211152.1634955,"01/01/2000,02:40:12.93,-854.49,-58.59,-528.81,1.59,-1.10,-0.87,72.30,50.85,-9.0,28.41,6.83,-17.93,-993.08,113.75,-936.25,-402.50,1,53.157,"
1784211152.184457,"01/01/2000,02:40:12.94,-854.98,-51.27,-528.32,-0.83,-0.17,-0.35,69.75,51.0,-8.85,28.37,6.95,-17.93,-992.84,192.50,-901.25,-288.75,1,53.150,"
1784211152.2050042,"01/01/2000,02:40:12.96,-856.93,-64.94,-530.27,1.67,1.64,-1.42,72.0,51.0,-11.10,28.17,6.95,-17.93,-993.08,358.75,-796.25,-332.50,1,53.144,"
1784211152.2252393,"01/01/2000,02:40:12.98,-862.79,-59.08,-529.30,-0.69,2.11,-0.39,71.70,51.90,-8.85,28.56,6.95,-17.93,-993.08,201.25,-770.0,-271.25,1,53.138,"
1784211152.2349293,"01/01/2000,02:40:13.00,-855.96,-63.48,-521.00,-1.08,0.07,2.42,71.70,51.90,-8.85,28.51,6.95,-17.93,-993.08,218.75,-857.50,-341.25,1,53.185,"
1784211152.2574914,"01/01/2000,02:40:13.02,-848.14,-53.22,-530.76,-1.83,0.25,0.59,71.10,52.80,-10.50,28.08,6.95,-17.93,-993.20,306.25,-682.50,-262.50,1,53.179,"
1784211152.2792842,"01/01/2000,02:40:13.04,-847.17,-62.01,-515.63,-0.17,0.61,-0.15,71.40,52.50,-10.20,28.03,6.95,-18.06,-993.20,262.50,-936.25,-262.50,1,53.172,"
1784211152.2963216,"01/01/2000,02:40:13.05,-860.35,-71.29,-517.58,0.24,0.15,0.59,71.70,50.25,-11.10,27.98,6.95,-17.93,-993.32,166.25,-997.50,-376.25,1,53.166,"
1784211152.31185,"01/01/2000,02:40:13.07,-859.38,-42.97,-522.95,2.49,0.53,-0.23,72.0,52.65,-11.55,28.60,6.95,-17.93,-993.32,280.0,-901.25,-288.75,1,53.159,"
1784211152.3348172,"01/01/2000,02:40:13.09,-842.77,-59.57,-535.16,0.95,0.21,0.22,72.60,52.05,-10.95,28.37,7.08,-18.06,-993.32,350.0,-840.0,-288.75,1,53.153,"
1784211152.349306,"01/01/2000,02:40:13.11,-861.82,-47.85,-519.53,1.59,-0.77,0.59,72.30,50.85,-10.50,28.37,6.95,-18.06,-993.45,113.75,-848.75,-341.25,1,53.147,"
1784211152.3704798,"01/01/2000,02:40:13.13,-847.66,-58.59,-539.55,-0.86,-0.31,-3.40,71.25,51.0,-10.80,28.22,6.71,-17.81,-993.20,323.75,-831.25,-306.25,1,53.194,"
1784211152.3849838,"01/01/2000,02:40:13.15,-853.52,-59.08,-525.39,1.58,0.39,-0.66,70.65,52.05,-9.45,28.37,6.83,-17.93,-993.32,332.50,-778.75,-341.25,1,53.187,"
1784211152.4029522,"01/01/2000,02:40:13.17,-855.96,-56.64,-525.39,2.14,-0.68,-0.39,71.10,51.60,-9.0,28.37,6.83,-18.06,-993.20,218.75,-831.25,-402.50,1,53.181,"
1784211152.442742,"01/01/2000,02:40:13.20,-836.43,-55.18,-529.30,0.08,2.22,-0.33,72.60,52.80,-10.20,28.32,7.08,-18.06,-993.32,78.75,-822.50,-262.50,1,53.168,"
1784211152.4650266,"01/01/2000,02:40:13.22,-850.59,-44.43,-519.04,1.99,-1.24,-1.71,71.25,52.20,-9.60,28.17,6.83,-18.18,-993.32,411.25,-901.25,-332.50,1,53.162,"
1784211152.4735854,"01/01/2000,02:40:13.24,-844.73,-49.32,-529.30,1.70,-0.08,-0.03,72.60,52.05,-9.75,27.98,6.95,-18.06,-993.32,227.50,-770.0,-280.0,1,53.156,"
1784211152.4943588,"01/01/2000,02:40:13.26,-845.21,-60.06,-531.25,2.22,0.63,-0.30,71.25,53.40,-10.05,28.37,7.08,-17.93,-993.32,236.25,-945.0,-262.50,1,53.202,"
1784211152.535664,"01/01/2000,02:40:13.30,-846.19,-51.27,-511.23,-0.85,-1.84,2.33,71.70,51.45,-9.30,28.37,6.83,-18.18,-993.45,376.25,-840.0,-323.75,1,53.189,"
1784211152.558639,"01/01/2000,02:40:13.31,-849.61,-52.73,-521.48,0.36,1.04,2.40,69.15,51.60,-9.45,28.41,6.83,-18.18,-993.20,210.0,-892.50,-288.75,1,53.183,"
1784211152.5667849,"01/01/2000,02:40:13.33,-850.10,-48.83,-531.25,-0.60,1.05,1.11,72.30,51.30,-9.75,28.51,6.83,-18.30,-993.32,192.50,-866.25,-315.0,1,53.177,"
1784211152.5877693,"01/01/2000,02:40:13.35,-856.93,-59.08,-518.07,0.11,-1.38,-1.35,70.50,51.0,-10.35,28.41,6.83,-18.18,-993.32,341.25,-813.75,-323.75,1,53.223,"
1784211152.628692,"01/01/2000,02:40:13.39,-863.77,-51.27,-517.58,0.06,0.31,-0.71,71.70,49.35,-7.65,28.51,6.83,-18.18,-993.45,236.25,-901.25,-280.0,1,53.210,"
1784211152.6457024,"01/01/2000,02:40:13.40,-850.10,-52.73,-526.86,0.23,0.89,1.42,72.60,52.05,-9.75,28.22,6.71,-18.18,-993.57,271.25,-918.75,-218.75,1,53.204,"
1784211152.6924872,"01/01/2000,02:40:13.45,-842.77,-52.25,-521.97,2.01,1.60,0.58,70.95,51.0,-9.60,28.41,6.83,-18.06,-993.57,227.50,-927.50,-315.0,1,53.140,"
1784211152.7132626,"01/01/2000,02:40:13.47,-867.19,-60.55,-527.83,2.82,0.23,1.37,71.70,51.45,-9.60,28.37,6.95,-18.06,-993.45,131.25,-813.75,-236.25,1,53.185,"
1784211152.721597,"01/01/2000,02:40:13.49,-865.23,-54.69,-531.74,-1.48,-1.92,-1.10,72.0,51.0,-11.55,28.22,6.83,-17.93,-993.45,323.75,-840.0,-280.0,1,53.179,"
1784211152.742785,"01/01/2000,02:40:13.51,-843.75,-57.62,-531.25,1.77,-0.48,-0.80,71.85,52.80,-9.75,28.41,6.83,-17.81,-993.57,280.0,-883.75,-358.75,1,53.173,"
1784211152.774136,"01/01/2000,02:40:13.54,-846.19,-59.08,-527.83,2.08,-0.38,-1.68,72.0,51.90,-10.80,28.51,6.83,-17.81,-993.45,236.25,-927.50,-297.50,1,53.161,"
1784211152.8074338,"01/01/2000,02:40:13.56,-853.52,-52.73,-525.39,1.47,-0.06,-0.58,72.75,52.20,-9.60,28.37,6.71,-17.93,-993.45,271.25,-805.0,-306.25,1,53.206,"
1784211152.8227336,"01/01/2000,02:40:13.58,-854.00,-54.20,-537.11,-1.02,-0.34,0.21,71.25,51.45,-8.10,28.51,6.71,-17.81,-993.57,166.25,-857.50,-332.50,1,53.149,"
1784211152.8383813,"01/01/2000,02:40:13.60,-845.70,-55.18,-530.27,2.59,-0.82,-0.82,71.25,51.45,-8.10,28.41,6.71,-17.81,-993.57,192.50,-813.75,-367.50,1,53.194,"
1784211152.8621852,"01/01/2000,02:40:13.62,-862.30,-45.41,-521.48,0.68,2.07,-2.40,72.0,51.90,-10.35,28.51,6.71,-17.93,-993.57,262.50,-857.50,-385.0,1,53.187,"
1784211152.8825808,"01/01/2000,02:40:13.64,-848.63,-67.38,-532.71,0.85,2.10,0.22,71.25,53.10,-11.55,28.41,6.71,-17.93,-993.20,323.75,-883.75,-315.0,1,53.181,"
1784211152.892992,"01/01/2000,02:40:13.65,-859.38,-53.22,-522.95,0.21,1.57,-2.92,71.40,52.80,-11.70,28.41,6.71,-18.06,-993.08,280.0,-875.0,-393.75,1,53.175,"
1784211152.9133842,"01/01/2000,02:40:13.67,-853.52,-61.04,-522.95,0.72,-0.88,-0.70,72.75,51.90,-10.05,28.03,6.83,-18.06,-993.08,332.50,-831.25,-262.50,1,53.169,"
1784211152.9238482,"01/01/2000,02:40:13.69,-856.93,-59.08,-521.00,0.66,-1.66,1.14,72.75,51.90,-10.05,28.32,6.71,-18.06,-993.08,236.25,-892.50,-376.25,1,53.214,"
1784211152.9448445,"01/01/2000,02:40:13.71,-844.24,-55.18,-525.39,-0.05,-0.53,-2.31,71.10,49.95,-9.45,28.41,6.83,-18.42,-992.96,350.0,-883.75,-271.25,1,53.157,"
1784211152.9855092,"01/01/2000,02:40:13.75,-855.96,-64.94,-525.39,-0.01,-0.24,-0.03,72.45,52.20,-10.80,28.51,6.83,-18.42,-993.20,210.0,-848.75,-420.0,1,53.195,"
1784211153.0087435,"01/01/2000,02:40:13.76,-859.38,-64.45,-522.95,2.02,-0.53,0.51,72.60,52.50,-10.20,28.17,6.95,-18.30,-993.20,332.50,-805.0,-385.0,1,53.189,"
1784211153.023915,"01/01/2000,02:40:13.78,-855.96,-55.18,-531.74,0.42,-0.30,0.61,71.70,51.45,-10.05,28.37,6.83,-18.30,-992.84,245.0,-848.75,-315.0,1,53.184,"
1784211153.0385723,"01/01/2000,02:40:13.80,-843.26,-63.96,-527.34,1.29,-0.69,-0.93,72.60,51.30,-9.75,28.22,6.71,-18.18,-992.96,271.25,-857.50,-315.0,1,53.178,"
1784211153.0593636,"01/01/2000,02:40:13.82,-857.91,-59.57,-519.53,0.66,0.46,-0.84,71.70,51.45,-10.35,28.37,6.83,-18.18,-993.08,122.50,-787.50,-393.75,1,53.221,"
1784211153.0806584,"01/01/2000,02:40:13.84,-861.33,-61.52,-518.07,0.94,0.25,-2.11,70.50,49.80,-8.40,28.37,6.95,-18.06,-993.08,175.0,-857.50,-288.75,1,53.166,"
1784211153.103269,"01/01/2000,02:40:13.86,-846.19,-50.29,-527.34,-0.62,-1.29,0.56,71.10,52.50,-9.75,28.17,6.95,-18.18,-993.20,341.25,-726.25,-367.50,1,53.209,"
1784211153.111427,"01/01/2000,02:40:13.88,-856.93,-68.85,-532.71,-2.12,-1.60,-1.97,71.40,51.60,-10.95,28.08,6.83,-18.18,-993.08,297.50,-848.75,-323.75,1,53.203,"
1784211153.1322424,"01/01/2000,02:40:13.89,-851.56,-68.36,-528.32,-1.37,-1.38,2.38,71.70,50.55,-11.55,28.37,6.59,-18.06,-993.08,131.25,-892.50,-218.75,1,53.197,"
1784211153.1730473,"01/01/2000,02:40:13.93,-847.66,-50.29,-519.04,2.60,0.30,-1.99,72.30,52.05,-9.0,28.22,6.95,-18.06,-993.08,367.50,-831.25,-192.50,1,53.186,"
1784211153.1939962,"01/01/2000,02:40:13.96,-848.63,-52.73,-525.39,0.99,-1.42,0.96,71.70,52.65,-9.30,28.03,6.95,-18.06,-993.08,411.25,-726.25,-358.75,1,53.180,"
1784211153.2250338,"01/01/2000,02:40:13.98,-850.10,-62.01,-528.32,1.61,-0.20,-0.37,71.40,50.40,-11.25,28.32,6.95,-18.18,-993.08,157.50,-805.0,-385.0,1,53.174,"
1784211153.240655,"01/01/2000,02:40:14.00,-852.05,-51.76,-530.76,-0.90,-1.40,-0.95,71.10,51.30,-10.20,28.56,6.95,-18.18,-993.08,315.0,-822.50,-341.25,1,53.168,"
1784211153.257275,"01/01/2000,02:40:14.02,-844.24,-52.73,-523.44,-0.19,0.98,0.40,71.40,51.60,-10.20,28.37,6.83,-18.18,-993.08,218.75,-778.75,-315.0,1,53.162,"
1784211153.2730136,"01/01/2000,02:40:14.03,-853.52,-65.43,-524.90,0.27,0.37,1.79,71.70,52.65,-9.60,28.17,6.83,-18.06,-993.32,236.25,-910.0,-262.50,1,53.156,"
1784211153.2920814,"01/01/2000,02:40:14.05,-847.66,-36.13,-527.83,-0.60,-0.66,1.09,73.20,52.65,-10.80,28.51,6.83,-18.06,-993.08,332.50,-901.25,-332.50,1,53.151,"
1784211153.3073227,"01/01/2000,02:40:14.07,-854.98,-45.41,-515.14,-0.28,1.24,-0.46,71.40,52.05,-10.95,28.32,6.83,-18.06,-993.08,201.25,-875.0,-358.75,1,53.145,"
1784211153.3314166,"01/01/2000,02:40:14.09,-848.14,-55.18,-524.41,0.19,-0.47,1.37,70.65,53.70,-9.75,28.37,6.95,-18.06,-993.32,350.0,-796.25,-315.0,1,53.188,"
1784211153.3486047,"01/01/2000,02:40:14.11,-847.66,-56.15,-523.44,3.24,-1.78,3.76,71.25,53.40,-11.55,28.56,6.95,-18.06,-993.32,201.25,-761.25,-297.50,1,53.182,"
1784211153.3715742,"01/01/2000,02:40:14.13,-848.63,-50.29,-531.74,1.13,-1.68,-1.37,71.70,51.45,-10.35,28.41,6.95,-18.06,-993.20,271.25,-770.0,-323.75,1,53.176,"
1784211153.3850315,"01/01/2000,02:40:14.15,-860.35,-57.13,-532.23,-0.94,-0.83,-0.86,72.60,52.05,-10.50,28.51,7.08,-18.06,-993.08,306.25,-936.25,-367.50,1,53.170,"
1784211153.4028203,"01/01/2000,02:40:14.16,-855.96,-58.59,-517.09,0.82,-1.39,-2.15,70.65,51.30,-10.20,28.37,6.83,-18.06,-993.08,201.25,-901.25,-315.0,1,53.165,"
1784211153.4216802,"01/01/2000,02:40:14.18,-855.47,-50.78,-531.25,-0.13,0.84,0.52,70.50,51.45,-9.60,28.41,6.83,-18.06,-993.08,166.25,-901.25,-210.0,1,53.159,"
1784211153.4427094,"01/01/2000,02:40:14.20,-842.29,-60.06,-509.28,-0.89,-0.42,-1.92,72.75,50.55,-8.85,28.51,6.95,-18.06,-993.08,218.75,-831.25,-262.50,1,53.153,"
1784211153.4533284,"01/01/2000,02:40:14.22,-857.91,-53.22,-521.00,-0.34,0.03,1.61,72.75,50.55,-8.85,28.32,6.95,-18.18,-992.96,210.0,-901.25,-332.50,1,53.195,"
1784211153.474443,"01/01/2000,02:40:14.24,-852.54,-64.45,-527.34,1.40,-0.84,0.07,72.60,52.50,-10.20,28.37,7.08,-18.18,-992.96,262.50,-805.0,-323.75,1,53.190,"
1784211153.5162635,"01/01/2000,02:40:14.28,-854.98,-45.41,-523.44,1.39,-1.39,-0.66,72.30,52.05,-10.20,28.37,7.08,-18.06,-993.20,332.50,-831.25,-297.50,1,53.178,"
1784211153.5373278,"01/01/2000,02:40:14.29,-859.38,-61.52,-524.90,2.98,0.0,-0.08,71.40,52.05,-10.20,28.51,6.83,-17.93,-993.32,175.0,-840.0,-271.25,1,53.172,"
1784211153.5476208,"01/01/2000,02:40:14.31,-845.70,-56.15,-538.57,1.79,-0.63,-1.72,71.10,52.50,-10.20,28.51,6.95,-18.06,-993.20,201.25,-901.25,-227.50,1,53.167,"
1784211153.572481,"01/01/2000,02:40:14.33,-856.93,-52.25,-536.62,1.41,1.41,-0.24,71.10,52.05,-10.20,28.32,6.95,-18.18,-993.08,332.50,-883.75,-393.75,1,53.161,"
1784211153.5904815,"01/01/2000,02:40:14.35,-872.56,-62.01,-521.48,-1.89,-2.85,-1.56,72.30,51.60,-9.0,28.17,6.95,-18.06,-993.08,323.75,-831.25,-385.0,1,53.203,"
1784211153.5996041,"01/01/2000,02:40:14.37,-833.98,-63.96,-527.34,-2.50,1.44,-1.25,70.95,52.20,-10.05,28.37,6.95,-18.06,-993.20,262.50,-752.50,-271.25,1,53.197,"
1784211153.6306884,"01/01/2000,02:40:14.38,-854.00,-47.36,-520.51,-0.60,-0.77,1.24,72.0,51.45,-10.05,28.41,6.95,-18.18,-992.96,376.25,-875.0,-245.0,1,53.191,"
1784211153.646383,"01/01/2000,02:40:14.41,-859.38,-55.66,-520.51,0.68,-0.01,-2.38,71.10,53.25,-9.75,28.37,6.95,-18.06,-993.08,332.50,-813.75,-385.0,1,53.186,"
1784211153.6638582,"01/01/2000,02:40:14.42,-853.52,-60.06,-520.51,3.12,1.63,2.20,72.60,51.60,-9.45,28.41,6.95,-18.06,-993.08,245.0,-936.25,-376.25,1,53.180,"
1784211153.6811342,"01/01/2000,02:40:14.44,-859.38,-68.36,-528.32,1.24,-0.78,-1.46,71.40,51.60,-10.50,28.37,6.95,-18.18,-993.32,253.75,-840.0,-218.75,1,53.175,"
1784211153.7118309,"01/01/2000,02:40:14.47,-856.45,-57.62,-531.25,2.32,-1.03,-1.53,71.10,49.95,-9.0,28.41,6.95,-18.18,-993.57,210.0,-726.25,-358.75,1,53.169,"
1784211153.7291994,"01/01/2000,02:40:14.49,-851.56,-43.95,-523.93,-0.80,-1.10,-1.44,72.45,51.45,-10.05,28.56,7.08,-18.30,-993.32,367.50,-822.50,-288.75,1,53.163,"
1784211153.7467566,"01/01/2000,02:40:14.51,-857.91,-53.71,-523.93,2.53,-0.99,0.93,72.75,51.90,-9.30,28.17,6.83,-18.06,-993.45,245.0,-875.0,-420.0,1,53.158,"
1784211153.763795,"01/01/2000,02:40:14.52,-854.98,-66.89,-529.79,-0.28,1.81,-1.29,72.45,53.10,-10.35,28.22,6.83,-18.06,-993.32,315.0,-813.75,-297.50,1,53.152,"
1784211153.7851865,"01/01/2000,02:40:14.54,-852.54,-56.15,-539.55,-1.24,-2.48,1.02,71.85,50.40,-11.25,28.37,6.83,-18.06,-993.32,288.75,-927.50,-315.0,1,53.147,"
1784211153.8015585,"01/01/2000,02:40:14.56,-847.66,-48.34,-509.28,-0.27,0.49,2.10,72.75,51.45,-9.60,28.51,6.83,-18.06,-993.32,201.25,-901.25,-367.50,1,53.141,"
1784211153.8195858,"01/01/2000,02:40:14.58,-860.35,-64.94,-525.88,0.47,-0.69,2.21,72.30,52.80,-9.0,28.60,7.08,-18.18,-993.20,262.50,-796.25,-323.75,1,53.182,"
1784211153.8368409,"01/01/2000,02:40:14.60,-856.93,-46.39,-532.71,1.22,-0.06,-1.18,71.85,51.30,-8.25,28.08,7.08,-18.06,-993.32,262.50,-857.50,-350.0,1,53.177,"
1784211153.8593726,"01/01/2000,02:40:14.62,-856.93,-56.64,-534.67,1.83,1.38,0.88,72.30,52.05,-10.95,28.17,7.08,-18.06,-993.45,288.75,-910.0,-332.50,1,53.171,"
1784211153.8771234,"01/01/2000,02:40:14.63,-858.40,-61.04,-521.00,-1.27,0.18,-2.34,70.35,51.60,-8.70,28.56,7.08,-17.93,-993.32,358.75,-761.25,-201.25,1,53.166,"
1784211153.893297,"01/01/2000,02:40:14.65,-862.30,-53.22,-528.32,2.40,-1.90,1.05,71.40,51.60,-11.25,28.41,7.08,-17.93,-993.32,183.75,-770.0,-341.25,1,53.160,"
1784211153.9146667,"01/01/2000,02:40:14.67,-860.84,-60.06,-524.90,-1.21,-2.09,-0.43,72.45,51.90,-10.80,28.51,7.08,-18.06,-993.20,288.75,-805.0,-376.25,1,53.155,"
1784211153.9320168,"01/01/2000,02:40:14.69,-860.84,-52.73,-527.34,0.96,1.09,-1.10,71.70,52.20,-10.05,28.32,7.08,-18.06,-993.20,288.75,-901.25,-323.75,1,53.149,"
1784211153.942341,"01/01/2000,02:40:14.71,-851.56,-59.08,-526.37,3.34,0.47,0.18,72.45,51.90,-9.30,28.22,7.20,-18.18,-993.08,253.75,-787.50,-332.50,1,53.190,"
1784211153.9647286,"01/01/2000,02:40:14.73,-852.54,-63.96,-524.90,1.17,-1.89,0.41,72.60,50.85,-9.45,28.37,7.20,-18.06,-993.32,236.25,-848.75,-385.0,1,53.184,"
1784211154.0039618,"01/01/2000,02:40:14.76,-858.40,-57.13,-522.95,-0.13,-0.16,-0.12,71.40,51.30,-10.20,28.32,7.20,-18.18,-993.20,227.50,-857.50,-271.25,1,53.173,"
1784211154.0265775,"01/01/2000,02:40:14.78,-854.00,-51.27,-533.20,2.94,-0.89,2.61,72.45,51.90,-10.05,28.37,7.08,-18.06,-993.20,358.75,-901.25,-253.75,1,53.168,"
1784211154.0448723,"01/01/2000,02:40:14.80,-849.61,-59.08,-524.90,0.92,3.35,0.11,71.70,51.90,-10.35,27.89,7.08,-18.06,-993.32,122.50,-796.25,-446.25,1,53.162,"
1784211154.0619688,"01/01/2000,02:40:14.82,-850.59,-57.62,-514.65,0.35,2.04,0.60,71.25,51.0,-10.05,28.37,6.95,-18.06,-993.08,280.0,-875.0,-245.0,1,53.157,"
1784211154.0963638,"01/01/2000,02:40:14.85,-854.98,-57.13,-529.79,-0.55,-1.48,-2.18,72.60,50.40,-10.50,28.51,6.95,-18.06,-993.20,192.50,-831.25,-411.25,1,53.191,"
1784211154.1179364,"01/01/2000,02:40:14.88,-859.38,-67.38,-529.79,-1.11,-0.47,-0.41,72.30,52.50,-9.0,28.32,6.95,-17.93,-993.45,297.50,-752.50,-297.50,1,53.186,"
1784211154.1326895,"01/01/2000,02:40:14.89,-849.61,-56.64,-527.83,-0.47,-3.56,1.20,71.70,53.10,-10.35,28.17,6.83,-18.06,-993.20,280.0,-857.50,-227.50,1,53.181,"
1784211154.153422,"01/01/2000,02:40:14.91,-858.40,-53.22,-520.02,-1.16,-0.29,0.15,71.40,52.80,-10.95,28.22,6.83,-18.06,-993.20,218.75,-778.75,-341.25,1,53.175,"
1784211154.1698263,"01/01/2000,02:40:14.93,-855.47,-53.22,-514.16,-0.11,-0.51,-0.13,70.95,51.90,-10.80,28.22,6.59,-18.06,-993.20,402.50,-892.50,-227.50,1,53.215,"
1784211154.1917458,"01/01/2000,02:40:14.95,-863.77,-51.76,-525.39,1.67,-2.16,0.04,71.85,51.60,-9.75,28.37,6.71,-18.18,-993.20,245.0,-901.25,-306.25,1,53.165,"
1784211154.2146826,"01/01/2000,02:40:14.97,-869.14,-58.11,-520.02,-0.38,-3.67,-0.69,72.0,51.0,-8.10,28.32,6.71,-18.06,-993.08,253.75,-883.75,-350.0,1,53.159,"
1784211154.246277,"01/01/2000,02:40:15.00,-863.28,-50.29,-524.90,0.73,-0.50,0.85,72.0,52.20,-9.60,28.32,6.83,-18.06,-993.20,201.25,-883.75,-253.75,1,53.154,"
1784211154.2546597,"01/01/2000,02:40:15.02,-847.66,-47.36,-521.00,0.17,-0.18,0.02,72.45,53.40,-10.35,28.08,6.83,-18.06,-993.20,332.50,-743.75,-376.25,1,53.149,"
1784211154.2776492,"01/01/2000,02:40:15.03,-862.79,-62.99,-541.50,0.87,-0.92,-0.93,71.40,51.60,-9.45,28.37,6.83,-18.06,-993.32,323.75,-875.0,-350.0,1,53.143,"
1784211154.2935917,"01/01/2000,02:40:15.05,-852.05,-59.57,-532.23,-1.69,0.92,-1.0,73.35,52.80,-10.50,28.32,6.83,-18.06,-993.08,140.0,-866.25,-393.75,1,53.138,"
1784211154.310738,"01/01/2000,02:40:15.07,-840.33,-62.99,-534.18,1.47,0.05,0.52,71.10,51.60,-11.70,28.32,6.95,-18.06,-993.20,253.75,-875.0,-210.0,1,53.177,"
1784211154.3482695,"01/01/2000,02:40:15.11,-857.91,-59.57,-524.90,0.73,0.17,1.64,72.60,52.50,-10.20,28.51,6.83,-17.93,-993.08,306.25,-945.0,-315.0,1,53.167,"
1784211154.3666556,"01/01/2000,02:40:15.12,-853.03,-49.32,-524.41,-1.09,-0.79,0.40,72.45,52.20,-10.05,28.37,6.95,-18.06,-993.08,262.50,-857.50,-323.75,1,53.161,"
1784211154.3792043,"01/01/2000,02:40:15.14,-859.38,-59.57,-522.46,-1.44,0.88,-0.23,72.60,51.60,-9.45,28.03,7.08,-18.06,-993.08,166.25,-778.75,-253.75,1,53.156,"
1784211154.403264,"01/01/2000,02:40:15.16,-857.91,-48.83,-519.04,1.22,1.40,2.28,71.10,52.80,-10.20,28.41,6.95,-18.06,-993.08,218.75,-805.0,-341.25,1,53.151,"
1784211154.4311955,"01/01/2000,02:40:15.20,-855.47,-58.59,-522.95,1.82,0.81,-0.25,71.40,52.50,-10.95,28.17,6.95,-17.93,-993.08,210.0,-857.50,-332.50,1,53.184,"
1784211154.4618676,"01/01/2000,02:40:15.22,-855.47,-51.76,-519.53,1.88,-1.70,-0.55,71.85,51.60,-10.50,28.37,6.83,-18.18,-993.20,210.0,-770.0,-297.50,1,53.179,"
1784211154.4719367,"01/01/2000,02:40:15.24,-854.00,-54.20,-534.18,-1.89,1.64,0.53,70.65,49.20,-7.20,28.56,6.71,-18.18,-993.20,35.0,-857.50,-385.0,1,53.174,"
1784211154.4928157,"01/01/2000,02:40:15.25,-845.70,-59.57,-514.16,1.30,1.18,-0.31,72.30,50.40,-10.50,28.37,6.83,-18.06,-993.32,315.0,-971.25,-376.25,1,53.169,"
1784211154.513518,"01/01/2000,02:40:15.27,-857.42,-47.85,-533.69,2.54,-1.49,1.21,72.0,51.45,-10.05,28.56,6.95,-17.93,-993.20,332.50,-848.75,-393.75,1,53.164,"
1784211154.5342615,"01/01/2000,02:40:15.29,-860.84,-51.27,-539.06,-0.94,-0.56,-2.63,73.05,50.85,-9.45,28.37,7.08,-18.06,-993.08,262.50,-717.50,-306.25,1,53.158,"
1784211154.5549767,"01/01/2000,02:40:15.31,-845.70,-60.55,-518.07,0.27,-0.36,-1.67,73.05,50.85,-9.45,28.51,6.95,-18.06,-993.08,332.50,-840.0,-297.50,1,53.153,"
1784211154.5653203,"01/01/2000,02:40:15.33,-872.07,-48.34,-543.95,-1.0,-0.57,0.83,72.45,50.25,-10.05,28.32,6.95,-18.06,-993.32,192.50,-918.75,-428.75,1,53.191,"
1784211154.5863738,"01/01/2000,02:40:15.35,-851.56,-50.78,-518.55,2.71,1.60,0.67,72.30,52.80,-10.20,28.41,7.08,-18.06,-993.32,192.50,-848.75,-341.25,1,53.186,"
1784211154.6072447,"01/01/2000,02:40:15.37,-839.36,-50.29,-514.65,-1.65,0.06,-1.15,72.30,52.05,-10.20,28.03,6.95,-17.93,-993.45,148.75,-988.75,-402.50,1,53.181,"
1784211154.6236858,"01/01/2000,02:40:15.38,-847.66,-51.27,-521.97,2.64,1.29,2.02,71.40,52.50,-9.0,28.37,6.95,-18.06,-993.32,245.0,-700.0,-262.50,1,53.176,"
1784211154.664441,"01/01/2000,02:40:15.42,-859.38,-51.76,-524.41,0.43,1.60,-1.81,73.35,52.50,-8.70,28.37,6.83,-18.06,-993.32,288.75,-875.0,-271.25,1,53.166,"
1784211154.6821318,"01/01/2000,02:40:15.44,-858.40,-54.69,-529.79,1.87,1.34,0.21,71.70,51.90,-9.30,27.98,6.95,-18.06,-993.32,245.0,-796.25,-341.25,1,53.160,"
1784211154.6938488,"01/01/2000,02:40:15.46,-853.03,-48.34,-528.32,1.37,-0.57,-0.29,72.75,51.90,-10.05,28.51,6.83,-18.06,-993.32,376.25,-848.75,-315.0,1,53.198,"
1784211154.7141218,"01/01/2000,02:40:15.47,-845.21,-54.20,-507.32,-1.01,-0.70,1.51,73.20,51.45,-10.35,28.41,6.83,-18.06,-993.20,280.0,-840.0,-245.0,1,53.193,"
1784211154.7421405,"01/01/2000,02:40:15.50,-847.17,-60.55,-519.53,2.15,-0.27,0.17,71.25,51.45,-7.65,28.37,6.83,-18.06,-993.32,166.25,-787.50,-201.25,1,53.145,"
1784211154.7633681,"01/01/2000,02:40:15.52,-853.52,-49.80,-526.86,0.52,1.34,-2.13,71.70,50.55,-8.85,28.41,6.83,-18.06,-993.32,245.0,-796.25,-332.50,1,53.140,"
1784211154.7742646,"01/01/2000,02:40:15.54,-844.73,-59.08,-528.81,-2.14,-1.40,-0.68,71.70,50.55,-8.85,28.32,6.83,-18.06,-993.32,262.50,-901.25,-288.75,1,53.178,"
1784211154.8062592,"01/01/2000,02:40:15.56,-847.17,-61.52,-517.58,1.62,-0.18,-0.66,71.85,52.50,-10.20,28.08,6.71,-18.18,-993.32,175.0,-831.25,-306.25,1,53.173,"
1784211154.8200665,"01/01/2000,02:40:15.58,-866.21,-52.73,-529.30,0.60,0.98,-0.97,72.60,52.50,-10.50,28.37,6.95,-18.18,-993.45,183.75,-822.50,-350.0,1,53.168,"
1784211154.8395488,"01/01/2000,02:40:15.60,-853.52,-57.13,-527.83,2.31,-2.82,-1.45,72.0,53.10,-9.60,28.37,6.95,-18.18,-993.45,350.0,-840.0,-306.25,1,53.163,"
1784211154.854131,"01/01/2000,02:40:15.61,-859.38,-56.15,-524.41,1.49,-0.07,1.14,72.45,51.0,-9.60,28.41,6.95,-18.30,-993.32,227.50,-840.0,-262.50,1,53.157,"
1784211154.8748937,"01/01/2000,02:40:15.63,-868.16,-57.62,-523.44,-0.78,-0.21,-1.38,72.0,53.10,-9.60,28.37,6.83,-18.18,-993.20,280.0,-787.50,-332.50,1,53.152,"
1784211154.8924227,"01/01/2000,02:40:15.65,-858.40,-68.36,-530.27,1.50,-0.11,-0.21,72.0,51.45,-9.60,28.32,6.95,-18.18,-993.20,227.50,-735.0,-315.0,1,53.147,"
1784211154.9151533,"01/01/2000,02:40:15.67,-843.26,-59.57,-527.34,-2.15,0.44,-1.47,71.40,51.60,-8.70,28.08,7.08,-18.18,-993.20,245.0,-875.0,-253.75,1,53.185,"
1784211154.923477,"01/01/2000,02:40:15.69,-857.42,-54.20,-525.88,-0.11,0.18,-0.17,72.30,52.50,-11.25,28.56,6.95,-18.18,-993.32,350.0,-927.50,-262.50,1,53.180,"
1784211154.9444177,"01/01/2000,02:40:15.71,-866.70,-48.83,-525.39,1.36,-0.47,0.83,71.40,51.60,-11.25,28.37,6.95,-17.93,-993.20,131.25,-936.25,-315.0,1,53.175,"
1784211154.984089,"01/01/2000,02:40:15.74,-841.31,-61.04,-522.95,0.78,3.25,-1.16,71.70,51.45,-10.05,28.56,7.08,-17.81,-993.20,61.25,-892.50,-332.50,1,53.165,"
1784211155.001783,"01/01/2000,02:40:15.76,-856.93,-60.06,-521.97,0.47,-1.87,-1.79,71.70,51.45,-10.35,28.41,7.08,-17.81,-993.20,271.25,-752.50,-306.25,1,53.202,"
1784211155.016614,"01/01/2000,02:40:15.78,-859.86,-67.87,-516.60,-4.05,-0.45,-3.77,70.05,50.25,-7.65,28.37,6.95,-17.93,-993.08,210.0,-796.25,-306.25,1,53.155,"
1784211155.0407307,"01/01/2000,02:40:15.80,-843.75,-50.78,-528.32,0.82,-0.85,-0.79,71.85,52.80,-10.50,28.51,6.95,-17.81,-993.20,262.50,-866.25,-376.25,1,53.191,"
1784211155.0529597,"01/01/2000,02:40:15.82,-853.03,-57.62,-530.27,0.49,-0.02,0.26,72.45,51.90,-10.05,28.37,6.95,-17.93,-993.32,358.75,-875.0,-350.0,1,53.186,"
1784211155.0940905,"01/01/2000,02:40:15.85,-861.33,-62.99,-531.25,2.44,0.15,1.03,70.65,51.30,-10.95,28.17,6.83,-18.06,-993.20,288.75,-840.0,-341.25,1,53.176,"
1784211155.1304343,"01/01/2000,02:40:15.89,-855.96,-56.64,-522.46,-1.33,1.31,-0.04,71.25,50.55,-8.40,28.41,6.95,-17.81,-993.32,210.0,-857.50,-323.75,1,53.208,"
1784211155.1528234,"01/01/2000,02:40:15.91,-854.49,-68.36,-519.04,0.26,-0.26,-1.65,72.75,51.90,-10.80,28.37,6.83,-17.81,-993.32,306.25,-875.0,-332.50,1,53.162,"
1784211155.1604288,"01/01/2000,02:40:15.93,-858.89,-49.80,-527.83,1.99,-2.08,-0.51,69.90,50.40,-6.45,28.41,6.71,-17.93,-993.20,245.0,-848.75,-358.75,1,53.198,"
1784211155.2027557,"01/01/2000,02:40:15.96,-858.89,-62.99,-532.71,1.24,1.76,-0.08,72.30,52.80,-10.95,28.51,6.83,-18.18,-993.08,271.25,-857.50,-315.0,1,53.188,"
1784211155.2242205,"01/01/2000,02:40:15.98,-852.54,-49.80,-520.51,1.96,-1.20,0.90,72.60,50.40,-10.20,28.37,6.83,-18.18,-993.08,236.25,-831.25,-385.0,1,53.183,"
1784211155.24568,"01/01/2000,02:40:16.00,-855.96,-49.80,-526.86,0.85,-2.81,0.17,72.30,52.80,-10.95,28.32,6.95,-18.06,-993.08,358.75,-857.50,-306.25,1,53.178,"
1784211155.2758434,"01/01/2000,02:40:16.03,-844.73,-63.96,-536.13,1.63,0.90,0.24,71.70,51.45,-9.60,28.37,7.08,-18.18,-993.08,271.25,-875.0,-306.25,1,53.173,"
1784211155.291202,"01/01/2000,02:40:16.05,-847.17,-66.89,-525.88,-1.60,0.29,0.24,72.45,53.10,-10.05,28.51,7.20,-18.06,-993.32,288.75,-787.50,-323.75,1,53.168,"
1784211155.3062434,"01/01/2000,02:40:16.07,-857.42,-47.85,-528.32,1.40,-0.49,1.94,70.95,51.0,-10.80,28.51,7.20,-18.06,-993.32,192.50,-787.50,-297.50,1,53.164,"
1784211155.3235877,"01/01/2000,02:40:16.08,-848.63,-51.76,-534.67,-0.95,-0.98,-0.50,71.40,51.30,-9.45,28.37,6.95,-18.06,-993.32,218.75,-831.25,-411.25,1,53.159,"
1784211155.3435197,"01/01/2000,02:40:16.10,-857.42,-55.66,-525.88,1.10,1.60,-0.87,73.95,52.20,-10.35,28.37,7.08,-18.06,-993.20,358.75,-848.75,-385.0,1,53.154,"
1784211155.369232,"01/01/2000,02:40:16.12,-850.59,-67.38,-521.97,-0.14,0.93,-0.76,72.45,51.45,-9.30,28.51,7.20,-17.93,-993.32,227.50,-805.0,-350.0,1,53.149,"
1784211155.3798022,"01/01/2000,02:40:16.14,-857.91,-49.32,-529.30,1.02,-0.61,1.24,72.45,51.45,-9.30,28.37,7.08,-17.93,-993.08,358.75,-936.25,-245.0,1,53.144,"
1784211155.4003599,"01/01/2000,02:40:16.16,-851.56,-49.80,-537.11,0.33,-1.73,-0.46,71.70,52.65,-10.80,28.22,6.95,-17.93,-993.32,323.75,-866.25,-350.0,1,53.180,"
1784211155.4145217,"01/01/2000,02:40:16.18,-849.61,-43.95,-533.69,2.77,-0.18,2.96,70.50,51.90,-11.10,28.32,7.08,-18.06,-993.32,315.0,-822.50,-323.75,1,53.175,"
1784211155.431677,"01/01/2000,02:40:16.20,-841.31,-63.96,-525.88,1.11,-0.11,-1.34,72.0,52.65,-10.05,28.51,7.08,-18.06,-993.20,236.25,-892.50,-367.50,1,53.170,"
1784211155.473321,"01/01/2000,02:40:16.23,-852.05,-53.22,-532.23,-2.45,-0.56,-2.34,71.70,51.0,-10.05,28.41,6.83,-18.06,-993.32,218.75,-796.25,-315.0,1,53.161,"
1784211155.494372,"01/01/2000,02:40:16.25,-855.96,-47.85,-517.58,1.34,0.39,-0.47,71.70,50.25,-8.40,28.08,6.83,-18.18,-993.32,306.25,-901.25,-358.75,1,53.156,"
1784211155.5121777,"01/01/2000,02:40:16.27,-846.68,-49.32,-526.86,-0.34,-0.79,2.48,71.25,52.20,-10.35,28.56,6.83,-18.06,-993.57,175.0,-910.0,-315.0,1,53.151,"
1784211155.5293021,"01/01/2000,02:40:16.29,-852.54,-48.83,-522.46,0.35,0.02,1.55,72.30,52.80,-8.70,28.32,6.71,-18.06,-993.32,192.50,-892.50,-288.75,1,53.187,"
1784211155.5456362,"01/01/2000,02:40:16.30,-862.79,-63.96,-532.71,-0.76,0.40,-1.14,72.75,53.10,-9.60,28.08,6.83,-18.06,-993.32,288.75,-822.50,-332.50,1,53.182,"
1784211155.5663385,"01/01/2000,02:40:16.33,-851.07,-59.57,-528.32,2.15,0.65,1.22,70.50,51.90,-10.80,28.32,6.83,-18.06,-993.20,245.0,-822.50,-315.0,1,53.177,"
1784211155.5873055,"01/01/2000,02:40:16.34,-858.89,-51.76,-534.18,3.73,-0.44,-1.40,71.10,51.30,-10.50,28.41,6.83,-18.18,-993.20,306.25,-822.50,-393.75,1,53.172,"
1784211155.6018493,"01/01/2000,02:40:16.36,-855.47,-56.15,-531.25,2.68,-1.66,-1.66,71.40,52.05,-10.95,28.41,6.83,-18.06,-993.45,192.50,-945.0,-367.50,1,53.167,"
1784211155.6182637,"01/01/2000,02:40:16.38,-861.33,-56.15,-535.16,0.66,1.76,-1.44,71.70,51.90,-10.05,28.51,6.95,-18.18,-993.45,271.25,-805.0,-402.50,1,53.203,"
1784211155.6517622,"01/01/2000,02:40:16.42,-862.79,-52.73,-529.30,-3.40,-0.97,-1.14,71.25,53.10,-11.10,28.08,6.83,-18.06,-993.32,288.75,-875.0,-297.50,1,53.193,"
1784211155.6831672,"01/01/2000,02:40:16.43,-852.05,-57.62,-522.46,-0.08,0.79,1.42,71.40,52.50,-11.25,28.17,6.83,-17.81,-993.32,262.50,-822.50,-455.0,1,53.188,"
1784211155.6917279,"01/01/2000,02:40:16.46,-856.45,-58.59,-521.00,-0.03,0.08,-0.53,72.30,52.80,-10.95,28.41,6.95,-17.93,-993.32,218.75,-761.25,-358.75,1,53.184,"
1784211155.712603,"01/01/2000,02:40:16.47,-857.91,-50.29,-522.46,3.14,-0.77,-0.69,73.05,50.40,-10.50,28.41,6.83,-17.81,-993.32,393.75,-796.25,-288.75,1,53.179,"
1784211155.7228007,"01/01/2000,02:40:16.49,-853.52,-61.52,-532.71,0.33,-2.51,1.82,71.85,52.50,-10.50,28.51,6.83,-17.93,-993.32,350.0,-787.50,-332.50,1,53.174,"
1784211155.7439432,"01/01/2000,02:40:16.51,-845.70,-47.85,-527.83,0.28,-0.94,-0.13,70.05,52.20,-10.35,27.98,6.83,-17.93,-993.20,218.75,-778.75,-455.0,1,53.209,"
1784211155.7808094,"01/01/2000,02:40:16.54,-861.82,-52.25,-522.46,2.09,0.69,-0.36,69.30,52.65,-8.10,28.37,6.95,-18.06,-993.20,402.50,-892.50,-236.25,1,53.165,"
1784211155.8017278,"01/01/2000,02:40:16.56,-856.45,-47.36,-533.69,0.44,-2.14,1.32,71.25,51.0,-10.05,28.37,7.08,-18.06,-993.32,253.75,-831.25,-376.25,1,53.120,"
1784211155.8170927,"01/01/2000,02:40:16.58,-868.65,-43.95,-522.95,1.43,-1.77,1.05,69.15,49.65,-7.95,28.51,6.95,-18.06,-993.57,271.25,-848.75,-323.75,1,53.155,"
1784211155.8399308,"01/01/2000,02:40:16.60,-852.54,-51.27,-527.34,-0.27,-1.60,-0.31,69.90,52.80,-10.20,28.32,6.83,-18.06,-993.45,236.25,-910.0,-297.50,1,53.150,"
1784211155.85801,"01/01/2000,02:40:16.62,-848.63,-52.25,-519.04,0.17,-1.96,-2.76,73.65,52.20,-11.10,28.56,6.83,-17.93,-993.45,201.25,-840.0,-323.75,1,53.146,"
1784211155.8750706,"01/01/2000,02:40:16.63,-863.77,-60.55,-523.44,-0.93,-0.93,-1.25,72.30,51.60,-10.20,28.37,6.95,-17.93,-993.45,288.75,-997.50,-262.50,1,53.141,"
1784211155.8941855,"01/01/2000,02:40:16.65,-854.98,-53.71,-522.95,-0.62,0.89,0.15,72.30,51.60,-10.20,28.41,6.95,-18.06,-993.32,175.0,-892.50,-280.0,1,53.137,"
1784211155.9127533,"01/01/2000,02:40:16.67,-858.89,-43.95,-523.44,1.12,-2.61,0.12,71.25,51.0,-8.10,28.51,6.95,-18.06,-993.08,262.50,-857.50,-297.50,1,53.132,"
1784211155.9232173,"01/01/2000,02:40:16.69,-854.00,-61.04,-527.83,1.56,-0.74,-1.48,71.40,52.05,-9.45,28.41,6.95,-18.18,-993.08,402.50,-918.75,-341.25,1,53.127,"
1784211155.9437954,"01/01/2000,02:40:16.71,-856.45,-55.18,-524.41,-0.41,-0.95,0.05,71.10,52.50,-10.20,28.37,6.95,-18.06,-993.08,192.50,-927.50,-376.25,1,53.162,"
1784211155.9882228,"01/01/2000,02:40:16.75,-843.26,-62.99,-523.44,1.69,-1.64,0.01,71.70,52.65,-10.35,28.37,6.83,-17.93,-993.20,323.75,-848.75,-236.25,1,53.152,"
1784211156.0110636,"01/01/2000,02:40:16.76,-857.91,-49.32,-533.69,2.14,-0.94,-0.71,71.70,53.40,-11.10,28.32,6.83,-18.06,-993.08,288.75,-717.50,-341.25,1,53.148,"
1784211156.0226912,"01/01/2000,02:40:16.78,-841.80,-47.85,-520.51,0.31,1.86,1.25,71.10,52.50,-9.45,28.03,6.95,-18.06,-993.20,218.75,-805.0,-323.75,1,53.143,"
1784211156.0421462,"01/01/2000,02:40:16.80,-856.93,-51.27,-519.04,0.73,-0.66,-2.96,72.60,50.85,-9.75,28.41,6.83,-18.18,-993.20,245.0,-761.25,-315.0,1,53.139,"
1784211156.0611124,"01/01/2000,02:40:16.82,-864.75,-52.25,-524.90,-0.02,-0.47,-0.29,70.65,51.60,-10.95,28.37,6.83,-18.06,-993.20,358.75,-866.25,-288.75,1,53.173,"
1784211156.0715656,"01/01/2000,02:40:16.84,-856.93,-59.57,-517.09,1.33,1.99,0.93,72.45,53.10,-9.60,28.56,6.83,-18.18,-993.08,227.50,-813.75,-428.75,1,53.168,"
1784211156.1027734,"01/01/2000,02:40:16.86,-857.42,-57.13,-515.63,-0.18,-0.87,-2.66,71.70,52.65,-10.80,28.32,6.83,-18.06,-992.96,227.50,-743.75,-323.75,1,53.164,"
1784211156.112885,"01/01/2000,02:40:16.88,-846.68,-44.92,-526.37,3.57,0.40,-1.63,71.25,49.80,-10.35,28.37,6.83,-18.06,-992.96,288.75,-918.75,-341.25,1,53.159,"
1784211156.1337328,"01/01/2000,02:40:16.89,-858.89,-62.99,-518.07,-0.73,-0.20,2.02,72.0,51.45,-10.05,28.41,6.95,-18.06,-993.08,218.75,-770.0,-350.0,1,53.154,"
1784211156.1440985,"01/01/2000,02:40:16.91,-862.79,-59.08,-526.86,5.63,-1.05,-2.50,71.85,52.50,-11.25,28.32,6.95,-18.18,-993.32,323.75,-927.50,-376.25,1,53.150,"
1784211156.164926,"01/01/2000,02:40:16.93,-860.84,-57.62,-518.55,0.62,-0.62,-0.58,72.60,51.30,-9.75,28.41,6.83,-18.18,-993.32,358.75,-796.25,-350.0,1,53.184,"
1784211156.2090292,"01/01/2000,02:40:16.97,-853.52,-60.06,-521.00,3.76,-0.58,-1.37,70.50,51.45,-9.30,28.51,6.71,-18.06,-993.20,297.50,-866.25,-315.0,1,53.175,"
1784211156.2293983,"01/01/2000,02:40:16.98,-853.03,-54.69,-524.90,2.50,1.46,0.87,72.45,51.45,-10.80,28.51,6.83,-18.06,-993.20,87.50,-857.50,-297.50,1,53.170,"
1784211156.2374084,"01/01/2000,02:40:17.01,-861.33,-56.64,-527.34,-1.26,0.92,0.30,72.0,52.65,-9.60,28.37,6.59,-18.18,-993.20,367.50,-822.50,-288.75,1,53.165,"
1784211156.2626164,"01/01/2000,02:40:17.02,-874.02,-58.11,-523.44,0.84,0.67,1.75,72.0,50.55,-10.80,28.22,6.59,-18.06,-993.08,315.0,-778.75,-306.25,1,53.161,"
1784211156.2889688,"01/01/2000,02:40:17.05,-855.96,-64.94,-515.63,1.79,-0.73,0.34,72.0,50.55,-11.10,28.41,6.71,-18.06,-993.20,323.75,-901.25,-245.0,1,53.156,"
1784211156.309748,"01/01/2000,02:40:17.07,-864.75,-53.71,-520.02,1.44,-0.74,-0.10,72.0,52.20,-10.35,28.32,6.83,-18.06,-993.08,253.75,-691.25,-350.0,1,53.152,"
1784211156.3317146,"01/01/2000,02:40:17.09,-863.77,-62.99,-523.44,0.05,-2.66,-1.08,71.10,52.05,-9.0,28.32,6.83,-18.06,-992.96,306.25,-840.0,-315.0,1,53.147,"
1784211156.3637068,"01/01/2000,02:40:17.12,-852.54,-51.76,-516.11,0.78,2.55,0.39,73.05,51.60,-9.0,28.17,6.95,-18.18,-993.08,411.25,-787.50,-236.25,1,53.138,"
1784211156.383987,"01/01/2000,02:40:17.14,-855.96,-61.52,-521.97,0.46,1.70,0.55,72.60,52.05,-9.45,28.51,6.95,-18.06,-993.08,262.50,-892.50,-350.0,1,53.134,"
1784211156.4134612,"01/01/2000,02:40:17.18,-852.05,-54.69,-527.34,0.73,-1.16,-0.86,71.25,49.05,-8.10,28.41,7.08,-18.06,-993.20,218.75,-822.50,-350.0,1,53.125,"
1784211156.4449213,"01/01/2000,02:40:17.20,-848.14,-61.52,-527.34,2.60,-1.24,-0.05,71.40,52.80,-11.25,28.03,7.08,-18.06,-993.20,332.50,-857.50,-437.50,1,53.158,"
1784211156.459237,"01/01/2000,02:40:17.22,-854.00,-53.22,-530.76,-0.31,0.91,-0.21,71.25,51.0,-11.55,28.37,6.95,-17.93,-993.08,341.25,-848.75,-376.25,1,53.154,"
1784211156.4760673,"01/01/2000,02:40:17.24,-840.33,-51.27,-522.95,1.48,-0.66,0.74,72.60,52.80,-10.95,28.03,6.83,-18.06,-993.08,227.50,-910.0,-332.50,1,53.149,"
1784211156.493906,"01/01/2000,02:40:17.25,-850.10,-56.15,-523.93,0.30,0.02,-3.94,72.0,51.90,-10.05,28.51,6.83,-17.93,-993.32,183.75,-831.25,-280.0,1,53.145,"
1784211156.510803,"01/01/2000,02:40:17.27,-859.38,-48.83,-515.14,-1.48,-1.29,2.0,72.30,52.80,-9.75,28.37,6.83,-17.93,-993.32,262.50,-822.50,-332.50,1,53.140,"
1784211156.527607,"01/01/2000,02:40:17.29,-851.56,-63.48,-520.51,-0.92,1.33,-0.53,70.50,50.55,-9.30,28.51,6.83,-18.06,-993.20,236.25,-901.25,-253.75,1,53.136,"
1784211156.5527005,"01/01/2000,02:40:17.31,-850.59,-58.59,-522.46,-0.50,1.41,2.10,70.35,52.05,-10.20,28.51,6.83,-18.06,-993.45,323.75,-848.75,-367.50,1,53.132,"
1784211156.5715003,"01/01/2000,02:40:17.33,-849.12,-51.76,-527.34,2.83,-1.32,0.80,72.0,51.45,-10.80,28.37,6.83,-18.06,-993.32,157.50,-831.25,-315.0,1,53.165,"
1784211156.5848312,"01/01/2000,02:40:17.35,-848.14,-50.78,-527.83,-1.55,-1.33,2.54,73.20,53.10,-10.05,28.08,6.83,-18.06,-993.32,315.0,-796.25,-280.0,1,53.160,"
1784211156.6007643,"01/01/2000,02:40:17.37,-860.84,-47.85,-519.04,0.31,-1.06,1.46,72.0,51.45,-10.05,28.41,6.95,-18.18,-993.20,236.25,-901.25,-297.50,1,53.156,"
1784211156.6428096,"01/01/2000,02:40:17.40,-857.91,-57.13,-530.76,1.69,-2.25,1.32,70.35,50.40,-9.45,28.51,6.83,-18.30,-993.32,262.50,-901.25,-323.75,1,53.147,"
1784211156.663381,"01/01/2000,02:40:17.42,-843.75,-63.48,-516.60,-1.82,-0.23,-1.69,71.10,48.75,-7.50,28.41,6.71,-18.06,-993.20,183.75,-831.25,-236.25,1,53.142,"
1784211156.6736858,"01/01/2000,02:40:17.44,-865.23,-63.96,-528.32,0.44,-0.11,1.40,72.45,51.90,-10.05,28.56,6.83,-18.06,-993.20,341.25,-901.25,-245.0,1,53.138,"
1784211156.6944225,"01/01/2000,02:40:17.46,-861.82,-54.69,-537.60,1.02,0.92,-1.83,70.95,52.20,-8.85,28.41,6.83,-18.06,-993.32,245.0,-875.0,-306.25,1,53.171,"
1784211156.7379687,"01/01/2000,02:40:17.50,-859.86,-48.83,-518.07,0.12,-1.50,-0.70,72.60,51.60,-10.20,28.51,6.95,-18.30,-993.32,245.0,-840.0,-323.75,1,53.162,"
1784211156.7572443,"01/01/2000,02:40:17.51,-858.40,-48.34,-514.65,3.18,1.41,0.89,72.0,51.90,-10.35,28.37,6.95,-18.30,-993.32,218.75,-822.50,-271.25,1,53.158,"
1784211156.7726028,"01/01/2000,02:40:17.53,-843.75,-59.08,-535.16,-0.76,0.11,-0.73,71.40,51.60,-10.50,28.37,6.95,-18.30,-993.08,350.0,-857.50,-262.50,1,53.153,"
1784211156.7968123,"01/01/2000,02:40:17.56,-853.03,-53.22,-523.93,-1.34,-1.46,0.67,70.05,50.55,-7.65,28.22,6.95,-18.54,-992.84,262.50,-787.50,-323.75,1,53.149,"
1784211156.8176997,"01/01/2000,02:40:17.58,-844.73,-68.85,-526.86,0.79,1.50,-0.66,71.70,51.90,-10.35,28.41,7.08,-18.30,-992.84,341.25,-813.75,-393.75,1,53.144,"
1784211156.8319173,"01/01/2000,02:40:17.60,-866.21,-62.01,-528.81,-1.21,1.22,-0.66,72.30,53.25,-10.95,28.03,6.95,-18.30,-992.84,183.75,-840.0,-271.25,1,53.140,"
1784211156.8588753,"01/01/2000,02:40:17.61,-859.86,-45.90,-530.27,1.11,2.81,1.36,72.0,53.85,-10.05,28.22,6.95,-18.54,-992.71,271.25,-778.75,-288.75,1,53.136,"
1784211156.8759294,"01/01/2000,02:40:17.63,-846.68,-61.04,-530.27,-0.82,0.97,-0.07,72.60,51.30,-10.95,28.41,7.08,-18.30,-992.96,227.50,-726.25,-262.50,1,53.131,"
1784211156.8948889,"01/01/2000,02:40:17.65,-854.00,-58.11,-528.32,0.82,-1.34,-1.01,71.10,51.30,-9.45,28.32,7.08,-18.30,-993.20,70.0,-770.0,-288.75,1,53.127,"
1784211156.9136062,"01/01/2000,02:40:17.67,-855.96,-68.36,-535.64,-0.76,0.61,-0.36,72.0,52.65,-10.80,28.37,7.08,-18.30,-993.20,245.0,-901.25,-201.25,1,53.123,"
1784211156.9236438,"01/01/2000,02:40:17.69,-870.12,-55.66,-535.16,1.68,0.94,1.57,72.0,50.55,-10.05,28.41,7.20,-18.18,-993.08,367.50,-848.75,-306.25,1,53.155,"
1784211156.9444492,"01/01/2000,02:40:17.71,-848.63,-46.39,-523.93,-1.98,0.71,0.98,72.45,50.25,-10.80,28.22,6.95,-18.06,-992.96,323.75,-822.50,-245.0,1,53.151,"
1784211156.984111,"01/01/2000,02:40:17.74,-845.70,-46.39,-520.51,-0.27,0.60,-0.66,72.0,51.45,-10.05,28.51,6.83,-17.93,-993.20,323.75,-743.75,-271.25,1,53.142,"
1784211157.0086825,"01/01/2000,02:40:17.76,-862.79,-51.76,-514.16,-1.31,0.55,-1.45,72.0,51.45,-10.05,28.51,6.83,-17.81,-993.20,323.75,-787.50,-376.25,1,53.138,"
1784211157.0232372,"01/01/2000,02:40:17.78,-848.14,-57.62,-524.41,0.86,0.70,-0.02,72.30,52.05,-9.45,28.56,6.83,-17.81,-993.08,358.75,-875.0,-315.0,1,53.134,"
1784211157.0401995,"01/01/2000,02:40:17.80,-846.19,-48.83,-517.09,2.11,0.68,0.36,71.10,53.25,-9.75,28.56,6.83,-17.81,-993.08,236.25,-936.25,-393.75,1,53.165,"
1784211157.0527983,"01/01/2000,02:40:17.82,-843.75,-55.18,-511.23,-1.67,0.22,-0.56,71.25,52.65,-10.35,28.37,6.95,-17.93,-993.08,332.50,-927.50,-341.25,1,53.161,"
1784211157.071593,"01/01/2000,02:40:17.84,-859.86,-59.08,-521.00,0.56,-0.72,-1.38,72.45,51.45,-10.35,28.22,6.95,-17.81,-993.08,376.25,-805.0,-323.75,1,53.157,"
1784211157.1125975,"01/01/2000,02:40:17.87,-844.24,-64.45,-532.71,1.49,-0.87,-0.97,71.85,51.30,-9.75,28.37,7.08,-18.06,-993.20,227.50,-901.25,-350.0,1,53.148,"
1784211157.1331382,"01/01/2000,02:40:17.89,-861.33,-51.76,-521.48,2.45,-0.90,0.98,72.30,51.30,-12.15,28.41,6.95,-18.06,-993.32,323.75,-848.75,-411.25,1,53.144,"
1784211157.1538916,"01/01/2000,02:40:17.91,-844.73,-53.22,-538.09,-1.30,2.85,-0.73,73.20,52.20,-9.60,28.41,6.95,-18.06,-993.32,358.75,-866.25,-323.75,1,53.140,"
1784211157.164534,"01/01/2000,02:40:17.93,-852.05,-51.76,-514.16,-0.08,0.60,0.48,72.30,52.50,-10.50,28.37,6.95,-17.93,-993.20,350.0,-875.0,-297.50,1,53.171,"
