timestamp,x,y,z,r,roll,pitch,yaw
1784215556.8608,352.0000,0.0000,105.0000,105.0000,0.0,0.0,0.0
1784215556.9279,352.0000,0.0000,105.0000,105.0000,0.0,0.0,0.0
1784215556.9889,352.0000,0.0000,105.0000,105.0000,0.0,0.0,0.0
1784215557.0440,352.0000,0.0000,105.0000,105.0000,0.0,0.0,0.0
1784215557.1116,352.0000,0.0000,105.0000,105.0000,0.0,0.0,0.0
1784215557.1793,352.0000,0.0000,105.0000,105.0000,0.0,0.0,0.0
1784215557.2363,352.0000,0.0000,105.0000,105.0000,0.0,0.0,0.0
1784215557.2966,352.0000,0.0000,105.0000,105.0000,0.0,0.0,0.0
1784215557.3683,352.0000,0.0000,105.0000,105.0000,0.0,0.0,0.0
1784215557.4285,351.9999,0.0000,104.9998,105.0000,0.0,0.0,0.0
1784215557.4766,351.9817,0.0000,104.9402,105.0000,0.0,0.0,0.0
1784215557.5384,351.8796,0.0000,104.6065,105.0000,0.0,0.0,0.0
1784215557.5892,351.6593,0.0000,103.8861,105.0000,0.0,0.0,0.0
1784215557.6454,351.2825,0.0000,102.6542,105.0000,0.0,0.0,0.0
1784215557.7095,350.8153,0.0000,101.1269,105.0000,0.0,0.0,0.0
1784215557.7883,350.1929,0.0000,99.0921,105.0000,0.0,0.0,0.0
1784215557.8403,349.6667,0.0000,97.3719,105.0000,0.0,0.0,0.0
1784215557.9083,349.0703,0.0000,95.4223,105.0000,0.0,0.0,0.0
1784215557.9930,348.3337,0.0000,93.0140,105.0000,0.0,0.0,0.0
1784215558.0205,348.0881,0.0000,92.2112,105.0000,0.0,0.0,0.0
1784215558.0734,347.6321,0.0000,90.7204,105.0000,0.0,0.0,0.0
1784215558.1287,347.1410,0.0000,89.1149,105.0000,0.0,0.0,0.0
1784215558.2089,346.4395,0.0000,86.8213,105.0000,0.0,0.0,0.0
1784215558.2446,346.1237,0.0000,85.7891,105.0000,0.0,0.0,0.0
1784215558.3108,345.6326,0.0000,84.1836,105.0000,0.0,0.0,0.0
1784215558.3714,345.0012,0.0000,82.1193,105.0000,0.0,0.0,0.0
1784215558.4344,344.5101,0.0000,80.5138,105.0000,0.0,0.0,0.0
1784215558.5076,343.8436,0.0000,78.3349,105.0000,0.0,0.0,0.0
1784215558.5568,343.3876,0.0000,76.8440,105.0000,0.0,0.0,0.0
1784215558.6110,342.8965,0.0000,75.2385,105.0000,0.0,0.0,0.0
1784215558.6726,342.3703,0.0000,73.5183,105.0000,0.0,0.0,0.0
1784215558.7396,341.8090,0.0000,71.6834,105.0000,0.0,0.0,0.0
1784215558.7930,341.3179,0.0000,70.0778,105.0000,0.0,0.0,0.0
1784215558.8652,340.6865,0.0000,68.0136,105.0000,0.0,0.0,0.0
1784215558.9105,340.2656,0.0000,66.6374,105.0000,0.0,0.0,0.0
1784215558.9758,339.7744,0.0000,65.0319,105.0000,0.0,0.0,0.0
1784215559.0284,339.2483,0.0000,63.3117,105.0000,0.0,0.0,0.0
1784215559.0968,338.6519,0.0000,61.3621,105.0000,0.0,0.0,0.0
1784215559.1684,338.0205,0.0000,59.2978,105.0000,0.0,0.0,0.0
1784215559.2122,337.6346,0.0000,58.0364,105.0000,0.0,0.0,0.0
1784215559.2718,337.1085,0.0000,56.3161,105.0000,0.0,0.0,0.0
1784215559.3289,336.6174,0.0000,54.7106,105.0000,0.0,0.0,0.0
1784215559.4205,335.8105,0.0000,52.0729,105.0000,0.0,0.0,0.0
1784215559.4650,335.4247,0.0000,50.8115,105.0000,0.0,0.0,0.0
1784215559.5324,334.8283,0.0000,48.8619,105.0000,0.0,0.0,0.0
1784215559.5851,334.3723,0.0000,47.3710,105.0000,0.0,0.0,0.0
1784215559.6440,333.8461,0.0000,45.6508,105.0000,0.0,0.0,0.0
1784215559.6971,333.3901,0.0000,44.1600,105.0000,0.0,0.0,0.0
1784215559.7620,332.8288,0.0000,42.3251,105.0000,0.0,0.0,0.0
1784215559.8110,332.3377,0.0000,40.7195,105.0000,0.0,0.0,0.0
1784215559.8599,331.9519,0.0000,39.4580,105.0000,0.0,0.0,0.0
1784215559.9324,331.3205,0.0000,37.3938,105.0000,0.0,0.0,0.0
1784215559.9890,330.8294,0.0000,35.7882,105.0000,0.0,0.0,0.0
1784215560.0526,330.2681,0.0000,33.9534,105.0000,0.0,0.0,0.0
1784215560.0961,329.8822,0.0000,32.6919,105.0000,0.0,0.0,0.0
1784215560.1568,329.3560,0.0000,30.9717,105.0000,0.0,0.0,0.0
1784215560.2113,328.8649,0.0000,29.3661,105.0000,0.0,0.0,0.0
1784215560.2728,328.3387,0.0000,27.6459,105.0000,0.0,0.0,0.0
1784215560.3284,327.8477,0.0000,26.0404,105.0000,0.0,0.0,0.0
1784215560.3970,327.2515,0.0000,24.0915,105.0000,0.0,0.0,0.0
1784215560.4600,326.7353,0.0000,22.4039,105.0000,0.0,0.0,0.0
1784215560.5083,326.4352,0.0000,21.4229,105.0000,0.0,0.0,0.0
1784215560.5648,326.1782,0.0000,20.5825,105.0000,0.0,0.0,0.0
1784215560.6282,326.0480,0.0000,20.1569,105.0000,0.0,0.0,0.0
1784215560.6767,326.0079,0.0000,20.0259,105.0000,0.0,0.0,0.0
1784215560.7614,326.0000,0.0000,20.0000,105.0000,0.0,0.0,0.0
1784215560.7972,326.0000,0.0000,20.0000,105.0000,0.0,0.0,0.0
1784215560.8649,326.0000,0.0000,20.0000,105.0000,0.0,0.0,0.0
1784215560.9246,326.0000,0.0000,20.0000,105.0000,0.0,0.0,0.0
1784215560.9763,326.0000,0.0000,20.0000,105.0000,0.0,0.0,0.0
1784215561.0330,326.0000,0.0000,20.0000,105.0000,0.0,0.0,0.0
1784215561.1050,326.0000,0.0000,20.0000,105.0000,0.0,0.0,0.0
1784215561.1680,326.0000,0.0000,20.0000,105.0000,0.0,0.0,0.0
1784215561.2366,326.0000,0.0000,20.0000,105.0000,0.0,0.0,0.0
1784215561.2922,326.0000,0.0000,20.0000,105.0000,0.0,0.0,0.0
1784215561.3366,326.0000,0.0000,20.0000,105.0000,0.0,0.0,0.0
1784215561.3882,326.0000,0.0000,20.0000,105.0000,0.0,0.0,0.0
1784215561.4443,326.0000,0.0000,20.0000,105.0000,0.0,0.0,0.0
1784215561.5225,326.0000,0.0000,20.0000,105.0000,0.0,0.0,0.0
1784215561.5688,326.0000,0.0000,20.0000,105.0000,0.0,0.0,0.0
1784215561.6254,326.0000,0.0000,20.0000,105.0000,0.0,0.0,0.0
1784215561.6784,326.0000,0.0000,20.0000,105.0000,0.0,0.0,0.0
1784215561.7397,326.0000,0.0000,20.0000,105.0000,0.0,0.0,0.0
1784215561.8052,326.0000,0.0000,20.0000,105.0000,0.0,0.0,0.0
1784215561.8372,326.0000,0.0000,20.0000,105.0000,0.0,0.0,0.0
1784215561.9050,326.0000,0.0000,20.0000,105.0000,0.0,0.0,0.0
1784215561.9767,326.0000,0.0000,20.0000,105.0000,0.0,0.0,0.0
1784215562.0206,326.0000,0.0000,20.0000,105.0000,0.0,0.0,0.0
1784215562.0728,326.0000,0.0000,20.0000,105.0000,0.0,0.0,0.0
1784215562.1341,326.0000,0.0000,20.0000,105.0000,0.0,0.0,0.0
1784215562.1758,326.0000,0.0000,20.0000,105.0000,0.0,0.0,0.0
1784215562.2410,326.0000,0.0000,20.0000,105.0000,0.0,0.0,0.0
1784215562.2963,326.0000,0.0000,20.0000,105.0000,0.0,0.0,0.0
1784215562.3568,326.0000,0.0000,20.0000,105.0000,0.0,0.0,0.0
1784215562.4354,326.0000,0.0000,20.0000,105.0000,0.0,0.0,0.0
1784215562.5042,326.0000,0.0000,20.0000,105.0000,0.0,0.0,0.0
1784215562.5728,326.0000,0.0000,20.0000,105.0000,0.0,0.0,0.0
1784215562.6355,326.0000,0.0000,20.0000,105.0000,0.0,0.0,0.0
1784215562.6930,326.0000,0.0000,20.0000,105.0000,0.0,0.0,0.0
1784215562.7438,326.0303,0.0000,20.0000,105.0000,0.0,0.0,0.0
1784215562.7890,326.2389,0.0000,20.0000,105.0000,0.0,0.0,0.0
1784215562.8573,326.9783,0.0000,20.0000,105.0000,0.0,0.0,0.0
1784215562.9109,328.0648,0.0000,20.0000,105.0000,0.0,0.0,0.0
1784215562.9724,329.6043,0.0000,20.0000,105.0000,0.0,0.0,0.0
1784215563.0205,330.9819,0.0000,20.0000,105.0000,0.0,0.0,0.0
1784215563.0961,333.2580,0.0000,20.0000,105.0000,0.0,0.0,0.0
1784215563.1325,334.3374,0.0000,20.0000,105.0000,0.0,0.0,0.0
1784215563.1952,336.0165,0.0000,20.0000,105.0000,0.0,0.0,0.0
1784215563.2440,337.6956,0.0000,20.0000,105.0000,0.0,0.0,0.0
1784215563.3109,339.8545,0.0000,20.0000,105.0000,0.0,0.0,0.0
1784215563.3568,341.0538,0.0000,20.0000,105.0000,0.0,0.0,0.0
1784215563.4326,343.3326,0.0000,20.0000,105.0000,0.0,0.0,0.0
1784215563.4762,344.6519,0.0000,20.0000,105.0000,0.0,0.0,0.0
1784215563.5356,346.2110,0.0000,20.0000,105.0000,0.0,0.0,0.0
1784215563.5898,348.0101,0.0000,20.0000,105.0000,0.0,0.0,0.0
1784215563.6642,350.2889,0.0000,20.0000,105.0000,0.0,0.0,0.0
1784215563.7111,351.7281,0.0000,20.0000,105.0000,0.0,0.0,0.0
1784215563.7723,353.5271,0.0000,20.0000,105.0000,0.0,0.0,0.0
1784215563.8366,355.4461,0.0000,20.0000,105.0000,0.0,0.0,0.0
1784215563.8930,357.1252,0.0000,20.0000,105.0000,0.0,0.0,0.0
1784215563.9448,358.8043,0.0000,20.0000,105.0000,0.0,0.0,0.0
1784215564.0108,360.7233,0.0000,20.0000,105.0000,0.0,0.0,0.0
1784215564.0684,362.4023,0.0000,20.0000,105.0000,0.0,0.0,0.0
1784215564.1255,364.0815,0.0000,20.0000,105.0000,0.0,0.0,0.0
1784215564.1822,365.8805,0.0000,20.0000,105.0000,0.0,0.0,0.0
1784215564.2325,367.3197,0.0000,20.0000,105.0000,0.0,0.0,0.0
1784215564.3090,369.5985,0.0000,20.0000,105.0000,0.0,0.0,0.0
1784215564.3763,371.6374,0.0000,20.0000,105.0000,0.0,0.0,0.0
1784215564.4452,373.6763,0.0000,20.0000,105.0000,0.0,0.0,0.0
1784215564.4951,374.9956,0.0000,20.0000,105.0000,0.0,0.0,0.0
1784215564.5403,376.5547,0.0000,20.0000,105.0000,0.0,0.0,0.0
1784215564.5964,378.2339,0.0000,20.0000,105.0000,0.0,0.0,0.0
1784215564.6685,380.3927,0.0000,20.0000,105.0000,0.0,0.0,0.0
1784215564.7110,381.7120,0.0000,20.0000,105.0000,0.0,0.0,0.0
1784215564.7648,383.2711,0.0000,20.0000,105.0000,0.0,0.0,0.0
1784215564.8363,385.4300,0.0000,20.0000,105.0000,0.0,0.0,0.0
1784215564.8850,386.8692,0.0000,20.0000,105.0000,0.0,0.0,0.0
1784215564.9518,388.9081,0.0000,20.0000,105.0000,0.0,0.0,0.0
1784215565.0088,390.5872,0.0000,20.0000,105.0000,0.0,0.0,0.0
1784215565.0649,392.2664,0.0000,20.0000,105.0000,0.0,0.0,0.0
1784215565.1205,393.9427,0.0000,20.0000,105.0000,0.0,0.0,0.0
1784215565.1763,395.4739,0.0000,20.0000,105.0000,0.0,0.0,0.0
1784215565.2112,396.2653,0.0000,20.0000,105.0000,0.0,0.0,0.0
1784215565.2742,397.2364,0.0000,20.0000,105.0000,0.0,0.0,0.0
1784215565.3306,397.7601,0.0000,20.0000,105.0000,0.0,0.0,0.0
1784215565.3972,397.9780,0.0000,20.0000,105.0000,0.0,0.0,0.0
1784215565.4684,398.0000,0.0000,20.0000,105.0000,0.0,0.0,0.0
1784215565.5204,398.0000,0.0000,20.0000,105.0000,0.0,0.0,0.0
1784215565.5730,398.0000,0.0000,20.0000,105.0000,0.0,0.0,0.0
1784215565.6247,398.0000,0.0000,20.0000,105.0000,0.0,0.0,0.0
1784215565.6796,398.0000,0.0000,20.0000,105.0000,0.0,0.0,0.0
1784215565.7424,398.0000,0.0000,20.0000,105.0000,0.0,0.0,0.0
1784215565.7923,398.0000,0.0000,20.0000,105.0000,0.0,0.0,0.0
1784215565.8441,398.0000,0.0000,20.0000,105.0000,0.0,0.0,0.0
1784215565.9012,398.0000,0.0000,20.0000,105.0000,0.0,0.0,0.0
1784215565.9476,398.0000,0.0000,20.0000,105.0000,0.0,0.0,0.0
1784215566.0004,398.0000,0.0000,20.0000,105.0000,0.0,0.0,0.0
1784215566.0563,398.0000,0.0000,20.0000,105.0000,0.0,0.0,0.0
1784215566.1080,398.0000,0.0000,20.0000,105.0000,0.0,0.0,0.0
1784215566.1786,398.0000,0.0000,20.0000,105.0000,0.0,0.0,0.0
1784215566.2453,398.0000,0.0000,20.0000,105.0000,0.0,0.0,0.0
1784215566.2922,398.0000,0.0000,20.0000,105.0000,0.0,0.0,0.0
1784215566.3356,398.0000,0.0000,20.0000,105.0000,0.0,0.0,0.0
1784215566.3888,398.0000,0.0000,20.0000,105.0000,0.0,0.0,0.0
1784215566.4455,398.0000,0.0000,20.0000,105.0000,0.0,0.0,0.0
1784215566.5088,398.0000,0.0000,20.0000,105.0000,0.0,0.0,0.0
1784215566.5702,398.0000,0.0000,20.0000,105.0000,0.0,0.0,0.0
1784215566.6246,398.0000,0.0000,20.0000,105.0000,0.0,0.0,0.0
1784215566.6760,398.0000,0.0000,20.0000,105.0000,0.0,0.0,0.0
1784215566.7442,398.0000,0.0000,20.0000,105.0000,0.0,0.0,0.0
1784215566.8049,398.0000,0.0000,20.0000,105.0000,0.0,0.0,0.0
1784215566.8560,398.0000,0.0000,20.0000,105.0000,0.0,0.0,0.0
1784215566.9343,398.0000,0.0000,20.0000,105.0000,0.0,0.0,0.0
1784215566.9967,398.0000,0.0000,20.0000,105.0000,0.0,0.0,0.0
1784215567.0649,398.0000,0.0000,20.0000,105.0000,0.0,0.0,0.0
1784215567.1363,398.0000,0.0000,20.0000,105.0000,0.0,0.0,0.0
1784215567.1771,398.0000,0.0000,20.0000,105.0000,0.0,0.0,0.0
1784215567.2452,398.0000,0.0000,20.0000,105.0000,0.0,0.0,0.0
1784215567.2887,398.0000,0.0000,20.0000,105.0000,0.0,0.0,0.0
1784215567.3405,398.0000,0.0000,20.0000,105.0000,0.0,0.0,0.0
1784215567.4185,397.9703,0.0000,20.0550,105.0000,0.0,0.0,0.0
1784215567.4761,397.7468,0.0000,20.4679,105.0000,0.0,0.0,0.0
1784215567.5325,397.3792,0.0000,21.1471,105.0000,0.0,0.0,0.0
1784215567.6085,396.5388,0.0000,22.7002,105.0000,0.0,0.0,0.0
1784215567.6641,395.7965,0.0000,24.0717,105.0000,0.0,0.0,0.0
1784215567.7245,394.9440,0.0000,25.6471,105.0000,0.0,0.0,0.0
1784215567.7764,394.2016,0.0000,27.0188,105.0000,0.0,0.0,0.0
1784215567.8434,393.2308,0.0000,28.8127,105.0000,0.0,0.0,0.0
1784215567.8997,392.4314,0.0000,30.2900,105.0000,0.0,0.0,0.0
1784215567.9458,391.7461,0.0000,31.5562,105.0000,0.0,0.0,0.0
1784215568.0111,390.9466,0.0000,33.0335,105.0000,0.0,0.0,0.0
1784215568.0568,390.2042,0.0000,34.4053,105.0000,0.0,0.0,0.0
1784215568.1326,389.1192,0.0000,36.4102,105.0000,0.0,0.0,0.0
1784215568.1739,388.5481,0.0000,37.4654,105.0000,0.0,0.0,0.0
1784215568.2406,387.5774,0.0000,39.2593,105.0000,0.0,0.0,0.0
1784215568.3021,386.7779,0.0000,40.7366,105.0000,0.0,0.0,0.0
1784215568.3684,385.7500,0.0000,42.6360,105.0000,0.0,0.0,0.0
1784215568.4243,384.9505,0.0000,44.1133,105.0000,0.0,0.0,0.0
1784215568.4880,384.0368,0.0000,45.8016,105.0000,0.0,0.0,0.0
1784215568.5456,383.1802,0.0000,47.3844,105.0000,0.0,0.0,0.0
1784215568.6207,382.1523,0.0000,49.2838,105.0000,0.0,0.0,0.0
1784215568.6753,381.3529,0.0000,50.7611,105.0000,0.0,0.0,0.0
1784215568.7518,380.2678,0.0000,52.7660,105.0000,0.0,0.0,0.0
1784215568.8090,379.4684,0.0000,54.2433,105.0000,0.0,0.0,0.0
1784215568.8762,378.4976,0.0000,56.0371,105.0000,0.0,0.0,0.0
1784215568.9400,377.5839,0.0000,57.7255,105.0000,0.0,0.0,0.0
1784215569.0039,376.6702,0.0000,59.4138,105.0000,0.0,0.0,0.0
1784215569.0523,375.9849,0.0000,60.6801,105.0000,0.0,0.0,0.0
1784215569.1083,375.1854,0.0000,62.1574,105.0000,0.0,0.0,0.0
1784215569.1719,374.3289,0.0000,63.7402,105.0000,0.0,0.0,0.0
1784215569.2523,373.1296,0.0000,65.9561,105.0000,0.0,0.0,0.0
1784215569.2890,372.6157,0.0000,66.9058,105.0000,0.0,0.0,0.0
1784215569.3436,371.8162,0.0000,68.3831,105.0000,0.0,0.0,0.0
1784215569.4000,371.0167,0.0000,69.8604,105.0000,0.0,0.0,0.0
1784215569.4446,370.3886,0.0000,71.0211,105.0000,0.0,0.0,0.0
1784215569.4961,369.6462,0.0000,72.3929,105.0000,0.0,0.0,0.0
1784215569.5649,368.6754,0.0000,74.1868,105.0000,0.0,0.0,0.0
1784215569.6246,367.8188,0.0000,75.7696,105.0000,0.0,0.0,0.0
1784215569.6786,366.9622,0.0000,77.3524,105.0000,0.0,0.0,0.0
1784215569.7406,366.1628,0.0000,78.8297,105.0000,0.0,0.0,0.0
1784215569.8036,365.3633,0.0000,80.3070,105.0000,0.0,0.0,0.0
1784215569.8568,364.5067,0.0000,81.8898,105.0000,0.0,0.0,0.0
1784215569.9403,363.3075,0.0000,84.1058,105.0000,0.0,0.0,0.0
1784215569.9763,362.7935,0.0000,85.0554,105.0000,0.0,0.0,0.0
1784215570.0317,361.9940,0.0000,86.5327,105.0000,0.0,0.0,0.0
1784215570.1000,361.0233,0.0000,88.3266,105.0000,0.0,0.0,0.0
1784215570.1883,359.7669,0.0000,90.6481,105.0000,0.0,0.0,0.0
1784215570.2445,358.9675,0.0000,92.1254,105.0000,0.0,0.0,0.0
1784215570.2884,358.3393,0.0000,93.2861,105.0000,0.0,0.0,0.0
1784215570.3402,357.5969,0.0000,94.6579,105.0000,0.0,0.0,0.0
1784215570.4081,356.6261,0.0000,96.4517,105.0000,0.0,0.0,0.0
1784215570.4785,355.5411,0.0000,98.4566,105.0000,0.0,0.0,0.0
1784215570.5126,355.0843,0.0000,99.3008,105.0000,0.0,0.0,0.0
1784215570.5684,354.3419,0.0000,100.6726,105.0000,0.0,0.0,0.0
1784215570.6246,353.5591,0.0000,102.1191,105.0000,0.0,0.0,0.0
1784215570.6788,352.8725,0.0000,103.3877,105.0000,0.0,0.0,0.0
1784215570.7518,352.3184,0.0000,104.4117,105.0000,0.0,0.0,0.0
1784215570.8044,352.1160,0.0000,104.7857,105.0000,0.0,0.0,0.0
1784215570.8569,352.0240,0.0000,104.9556,105.0000,0.0,0.0,0.0
1784215570.9113,352.0001,0.0000,104.9999,105.0000,0.0,0.0,0.0
1784215570.9779,352.0000,0.0000,105.0000,105.0000,0.0,0.0,0.0
1784215571.0206,352.0000,0.0000,105.0000,105.0000,0.0,0.0,0.0
1784215571.0685,352.0000,0.0000,105.0000,105.0000,0.0,0.0,0.0
1784215571.1352,352.0000,0.0000,105.0000,105.0000,0.0,0.0,0.0
1784215571.1850,352.0000,0.0000,105.0000,105.0000,0.0,0.0,0.0
1784215571.2560,352.0000,0.0000,105.0000,105.0000,0.0,0.0,0.0
1784215571.3081,352.0000,0.0000,105.0000,105.0000,0.0,0.0,0.0
1784215571.3639,352.0000,0.0000,105.0000,105.0000,0.0,0.0,0.0
1784215571.4251,352.0000,0.0000,105.0000,105.0000,0.0,0.0,0.0
1784215571.4767,352.0000,0.0000,105.0000,105.0000,0.0,0.0,0.0
1784215571.5375,352.0000,0.0000,105.0000,105.0000,0.0,0.0,0.0
1784215571.5884,352.0000,0.0000,105.0000,105.0000,0.0,0.0,0.0
1784215571.6447,352.0000,0.0000,105.0000,105.0000,0.0,0.0,0.0
1784215571.7012,352.0000,0.0000,105.0000,105.0000,0.0,0.0,0.0
1784215571.7730,352.0000,0.0000,105.0000,105.0000,0.0,0.0,0.0
1784215571.8370,352.0000,0.0000,105.0000,105.0000,0.0,0.0,0.0
1784215571.8884,352.0000,0.0000,105.0000,105.0000,0.0,0.0,0.0
1784215571.9450,352.0000,0.0000,105.0000,105.0000,0.0,0.0,0.0
1784215572.0210,352.0000,0.0000,105.0000,105.0000,0.0,0.0,0.0
1784215572.0731,352.0000,0.0000,105.0000,105.0000,0.0,0.0,0.0
1784215572.1286,352.0000,0.0000,105.0000,105.0000,0.0,0.0,0.0
1784215572.1882,352.0000,0.0000,105.0000,105.0000,0.0,0.0,0.0
1784215572.2438,352.0000,0.0000,105.0000,105.0000,0.0,0.0,0.0
1784215572.3046,352.0000,0.0000,105.0000,105.0000,0.0,0.0,0.0
1784215572.3560,352.0000,0.0000,105.0000,105.0000,0.0,0.0,0.0
1784215572.4245,352.0000,0.0000,105.0000,105.0000,0.0,0.0,0.0
1784215572.4768,352.0000,0.0000,105.0000,105.0000,0.0,0.0,0.0
1784215572.5197,352.0000,0.0000,105.0000,105.0000,0.0,0.0,0.0
1784215572.5726,352.0000,0.0000,105.0000,105.0000,0.0,0.0,0.0
1784215572.6360,352.0000,0.0000,105.0000,105.0000,0.0,0.0,0.0
1784215572.6883,352.0000,0.0000,105.0000,105.0000,0.0,0.0,0.0
1784215572.7443,352.0000,0.0000,105.0000,105.0000,0.0,0.0,0.0
1784215572.8045,352.0000,0.0000,105.0000,105.0000,0.0,0.0,0.0
1784215572.8560,352.0000,0.0000,105.0000,105.0000,0.0,0.0,0.0
1784215572.9286,352.0000,0.0000,105.0000,105.0000,0.0,0.0,0.0
1784215572.9814,352.0000,0.0000,105.0000,105.0000,0.0,0.0,0.0
1784215573.0354,352.0000,0.0000,105.0000,105.0000,0.0,0.0,0.0
1784215573.0922,352.0000,0.0000,105.0000,105.0000,0.0,0.0,0.0
1784215573.1559,352.0000,0.0000,105.0000,105.0000,0.0,0.0,0.0
1784215573.2122,352.0000,0.0000,105.0000,105.0000,0.0,0.0,0.0
1784215573.3570,352.0000,0.0000,105.0000,105.0000,0.0,0.0,0.0
1784215573.3784,352.0000,0.0000,105.0000,105.0000,0.0,0.0,0.0
1784215573.4396,352.0000,0.0000,105.0000,105.0000,0.0,0.0,0.0
1784215573.5079,352.0000,0.0000,105.0000,105.0000,0.0,0.0,0.0
1784215573.5712,352.0000,0.0000,105.0000,105.0000,0.0,0.0,0.0
1784215573.6246,352.0000,0.0000,105.0000,105.0000,0.0,0.0,0.0
