timestamp,x,y,z,r
1784218905.9260,320.0000,0.0000,20.0000,105.0000
1784218905.9940,320.0000,0.0000,20.0000,105.0000
1784218906.0500,320.0000,0.0000,20.0000,105.0000
1784218906.1051,320.0000,0.0000,20.0000,105.0000
1784218906.1677,320.0000,0.0000,20.0000,105.0000
1784218906.2115,320.0000,0.0000,20.0000,105.0000
1784218906.2676,320.0000,0.0000,20.0000,105.0000
1784218906.3343,320.0000,0.0000,20.0000,105.0000
1784218906.4003,320.0000,0.0000,20.0000,105.0000
1784218906.4535,320.0000,0.0000,20.0000,105.0000
1784218906.5060,320.0117,0.0000,20.0000,105.0000
1784218906.5775,320.3741,0.0000,20.0000,105.0000
1784218906.6253,320.9210,0.0000,20.0000,105.0000
1784218906.6775,321.8797,0.0000,20.0000,105.0000
1784218906.7352,323.3868,0.0000,20.0000,105.0000
1784218906.7935,324.9809,0.0000,20.0000,105.0000
1784218906.8384,326.2973,0.0000,20.0000,105.0000
1784218906.9010,327.9760,0.0000,20.0000,105.0000
1784218906.9534,329.7747,0.0000,20.0000,105.0000
1784218907.0005,331.3336,0.0000,20.0000,105.0000
1784218907.0628,333.0123,0.0000,20.0000,105.0000
1784218907.1115,334.5713,0.0000,20.0000,105.0000
1784218907.1689,336.2500,0.0000,20.0000,105.0000
1784218907.2266,337.9288,0.0000,20.0000,105.0000
1784218907.2981,340.0872,0.0000,20.0000,105.0000
1784218907.3762,342.4854,0.0000,20.0000,105.0000
1784218907.4354,344.2841,0.0000,20.0000,105.0000
1784218907.5008,345.9629,0.0000,20.0000,105.0000
1784218907.5499,347.6416,0.0000,20.0000,105.0000
1784218907.6050,349.3204,0.0000,20.0000,105.0000
1784218907.6576,350.8793,0.0000,20.0000,105.0000
1784218907.7305,353.0377,0.0000,20.0000,105.0000
1784218907.7857,354.7165,0.0000,20.0000,105.0000
1784218907.8354,356.3952,0.0000,20.0000,105.0000
1784218907.8983,358.0740,0.0000,20.0000,105.0000
1784218907.9537,359.7528,0.0000,20.0000,105.0000
1784218908.0088,361.4315,0.0000,20.0000,105.0000
1784218908.0749,363.1103,0.0000,20.0000,105.0000
1784218908.1339,365.1488,0.0000,20.0000,105.0000
1784218908.1972,367.0674,0.0000,20.0000,105.0000
1784218908.2687,369.2258,0.0000,20.0000,105.0000
1784218908.3262,370.9046,0.0000,20.0000,105.0000
1784218908.3770,372.5833,0.0000,20.0000,105.0000
1784218908.4532,374.5020,0.0000,20.0000,105.0000
1784218908.4984,376.0608,0.0000,20.0000,105.0000
1784218908.5606,377.7395,0.0000,20.0000,105.0000
1784218908.6104,379.4183,0.0000,20.0000,105.0000
1784218908.6685,381.2170,0.0000,20.0000,105.0000
1784218908.7363,383.2556,0.0000,20.0000,105.0000
1784218908.7935,384.9343,0.0000,20.0000,105.0000
1784218908.8495,386.6131,0.0000,20.0000,105.0000
1784218908.9055,388.2918,0.0000,20.0000,105.0000
1784218908.9741,390.3303,0.0000,20.0000,105.0000
1784218909.0370,392.2490,0.0000,20.0000,105.0000
1784218909.1103,394.4074,0.0000,20.0000,105.0000
1784218909.1535,395.7256,0.0000,20.0000,105.0000
1784218909.2006,397.1912,0.0000,20.0000,105.0000
1784218909.2576,398.3588,0.0000,20.0000,105.0000
1784218909.3121,399.2964,0.0000,20.0000,105.0000
1784218909.3660,399.7420,0.0000,20.0000,105.0000
1784218909.4010,399.9092,0.0000,20.0000,105.0000
1784218909.4575,399.9950,0.0000,20.0000,105.0000
1784218909.5303,400.0000,0.0000,20.0000,105.0000
1784218909.5849,400.0000,0.0000,20.0000,105.0000
1784218909.6411,400.0000,0.0000,20.0000,105.0000
1784218909.6970,400.0000,0.0000,20.0000,105.0000
1784218909.7578,400.0000,0.0000,20.0000,105.0000
1784218909.8255,400.0000,0.0000,20.0000,105.0000
1784218909.8771,400.0000,0.0000,20.0000,105.0000
1784218909.9345,400.0000,0.0000,20.0000,105.0000
1784218909.9861,400.0000,0.0000,20.0000,105.0000
1784218910.0360,400.0000,0.0000,20.0000,105.0000
1784218910.1091,400.0000,0.0000,20.0000,105.0000
1784218910.1617,400.0000,0.0000,20.0000,105.0000
1784218910.2213,400.0000,0.0000,20.0000,105.0000
1784218910.2896,400.0000,0.0000,20.0000,105.0000
1784218910.3535,400.0000,0.0000,20.0000,105.0000
1784218910.4016,400.0000,0.0000,20.0000,105.0000
1784218910.4664,400.0000,0.0000,20.0000,105.0000
1784218910.5311,400.0000,0.0000,20.0000,105.0000
1784218910.5686,400.0000,0.0000,20.0000,105.0000
1784218910.6452,400.0000,0.0000,20.0000,105.0000
1784218910.7006,400.0000,0.0000,20.0000,105.0000
1784218910.7577,400.0000,0.0000,20.0000,105.0000
1784218910.8328,400.0000,0.0000,20.0000,105.0000
1784218910.8899,400.0000,0.0000,20.0000,105.0000
1784218910.9517,400.0000,0.0000,20.0000,105.0000
1784218911.0020,400.0000,0.0000,20.0000,105.0000
1784218911.0673,400.0000,0.0000,20.0000,105.0000
1784218911.1213,400.0000,0.0000,20.0000,105.0000
1784218911.1677,400.0000,0.0000,20.0000,105.0000
1784218911.2251,400.0000,0.0000,20.0000,105.0000
1784218911.2893,400.0000,0.0000,20.0000,105.0000
1784218911.3365,400.0000,0.0000,20.0000,105.0000
1784218911.3900,400.0000,0.0000,20.0000,105.0000
1784218911.4535,399.9696,0.0000,20.0000,105.0000
1784218911.5017,399.6620,0.0000,20.0000,105.0000
1784218911.5690,398.8353,0.0000,20.0000,105.0000
1784218911.6350,397.2431,0.0000,20.0000,105.0000
1784218911.6978,395.7216,0.0000,20.0000,105.0000
1784218911.7577,393.9425,0.0000,20.0000,105.0000
1784218911.8254,391.9040,0.0000,20.0000,105.0000
1784218911.8861,390.1053,0.0000,20.0000,105.0000
1784218911.9350,388.5464,0.0000,20.0000,105.0000
1784218911.9902,386.9876,0.0000,20.0000,105.0000
1784218912.0579,384.9491,0.0000,20.0000,105.0000
1784218912.1176,383.1505,0.0000,20.0000,105.0000
1784218912.1680,381.5916,0.0000,20.0000,105.0000
1784218912.2224,380.0327,0.0000,20.0000,105.0000
1784218912.3008,377.8743,0.0000,20.0000,105.0000
1784218912.3661,375.7159,0.0000,20.0000,105.0000
1784218912.4015,374.5168,0.0000,20.0000,105.0000
1784218912.4578,372.9579,0.0000,20.0000,105.0000
1784218912.5142,371.2791,0.0000,20.0000,105.0000
1784218912.5683,369.4804,0.0000,20.0000,105.0000
1784218912.6332,367.6817,0.0000,20.0000,105.0000
1784218912.6902,366.0030,0.0000,20.0000,105.0000
1784218912.7620,363.8446,0.0000,20.0000,105.0000
1784218912.8216,362.0459,0.0000,20.0000,105.0000
1784218912.8681,360.4870,0.0000,20.0000,105.0000
1784218912.9262,358.9282,0.0000,20.0000,105.0000
1784218912.9901,357.0096,0.0000,20.0000,105.0000
1784218913.0339,355.4507,0.0000,20.0000,105.0000
1784218913.1006,353.5321,0.0000,20.0000,105.0000
1784218913.1580,351.9733,0.0000,20.0000,105.0000
1784218913.2293,349.8148,0.0000,20.0000,105.0000
1784218913.2902,348.0162,0.0000,20.0000,105.0000
1784218913.3340,346.5772,0.0000,20.0000,105.0000
1784218913.4015,344.8985,0.0000,20.0000,105.0000
1784218913.4538,343.0998,0.0000,20.0000,105.0000
1784218913.5293,340.9414,0.0000,20.0000,105.0000
1784218913.5648,339.7422,0.0000,20.0000,105.0000
1784218913.6340,337.4639,0.0000,20.0000,105.0000
1784218913.6934,335.9051,0.0000,20.0000,105.0000
1784218913.7578,333.9865,0.0000,20.0000,105.0000
1784218913.8305,331.9480,0.0000,20.0000,105.0000
1784218913.8980,329.7895,0.0000,20.0000,105.0000
1784218913.9654,327.7511,0.0000,20.0000,105.0000
1784218914.0017,326.4320,0.0000,20.0000,105.0000
1784218914.0686,324.6334,0.0000,20.0000,105.0000
1784218914.1340,322.9124,0.0000,20.0000,105.0000
1784218914.1901,321.5626,0.0000,20.0000,105.0000
1784218914.2689,320.3865,0.0000,20.0000,105.0000
1784218914.3013,320.1805,0.0000,20.0000,105.0000
1784218914.3675,320.0170,0.0000,20.0000,105.0000
1784218914.4222,320.0000,0.0000,20.0000,105.0000
1784218914.4684,320.0000,0.0000,20.0000,105.0000
1784218914.5296,320.0000,0.0000,20.0000,105.0000
1784218914.5684,320.0000,0.0000,20.0000,105.0000
1784218914.6337,320.0000,0.0000,20.0000,105.0000
1784218914.6902,320.0000,0.0000,20.0000,105.0000
1784218914.7620,320.0000,0.0000,20.0000,105.0000
1784218914.8217,320.0000,0.0000,20.0000,105.0000
1784218914.8676,320.0000,0.0000,20.0000,105.0000
1784218914.9335,320.0000,0.0000,20.0000,105.0000
1784218914.9819,320.0000,0.0000,20.0000,105.0000
1784218915.0342,320.0000,0.0000,20.0000,105.0000
1784218915.1021,320.0000,0.0000,20.0000,105.0000
1784218915.1579,320.0000,0.0000,20.0000,105.0000
1784218915.2227,320.0000,0.0000,20.0000,105.0000
1784218915.2893,320.0000,0.0000,20.0000,105.0000
1784218915.3578,320.0000,0.0000,20.0000,105.0000
1784218915.4118,320.0000,0.0000,20.0000,105.0000
1784218915.4681,320.0000,0.0000,20.0000,105.0000
1784218915.5296,320.0000,0.0000,20.0000,105.0000
1784218915.5788,320.0000,0.0000,20.0000,105.0000
1784218915.6342,320.0000,0.0000,20.0000,105.0000
1784218915.6972,320.0000,0.0000,20.0000,105.0000
1784218915.7579,320.0000,0.0000,20.0000,105.0000
1784218915.8011,320.0000,0.0000,20.0000,105.0000
1784218915.8881,320.0000,0.0000,20.0000,105.0000
1784218915.9338,320.0000,0.0000,20.0000,105.0000
1784218915.9934,320.0000,0.0000,20.0000,105.0000
1784218916.0339,320.0000,0.0000,20.0000,105.0000
1784218916.1006,320.0000,0.0000,20.0000,105.0000
1784218916.1651,320.0000,0.0000,20.0000,105.0000
1784218916.2215,320.0000,0.0000,20.0000,105.0000
1784218916.3008,320.0000,0.0000,20.0000,105.0000
1784218916.3678,320.0394,0.0000,20.0000,105.0000
1784218916.4226,320.3380,0.0000,20.0000,105.0000
1784218916.4688,320.9781,0.0000,20.0000,105.0000
1784218916.5142,321.6176,0.0000,20.0000,105.0000
1784218916.5685,322.8600,0.0000,20.0000,105.0000
1784218916.6256,324.5102,0.0000,20.0000,105.0000
1784218916.6684,325.8177,0.0000,20.0000,105.0000
1784218916.7317,327.6163,0.0000,20.0000,105.0000
1784218916.7975,329.6548,0.0000,20.0000,105.0000
1784218916.8538,331.3336,0.0000,20.0000,105.0000
1784218916.9255,333.4920,0.0000,20.0000,105.0000
1784218916.9819,335.1708,0.0000,20.0000,105.0000
1784218917.0341,336.8495,0.0000,20.0000,105.0000
1784218917.1010,339.0080,0.0000,20.0000,105.0000
1784218917.1547,340.3270,0.0000,20.0000,105.0000
1784218917.2300,342.6053,0.0000,20.0000,105.0000
1784218917.2690,343.8044,0.0000,20.0000,105.0000
1784218917.3430,345.9629,0.0000,20.0000,105.0000
1784218917.4009,347.5217,0.0000,20.0000,105.0000
1784218917.4538,349.3204,0.0000,20.0000,105.0000
1784218917.5260,351.4788,0.0000,20.0000,105.0000
1784218917.5621,352.5580,0.0000,20.0000,105.0000
1784218917.6096,354.1169,0.0000,20.0000,105.0000
1784218917.6539,355.3160,0.0000,20.0000,105.0000
1784218917.7096,357.1147,0.0000,20.0000,105.0000
1784218917.7539,358.3138,0.0000,20.0000,105.0000
1784218917.8009,359.9926,0.0000,20.0000,105.0000
1784218917.8852,362.2709,0.0000,20.0000,105.0000
1784218917.9255,363.4701,0.0000,20.0000,105.0000
1784218917.9973,365.6284,0.0000,20.0000,105.0000
1784218918.0431,367.0674,0.0000,20.0000,105.0000
1784218918.1214,369.3457,0.0000,20.0000,105.0000
1784218918.1580,370.4250,0.0000,20.0000,105.0000
1784218918.2264,372.4634,0.0000,20.0000,105.0000
1784218918.3008,374.7418,0.0000,20.0000,105.0000
1784218918.3618,376.5404,0.0000,20.0000,105.0000
1784218918.4305,378.5789,0.0000,20.0000,105.0000
1784218918.4900,380.3776,0.0000,20.0000,105.0000
1784218918.5386,381.9365,0.0000,20.0000,105.0000
1784218918.6096,383.9750,0.0000,20.0000,105.0000
1784218918.6539,385.2940,0.0000,20.0000,105.0000
1784218918.7101,386.9727,0.0000,20.0000,105.0000
1784218918.7678,388.7715,0.0000,20.0000,105.0000
1784218918.8356,390.9299,0.0000,20.0000,105.0000
1784218918.8931,392.4887,0.0000,20.0000,105.0000
1784218918.9613,394.5273,0.0000,20.0000,105.0000
1784218919.0335,396.8744,0.0000,20.0000,105.0000
1784218919.0777,397.7676,0.0000,20.0000,105.0000
1784218919.1295,398.8068,0.0000,20.0000,105.0000
1784218919.1975,399.6426,0.0000,20.0000,105.0000
1784218919.2538,399.9092,0.0000,20.0000,105.0000
1784218919.3297,399.9999,0.0000,20.0000,105.0000
1784218919.3980,400.0000,0.0000,20.0000,105.0000
1784218919.4538,400.0000,0.0000,20.0000,105.0000
1784218919.5004,400.0000,0.0000,20.0000,105.0000
1784218919.5449,400.0000,0.0000,20.0000,105.0000
1784218919.6094,400.0000,0.0000,20.0000,105.0000
1784218919.6579,400.0000,0.0000,20.0000,105.0000
1784218919.7216,400.0000,0.0000,20.0000,105.0000
1784218919.7971,400.0000,0.0000,20.0000,105.0000
1784218919.8588,400.0000,0.0000,20.0000,105.0000
1784218919.9009,400.0000,0.0000,20.0000,105.0000
1784218919.9579,400.0000,0.0000,20.0000,105.0000
1784218920.0129,400.0000,0.0000,20.0000,105.0000
1784218920.0677,400.0000,0.0000,20.0000,105.0000
1784218920.1305,400.0000,0.0000,20.0000,105.0000
1784218920.1931,400.0000,0.0000,20.0000,105.0000
1784218920.2580,400.0000,0.0000,20.0000,105.0000
1784218920.3219,400.0000,0.0000,20.0000,105.0000
1784218920.3680,400.0000,0.0000,20.0000,105.0000
1784218920.4267,400.0000,0.0000,20.0000,105.0000
1784218920.4856,400.0000,0.0000,20.0000,105.0000
1784218920.5354,400.0000,0.0000,20.0000,105.0000
1784218920.6005,400.0000,0.0000,20.0000,105.0000
1784218920.6619,400.0000,0.0000,20.0000,105.0000
1784218920.7332,400.0000,0.0000,20.0000,105.0000
1784218920.7814,400.0000,0.0000,20.0000,105.0000
1784218920.8361,400.0000,0.0000,20.0000,105.0000
1784218920.8900,400.0000,0.0000,20.0000,105.0000
1784218920.9528,400.0000,0.0000,20.0000,105.0000
1784218921.0072,400.0000,0.0000,20.0000,105.0000
1784218921.0679,400.0000,0.0000,20.0000,105.0000
1784218921.1296,400.0000,0.0000,20.0000,105.0000
1784218921.1862,400.0000,0.0000,20.0000,105.0000
1784218921.2542,399.9998,0.0000,20.0000,105.0000
1784218921.3047,399.9231,0.0000,20.0000,105.0000
1784218921.3619,399.5098,0.0000,20.0000,105.0000
1784218921.4174,398.7674,0.0000,20.0000,105.0000
1784218921.4680,397.4468,0.0000,20.0000,105.0000
1784218921.5328,396.0633,0.0000,20.0000,105.0000
1784218921.6011,393.8226,0.0000,20.0000,105.0000
1784218921.6539,392.3837,0.0000,20.0000,105.0000
1784218921.7010,390.8248,0.0000,20.0000,105.0000
1784218921.7622,389.1460,0.0000,20.0000,105.0000
1784218921.8099,387.7071,0.0000,20.0000,105.0000
1784218921.8699,385.9084,0.0000,20.0000,105.0000
1784218921.9256,384.2296,0.0000,20.0000,105.0000
1784218921.9893,382.3110,0.0000,20.0000,105.0000
1784218922.0702,379.9128,0.0000,20.0000,105.0000
1784218922.1021,378.8336,0.0000,20.0000,105.0000
1784218922.1577,377.2747,0.0000,20.0000,105.0000
1784218922.2297,375.1163,0.0000,20.0000,105.0000
1784218922.2942,373.1978,0.0000,20.0000,105.0000
1784218922.3497,371.5190,0.0000,20.0000,105.0000
1784218922.4163,369.6003,0.0000,20.0000,105.0000
1784218922.4619,368.1614,0.0000,20.0000,105.0000
1784218922.5176,366.4826,0.0000,20.0000,105.0000
1784218922.5717,364.8039,0.0000,20.0000,105.0000
1784218922.6288,363.1251,0.0000,20.0000,105.0000
1784218922.6892,361.3264,0.0000,20.0000,105.0000
1784218922.7539,359.4078,0.0000,20.0000,105.0000
1784218922.8296,357.1295,0.0000,20.0000,105.0000
1784218922.8901,355.3308,0.0000,20.0000,105.0000
1784218922.9338,354.0118,0.0000,20.0000,105.0000
1784218922.9852,352.4529,0.0000,20.0000,105.0000
1784218923.0581,350.2945,0.0000,20.0000,105.0000
1784218923.1205,348.6158,0.0000,20.0000,105.0000
1784218923.1662,347.0569,0.0000,20.0000,105.0000
1784218923.2226,345.3781,0.0000,20.0000,105.0000
1784218923.3009,342.8600,0.0000,20.0000,105.0000
1784218923.3379,341.9007,0.0000,20.0000,105.0000
1784218923.3981,340.1020,0.0000,20.0000,105.0000
1784218923.4650,338.0635,0.0000,20.0000,105.0000
1784218923.5009,336.8644,0.0000,20.0000,105.0000
1784218923.5424,335.7851,0.0000,20.0000,105.0000
1784218923.6335,333.0272,0.0000,20.0000,105.0000
1784218923.6539,332.4276,0.0000,20.0000,105.0000
1784218923.7009,330.8688,0.0000,20.0000,105.0000
1784218923.7609,329.1900,0.0000,20.0000,105.0000
1784218923.8217,327.3913,0.0000,20.0000,105.0000
1784218923.8729,325.8325,0.0000,20.0000,105.0000
1784218923.9216,324.3938,0.0000,20.0000,105.0000
1784218923.9931,322.4160,0.0000,20.0000,105.0000
1784218924.0497,321.2637,0.0000,20.0000,105.0000
1784218924.1019,320.4862,0.0000,20.0000,105.0000
1784218924.1679,320.1476,0.0000,20.0000,105.0000
1784218924.2218,320.0099,0.0000,20.0000,105.0000
1784218924.2894,320.0000,0.0000,20.0000,105.0000
1784218924.3439,320.0000,0.0000,20.0000,105.0000
1784218924.3895,320.0000,0.0000,20.0000,105.0000
1784218924.4444,320.0000,0.0000,20.0000,105.0000
1784218924.5053,320.0000,0.0000,20.0000,105.0000
1784218924.5611,320.0000,0.0000,20.0000,105.0000
1784218924.6074,320.0000,0.0000,20.0000,105.0000
1784218924.6539,320.0000,0.0000,20.0000,105.0000
1784218924.7008,320.0000,0.0000,20.0000,105.0000
1784218924.7579,320.0000,0.0000,20.0000,105.0000
1784218924.8102,320.0000,0.0000,20.0000,105.0000
1784218924.8682,320.0000,0.0000,20.0000,105.0000
1784218924.9256,320.0000,0.0000,20.0000,105.0000
1784218924.9890,320.0000,0.0000,20.0000,105.0000
1784218925.0339,320.0000,0.0000,20.0000,105.0000
1784218925.1041,320.0000,0.0000,20.0000,105.0000
1784218925.1538,320.0000,0.0000,20.0000,105.0000
1784218925.2009,320.0000,0.0000,20.0000,105.0000
1784218925.2540,320.0000,0.0000,20.0000,105.0000
1784218925.3176,320.0000,0.0000,20.0000,105.0000
1784218925.3678,320.0000,0.0000,20.0000,105.0000
1784218925.4216,320.0000,0.0000,20.0000,105.0000
1784218925.4679,320.0000,0.0000,20.0000,105.0000
1784218925.5291,320.0000,0.0000,20.0000,105.0000
1784218925.5862,320.0000,0.0000,20.0000,105.0000
1784218925.6384,320.0000,0.0000,20.0000,105.0000
1784218925.6942,320.0000,0.0000,20.0000,105.0000
1784218925.7656,320.0000,0.0000,20.0000,105.0000
1784218925.8221,320.0000,0.0000,20.0000,105.0000
1784218925.8759,320.0000,0.0000,20.0000,105.0000
1784218925.9257,320.0000,0.0000,20.0000,105.0000
1784218925.9854,320.0000,0.0000,20.0000,105.0000
1784218926.0496,320.0000,0.0000,20.0000,105.0000
1784218926.1114,320.0000,0.0000,20.0000,105.0000
1784218926.1680,320.0117,0.0000,20.0000,105.0000
1784218926.2256,320.2389,0.0000,20.0000,105.0000
1784218926.3009,321.1647,0.0000,20.0000,105.0000
1784218926.3413,321.8797,0.0000,20.0000,105.0000
1784218926.3973,323.2798,0.0000,20.0000,105.0000
1784218926.4679,325.0998,0.0000,20.0000,105.0000
1784218926.5255,327.0168,0.0000,20.0000,105.0000
1784218926.5722,328.4557,0.0000,20.0000,105.0000
1784218926.6292,330.1345,0.0000,20.0000,105.0000
1784218926.6902,331.9331,0.0000,20.0000,105.0000
1784218926.7650,334.2115,0.0000,20.0000,105.0000
1784218926.8102,335.5305,0.0000,20.0000,105.0000
1784218926.8725,337.4491,0.0000,20.0000,105.0000
1784218926.9255,339.0080,0.0000,20.0000,105.0000
1784218926.9902,340.9266,0.0000,20.0000,105.0000
1784218927.0445,342.7253,0.0000,20.0000,105.0000
1784218927.1166,344.7638,0.0000,20.0000,105.0000
1784218927.1726,346.4425,0.0000,20.0000,105.0000
1784218927.2291,348.1213,0.0000,20.0000,105.0000
1784218927.3043,350.2797,0.0000,20.0000,105.0000
1784218927.3416,351.4788,0.0000,20.0000,105.0000
1784218927.4196,353.6372,0.0000,20.0000,105.0000
1784218927.4681,355.4359,0.0000,20.0000,105.0000
1784218927.5407,357.4744,0.0000,20.0000,105.0000
1784218927.5854,358.7935,0.0000,20.0000,105.0000
1784218927.6340,360.4722,0.0000,20.0000,105.0000
1784218927.7037,362.1510,0.0000,20.0000,105.0000
1784218927.7538,363.8298,0.0000,20.0000,105.0000
1784218927.8259,365.9882,0.0000,20.0000,105.0000
1784218927.8872,367.6670,0.0000,20.0000,105.0000
1784218927.9334,369.2258,0.0000,20.0000,105.0000
1784218927.9934,371.0245,0.0000,20.0000,105.0000
1784218928.0437,372.5833,0.0000,20.0000,105.0000
1784218928.1008,374.5020,0.0000,20.0000,105.0000
1784218928.1535,375.8210,0.0000,20.0000,105.0000
1784218928.2007,377.2599,0.0000,20.0000,105.0000
1784218928.2735,379.4183,0.0000,20.0000,105.0000
1784218928.3095,380.4975,0.0000,20.0000,105.0000
1784218928.3690,382.2962,0.0000,20.0000,105.0000
1784218928.4208,383.8551,0.0000,20.0000,105.0000
1784218928.4933,386.0135,0.0000,20.0000,105.0000
1784218928.5419,387.4525,0.0000,20.0000,105.0000
1784218928.6094,389.6109,0.0000,20.0000,105.0000
1784218928.6540,390.8099,0.0000,20.0000,105.0000
1784218928.7130,392.6087,0.0000,20.0000,105.0000
1784218928.7575,393.9277,0.0000,20.0000,105.0000
1784218928.8098,395.6062,0.0000,20.0000,105.0000
1784218928.8687,397.1912,0.0000,20.0000,105.0000
1784218928.9331,398.4375,0.0000,20.0000,105.0000
1784218928.9855,399.3921,0.0000,20.0000,105.0000
1784218929.0433,399.8195,0.0000,20.0000,105.0000
1784218929.1051,399.9830,0.0000,20.0000,105.0000
1784218929.1575,400.0000,0.0000,20.0000,105.0000
1784218929.2358,400.0000,0.0000,20.0000,105.0000
1784218929.3009,400.0000,0.0000,20.0000,105.0000
1784218929.3614,400.0000,0.0000,20.0000,105.0000
1784218929.4339,400.0000,0.0000,20.0000,105.0000
1784218929.4894,400.0000,0.0000,20.0000,105.0000
1784218929.5532,400.0000,0.0000,20.0000,105.0000
1784218929.6005,400.0000,0.0000,20.0000,105.0000
1784218929.6573,400.0000,0.0000,20.0000,105.0000
1784218929.7337,400.0000,0.0000,20.0000,105.0000
1784218929.7894,400.0000,0.0000,20.0000,105.0000
1784218929.8442,400.0000,0.0000,20.0000,105.0000
1784218929.8894,400.0000,0.0000,20.0000,105.0000
1784218929.9411,400.0000,0.0000,20.0000,105.0000
1784218930.0009,400.0000,0.0000,20.0000,105.0000
1784218930.0689,400.0000,0.0000,20.0000,105.0000
1784218930.1418,400.0000,0.0000,20.0000,105.0000
1784218930.1975,400.0000,0.0000,20.0000,105.0000
1784218930.2570,400.0000,0.0000,20.0000,105.0000
1784218930.3099,400.0000,0.0000,20.0000,105.0000
1784218930.3678,400.0000,0.0000,20.0000,105.0000
1784218930.4177,400.0000,0.0000,20.0000,105.0000
1784218930.4727,400.0000,0.0000,20.0000,105.0000
1784218930.5298,400.0000,0.0000,20.0000,105.0000
1784218930.5778,400.0000,0.0000,20.0000,105.0000
1784218930.6297,400.0000,0.0000,20.0000,105.0000
1784218930.6975,400.0000,0.0000,20.0000,105.0000
1784218930.7541,400.0000,0.0000,20.0000,105.0000
1784218930.8016,400.0000,0.0000,20.0000,105.0000
1784218930.8676,400.0000,0.0000,20.0000,105.0000
1784218930.9208,400.0000,0.0000,20.0000,105.0000
1784218930.9730,400.0000,0.0000,20.0000,105.0000
1784218931.0296,400.0000,0.0000,20.0000,105.0000
1784218931.0770,399.9771,0.0000,20.0000,105.0000
1784218931.1359,399.6620,0.0000,20.0000,105.0000
1784218931.1896,399.0790,0.0000,20.0000,105.0000
1784218931.2571,397.7442,0.0000,20.0000,105.0000
1784218931.3125,396.2864,0.0000,20.0000,105.0000
1784218931.3798,394.3022,0.0000,20.0000,105.0000
1784218931.4342,392.5035,0.0000,20.0000,105.0000
1784218931.4977,390.8248,0.0000,20.0000,105.0000
1784218931.5541,389.1460,0.0000,20.0000,105.0000
1784218931.6125,387.3473,0.0000,20.0000,105.0000
1784218931.6883,385.4287,0.0000,20.0000,105.0000
1784218931.7332,383.7500,0.0000,20.0000,105.0000
1784218931.7894,382.0712,0.0000,20.0000,105.0000
1784218931.8767,379.4332,0.0000,20.0000,105.0000
1784218931.9258,377.9942,0.0000,20.0000,105.0000
1784218931.9895,376.0756,0.0000,20.0000,105.0000
1784218932.0657,373.7973,0.0000,20.0000,105.0000
1784218932.1288,371.8787,0.0000,20.0000,105.0000
1784218932.1895,370.0800,0.0000,20.0000,105.0000
1784218932.2580,368.0415,0.0000,20.0000,105.0000
1784218932.3219,366.1229,0.0000,20.0000,105.0000
1784218932.3681,364.6840,0.0000,20.0000,105.0000
1784218932.4219,363.1251,0.0000,20.0000,105.0000
1784218932.4725,361.5663,0.0000,20.0000,105.0000
1784218932.5375,359.6476,0.0000,20.0000,105.0000
1784218932.6040,357.6092,0.0000,20.0000,105.0000
1784218932.6532,356.1702,0.0000,20.0000,105.0000
1784218932.7007,354.7313,0.0000,20.0000,105.0000
1784218932.7579,353.0525,0.0000,20.0000,105.0000
1784218932.8101,351.3737,0.0000,20.0000,105.0000
1784218932.8765,349.6949,0.0000,20.0000,105.0000
1784218932.9340,347.5365,0.0000,20.0000,105.0000
1784218932.9854,346.2175,0.0000,20.0000,105.0000
1784218933.0499,344.2989,0.0000,20.0000,105.0000
1784218933.1103,342.5002,0.0000,20.0000,105.0000
1784218933.1621,340.9414,0.0000,20.0000,105.0000
1784218933.2165,339.2626,0.0000,20.0000,105.0000
1784218933.2685,337.7038,0.0000,20.0000,105.0000
1784218933.3374,335.6652,0.0000,20.0000,105.0000
1784218933.3998,333.8666,0.0000,20.0000,105.0000
1784218933.4521,332.4276,0.0000,20.0000,105.0000
1784218933.5006,330.7489,0.0000,20.0000,105.0000
1784218933.5447,329.4298,0.0000,20.0000,105.0000
1784218933.6009,327.5112,0.0000,20.0000,105.0000
1784218933.6541,326.1922,0.0000,20.0000,105.0000
1784218933.7199,324.3938,0.0000,20.0000,105.0000
1784218933.7854,322.4160,0.0000,20.0000,105.0000
1784218933.8499,321.1244,0.0000,20.0000,105.0000
1784218933.9007,320.4176,0.0000,20.0000,105.0000
1784218933.9530,320.1476,0.0000,20.0000,105.0000
1784218934.0098,320.0131,0.0000,20.0000,105.0000
1784218934.0611,320.0000,0.0000,20.0000,105.0000
1784218934.1010,320.0000,0.0000,20.0000,105.0000
1784218934.1532,320.0000,0.0000,20.0000,105.0000
1784218934.2168,320.0000,0.0000,20.0000,105.0000
1784218934.2729,320.0000,0.0000,20.0000,105.0000
1784218934.3429,320.0000,0.0000,20.0000,105.0000
1784218934.4010,320.0000,0.0000,20.0000,105.0000
1784218934.4584,320.0000,0.0000,20.0000,105.0000
1784218934.5288,320.0000,0.0000,20.0000,105.0000
1784218934.5855,320.0000,0.0000,20.0000,105.0000
1784218934.6499,320.0000,0.0000,20.0000,105.0000
1784218934.7018,320.0000,0.0000,20.0000,105.0000
1784218934.7681,320.0000,0.0000,20.0000,105.0000
1784218934.8395,320.0000,0.0000,20.0000,105.0000
1784218934.8888,320.0000,0.0000,20.0000,105.0000
1784218934.9533,320.0000,0.0000,20.0000,105.0000
1784218935.0007,320.0000,0.0000,20.0000,105.0000
1784218935.0531,320.0000,0.0000,20.0000,105.0000
1784218935.1095,320.0000,0.0000,20.0000,105.0000
1784218935.1532,320.0000,0.0000,20.0000,105.0000
1784218935.2188,320.0000,0.0000,20.0000,105.0000
1784218935.2652,320.0000,0.0000,20.0000,105.0000
1784218935.3220,320.0000,0.0000,20.0000,105.0000
1784218935.3687,320.0000,0.0000,20.0000,105.0000
1784218935.4217,320.0000,0.0000,20.0000,105.0000
1784218935.4694,320.0000,0.0000,20.0000,105.0000
1784218935.5217,320.0000,0.0000,20.0000,105.0000
1784218935.5775,320.0000,0.0000,20.0000,105.0000
1784218935.6343,320.0000,0.0000,20.0000,105.0000
1784218935.6895,320.0000,0.0000,20.0000,105.0000
1784218935.7571,320.0000,0.0000,20.0000,105.0000
1784218935.8116,320.0000,0.0000,20.0000,105.0000
1784218935.8681,320.0000,0.0000,20.0000,105.0000
1784218935.9250,320.0000,0.0000,20.0000,105.0000
1784218935.9935,320.0002,0.0000,20.0000,105.0000
1784218936.0533,320.1119,0.0000,20.0000,105.0000
1784218936.1328,320.7621,0.0000,20.0000,105.0000
1784218936.1975,322.0644,0.0000,20.0000,105.0000
1784218936.2651,323.8246,0.0000,20.0000,105.0000
1784218936.3133,325.2190,0.0000,20.0000,105.0000
1784218936.3692,327.1367,0.0000,20.0000,105.0000
1784218936.4344,328.6956,0.0000,20.0000,105.0000
1784218936.4895,330.4942,0.0000,20.0000,105.0000
1784218936.5571,332.5327,0.0000,20.0000,105.0000
1784218936.6100,334.2115,0.0000,20.0000,105.0000
1784218936.6653,335.7703,0.0000,20.0000,105.0000
1784218936.7013,336.9695,0.0000,20.0000,105.0000
1784218936.7575,338.5283,0.0000,20.0000,105.0000
1784218936.8169,340.3270,0.0000,20.0000,105.0000
1784218936.8885,342.2456,0.0000,20.0000,105.0000
1784218936.9399,344.0443,0.0000,20.0000,105.0000
1784218937.0097,346.0828,0.0000,20.0000,105.0000
1784218937.0618,347.6416,0.0000,20.0000,105.0000
1784218937.1249,349.3204,0.0000,20.0000,105.0000
1784218937.1694,350.8793,0.0000,20.0000,105.0000
1784218937.2291,352.6779,0.0000,20.0000,105.0000
1784218937.2934,354.5966,0.0000,20.0000,105.0000
1784218937.3575,356.5151,0.0000,20.0000,105.0000
1784218937.3854,357.3545,0.0000,20.0000,105.0000
1784218937.4412,359.0333,0.0000,20.0000,105.0000
1784218937.5197,361.1917,0.0000,20.0000,105.0000
1784218937.5856,363.3501,0.0000,20.0000,105.0000
1784218937.6431,365.1488,0.0000,20.0000,105.0000
1784218937.7015,366.9475,0.0000,20.0000,105.0000
1784218937.7440,368.2665,0.0000,20.0000,105.0000
1784218937.8096,370.1851,0.0000,20.0000,105.0000
1784218937.8704,371.8639,0.0000,20.0000,105.0000
1784218937.9248,373.5426,0.0000,20.0000,105.0000
1784218937.9973,375.7011,0.0000,20.0000,105.0000
1784218938.0529,377.3799,0.0000,20.0000,105.0000
1784218938.1167,379.2984,0.0000,20.0000,105.0000
1784218938.1613,380.6175,0.0000,20.0000,105.0000
1784218938.2218,382.4161,0.0000,20.0000,105.0000
1784218938.2927,384.5746,0.0000,20.0000,105.0000
1784218938.3340,386.0135,0.0000,20.0000,105.0000
1784218938.3999,387.5724,0.0000,20.0000,105.0000
1784218938.4533,389.3710,0.0000,20.0000,105.0000
1784218938.5012,390.9299,0.0000,20.0000,105.0000
1784218938.5572,392.4887,0.0000,20.0000,105.0000
1784218938.6218,394.4074,0.0000,20.0000,105.0000
1784218938.6540,395.3666,0.0000,20.0000,105.0000
1784218938.7036,396.8744,0.0000,20.0000,105.0000
1784218938.7576,398.1140,0.0000,20.0000,105.0000
1784218938.8344,399.4354,0.0000,20.0000,105.0000
1784218938.8845,399.7420,0.0000,20.0000,105.0000
1784218938.9433,399.9784,0.0000,20.0000,105.0000
1784218939.0016,400.0000,0.0000,20.0000,105.0000
1784218939.0771,400.0000,0.0000,20.0000,105.0000
1784218939.1433,400.0000,0.0000,20.0000,105.0000
1784218939.1904,400.0000,0.0000,20.0000,105.0000
1784218939.2611,400.0000,0.0000,20.0000,105.0000
1784218939.3015,400.0000,0.0000,20.0000,105.0000
1784218939.3725,400.0000,0.0000,20.0000,105.0000
1784218939.4210,400.0000,0.0000,20.0000,105.0000
1784218939.4726,400.0000,0.0000,20.0000,105.0000
1784218939.5441,400.0000,0.0000,20.0000,105.0000
1784218939.6009,400.0000,0.0000,20.0000,105.0000
1784218939.6573,400.0000,0.0000,20.0000,105.0000
1784218939.7216,400.0000,0.0000,20.0000,105.0000
1784218939.7856,400.0000,0.0000,20.0000,105.0000
1784218939.8430,400.0000,0.0000,20.0000,105.0000
1784218939.8894,400.0000,0.0000,20.0000,105.0000
1784218939.9440,400.0000,0.0000,20.0000,105.0000
1784218940.0100,400.0000,0.0000,20.0000,105.0000
1784218940.0766,400.0000,0.0000,20.0000,105.0000
1784218940.1288,400.0000,0.0000,20.0000,105.0000
1784218940.1855,400.0000,0.0000,20.0000,105.0000
1784218940.2331,400.0000,0.0000,20.0000,105.0000
1784218940.2856,400.0000,0.0000,20.0000,105.0000
1784218940.3404,400.0000,0.0000,20.0000,105.0000
1784218940.3926,400.0000,0.0000,20.0000,105.0000
1784218940.4531,400.0000,0.0000,20.0000,105.0000
1784218940.5017,400.0000,0.0000,20.0000,105.0000
1784218940.5732,400.0000,0.0000,20.0000,105.0000
1784218940.6290,400.0000,0.0000,20.0000,105.0000
1784218940.6886,400.0000,0.0000,20.0000,105.0000
1784218940.7583,400.0000,0.0000,20.0000,105.0000
1784218940.8104,400.0000,0.0000,20.0000,105.0000
1784218940.8680,400.0000,0.0000,20.0000,105.0000
1784218940.9008,399.9998,0.0000,20.0000,105.0000
1784218940.9534,399.9374,0.0000,20.0000,105.0000
1784218941.0013,399.5499,0.0000,20.0000,105.0000
1784218941.0611,398.9002,0.0000,20.0000,105.0000
1784218941.1320,397.3454,0.0000,20.0000,105.0000
1784218941.1680,396.3963,0.0000,20.0000,105.0000
1784218941.2252,394.7810,0.0000,20.0000,105.0000
1784218941.2898,392.8633,0.0000,20.0000,105.0000
1784218941.3438,391.1845,0.0000,20.0000,105.0000
1784218941.3975,389.6257,0.0000,20.0000,105.0000
1784218941.4573,387.8270,0.0000,20.0000,105.0000
1784218941.5117,386.1482,0.0000,20.0000,105.0000
1784218941.5651,384.5894,0.0000,20.0000,105.0000
1784218941.6332,382.5508,0.0000,20.0000,105.0000
1784218941.7012,380.5124,0.0000,20.0000,105.0000
1784218941.7533,378.9535,0.0000,20.0000,105.0000
1784218941.8209,376.9150,0.0000,20.0000,105.0000
1784218941.8774,375.2362,0.0000,20.0000,105.0000
1784218941.9500,373.1978,0.0000,20.0000,105.0000
1784218942.0239,371.0393,0.0000,20.0000,105.0000
1784218942.0769,369.2406,0.0000,20.0000,105.0000
1784218942.1520,367.2021,0.0000,20.0000,105.0000
1784218942.1885,365.8831,0.0000,20.0000,105.0000
1784218942.2534,363.9645,0.0000,20.0000,105.0000
1784218942.3022,362.2857,0.0000,20.0000,105.0000
1784218942.3807,360.1273,0.0000,20.0000,105.0000
1784218942.4345,358.4485,0.0000,20.0000,105.0000
1784218942.5049,356.4100,0.0000,20.0000,105.0000
1784218942.5449,355.2109,0.0000,20.0000,105.0000
1784218942.5976,353.6521,0.0000,20.0000,105.0000
1784218942.6613,351.7334,0.0000,20.0000,105.0000
1784218942.7290,349.6949,0.0000,20.0000,105.0000
1784218942.7772,348.1361,0.0000,20.0000,105.0000
1784218942.8340,346.4573,0.0000,20.0000,105.0000
1784218942.9101,344.2989,0.0000,20.0000,105.0000
1784218942.9572,342.8600,0.0000,20.0000,105.0000
1784218943.0331,340.5816,0.0000,20.0000,105.0000
1784218943.1022,338.4232,0.0000,20.0000,105.0000
1784218943.1572,336.8644,0.0000,20.0000,105.0000
1784218943.2213,334.9458,0.0000,20.0000,105.0000
1784218943.2847,333.0272,0.0000,20.0000,105.0000
1784218943.3578,330.8688,0.0000,20.0000,105.0000
1784218943.3969,329.6696,0.0000,20.0000,105.0000
1784218943.4604,327.7511,0.0000,20.0000,105.0000
1784218943.5219,325.9524,0.0000,20.0000,105.0000
1784218943.5684,324.2744,0.0000,20.0000,105.0000
1784218943.6249,322.9124,0.0000,20.0000,105.0000
1784218943.6887,321.6412,0.0000,20.0000,105.0000
1784218943.7728,320.3574,0.0000,20.0000,105.0000
1784218943.8252,320.1037,0.0000,20.0000,105.0000
1784218943.8846,320.0034,0.0000,20.0000,105.0000
1784218943.9343,320.0000,0.0000,20.0000,105.0000
1784218943.9848,320.0000,0.0000,20.0000,105.0000
1784218944.0250,320.0000,0.0000,20.0000,105.0000
1784218944.0771,320.0000,0.0000,20.0000,105.0000
1784218944.1212,320.0000,0.0000,20.0000,105.0000
1784218944.1684,320.0000,0.0000,20.0000,105.0000
1784218944.2252,320.0000,0.0000,20.0000,105.0000
1784218944.2849,320.0000,0.0000,20.0000,105.0000
1784218944.3440,320.0000,0.0000,20.0000,105.0000
1784218944.3895,320.0000,0.0000,20.0000,105.0000
1784218944.4543,320.0000,0.0000,20.0000,105.0000
1784218944.5260,320.0000,0.0000,20.0000,105.0000
1784218944.5887,320.0000,0.0000,20.0000,105.0000
1784218944.6515,320.0000,0.0000,20.0000,105.0000
1784218944.7167,320.0000,0.0000,20.0000,105.0000
1784218944.7718,320.0000,0.0000,20.0000,105.0000
1784218944.8436,320.0000,0.0000,20.0000,105.0000
1784218944.8897,320.0000,0.0000,20.0000,105.0000
1784218944.9540,320.0000,0.0000,20.0000,105.0000
1784218945.0203,320.0000,0.0000,20.0000,105.0000
1784218945.0763,320.0000,0.0000,20.0000,105.0000
1784218945.1286,320.0000,0.0000,20.0000,105.0000
1784218945.1896,320.0000,0.0000,20.0000,105.0000
1784218945.2573,320.0000,0.0000,20.0000,105.0000
1784218945.3112,320.0000,0.0000,20.0000,105.0000
1784218945.3687,320.0000,0.0000,20.0000,105.0000
1784218945.4210,320.0000,0.0000,20.0000,105.0000
1784218945.4846,320.0000,0.0000,20.0000,105.0000
1784218945.5284,320.0000,0.0000,20.0000,105.0000
1784218945.5680,320.0000,0.0000,20.0000,105.0000
1784218945.6331,320.0000,0.0000,20.0000,105.0000
1784218945.6896,320.0000,0.0000,20.0000,105.0000
1784218945.7682,320.0000,0.0000,20.0000,105.0000
1784218945.8342,320.0006,0.0000,20.0000,105.0000
1784218945.8885,320.1119,0.0000,20.0000,105.0000
1784218945.9522,320.5746,0.0000,20.0000,105.0000
1784218946.0007,321.3777,0.0000,20.0000,105.0000
1784218946.0535,322.5531,0.0000,20.0000,105.0000
1784218946.1054,323.9367,0.0000,20.0000,105.0000
1784218946.1566,325.4580,0.0000,20.0000,105.0000
1784218946.2210,327.1367,0.0000,20.0000,105.0000
1784218946.2847,329.2951,0.0000,20.0000,105.0000
1784218946.3410,330.9739,0.0000,20.0000,105.0000
1784218946.3927,332.5327,0.0000,20.0000,105.0000
1784218946.4532,334.3314,0.0000,20.0000,105.0000
1784218946.5025,335.8903,0.0000,20.0000,105.0000
1784218946.5691,337.8089,0.0000,20.0000,105.0000
1784218946.6291,339.6075,0.0000,20.0000,105.0000
1784218946.6849,341.2863,0.0000,20.0000,105.0000
1784218946.7474,343.2049,0.0000,20.0000,105.0000
1784218946.8049,344.8837,0.0000,20.0000,105.0000
1784218946.8678,347.0421,0.0000,20.0000,105.0000
1784218946.9212,348.3611,0.0000,20.0000,105.0000
1784218946.9975,350.5195,0.0000,20.0000,105.0000
1784218947.0286,351.5987,0.0000,20.0000,105.0000
1784218947.0733,352.9178,0.0000,20.0000,105.0000
1784218947.1292,354.5966,0.0000,20.0000,105.0000
1784218947.1888,356.3952,0.0000,20.0000,105.0000
1784218947.2576,358.4337,0.0000,20.0000,105.0000
1784218947.3380,360.7120,0.0000,20.0000,105.0000
1784218947.3897,362.3908,0.0000,20.0000,105.0000
1784218947.4668,364.5493,0.0000,20.0000,105.0000
1784218947.4927,365.5085,0.0000,20.0000,105.0000
1784218947.5477,367.1873,0.0000,20.0000,105.0000
1784218947.6124,369.1059,0.0000,20.0000,105.0000
1784218947.6677,370.7847,0.0000,20.0000,105.0000
1784218947.7242,372.4634,0.0000,20.0000,105.0000
1784218947.7848,374.2621,0.0000,20.0000,105.0000
1784218947.8484,376.1807,0.0000,20.0000,105.0000
1784218947.9019,377.9794,0.0000,20.0000,105.0000
1784218947.9601,379.6582,0.0000,20.0000,105.0000
1784218948.0341,381.8166,0.0000,20.0000,105.0000
1784218948.0787,383.1356,0.0000,20.0000,105.0000
1784218948.1211,384.3347,0.0000,20.0000,105.0000
1784218948.1927,386.4931,0.0000,20.0000,105.0000
1784218948.2291,387.5724,0.0000,20.0000,105.0000
1784218948.2850,389.2512,0.0000,20.0000,105.0000
1784218948.3438,391.0498,0.0000,20.0000,105.0000
1784218948.4001,392.4887,0.0000,20.0000,105.0000
1784218948.4525,394.2874,0.0000,20.0000,105.0000
1784218948.5043,395.8445,0.0000,20.0000,105.0000
1784218948.5928,397.9439,0.0000,20.0000,105.0000
1784218948.6290,398.8068,0.0000,20.0000,105.0000
1784218948.6894,399.5824,0.0000,20.0000,105.0000
1784218948.7536,399.9092,0.0000,20.0000,105.0000
1784218948.8011,399.9966,0.0000,20.0000,105.0000
1784218948.8679,400.0000,0.0000,20.0000,105.0000
1784218948.9251,400.0000,0.0000,20.0000,105.0000
1784218948.9932,400.0000,0.0000,20.0000,105.0000
1784218949.0443,400.0000,0.0000,20.0000,105.0000
1784218949.1011,400.0000,0.0000,20.0000,105.0000
1784218949.1565,400.0000,0.0000,20.0000,105.0000
1784218949.2081,400.0000,0.0000,20.0000,105.0000
1784218949.2646,400.0000,0.0000,20.0000,105.0000
1784218949.3281,400.0000,0.0000,20.0000,105.0000
1784218949.3677,400.0000,0.0000,20.0000,105.0000
1784218949.4292,400.0000,0.0000,20.0000,105.0000
1784218949.4881,400.0000,0.0000,20.0000,105.0000
1784218949.5572,400.0000,0.0000,20.0000,105.0000
1784218949.6104,400.0000,0.0000,20.0000,105.0000
1784218949.6869,400.0000,0.0000,20.0000,105.0000
1784218949.7328,400.0000,0.0000,20.0000,105.0000
1784218949.7849,400.0000,0.0000,20.0000,105.0000
1784218949.8425,400.0000,0.0000,20.0000,105.0000
1784218949.8972,400.0000,0.0000,20.0000,105.0000
1784218949.9536,400.0000,0.0000,20.0000,105.0000
1784218950.0103,400.0000,0.0000,20.0000,105.0000
1784218950.0603,400.0000,0.0000,20.0000,105.0000
1784218950.1120,400.0000,0.0000,20.0000,105.0000
1784218950.1682,400.0000,0.0000,20.0000,105.0000
1784218950.2254,400.0000,0.0000,20.0000,105.0000
1784218950.2767,400.0000,0.0000,20.0000,105.0000
1784218950.3291,400.0000,0.0000,20.0000,105.0000
1784218950.3962,400.0000,0.0000,20.0000,105.0000
1784218950.4534,400.0000,0.0000,20.0000,105.0000
1784218950.5060,400.0000,0.0000,20.0000,105.0000
1784218950.5679,400.0000,0.0000,20.0000,105.0000
1784218950.6241,400.0000,0.0000,20.0000,105.0000
1784218950.6680,400.0000,0.0000,20.0000,105.0000
1784218950.7291,399.9994,0.0000,20.0000,105.0000
1784218950.7775,399.9231,0.0000,20.0000,105.0000
1784218950.8342,399.4683,0.0000,20.0000,105.0000
1784218950.8973,398.6223,0.0000,20.0000,105.0000
1784218950.9525,397.3454,0.0000,20.0000,105.0000
1784218951.0002,396.0633,0.0000,20.0000,105.0000
1784218951.0534,394.5419,0.0000,20.0000,105.0000
1784218951.1169,392.7434,0.0000,20.0000,105.0000
1784218951.1604,391.3044,0.0000,20.0000,105.0000
1784218951.2250,389.3858,0.0000,20.0000,105.0000
1784218951.2787,387.7071,0.0000,20.0000,105.0000
1784218951.3343,386.0283,0.0000,20.0000,105.0000
1784218951.4023,383.8699,0.0000,20.0000,105.0000
1784218951.4454,382.7906,0.0000,20.0000,105.0000
1784218951.5012,380.9920,0.0000,20.0000,105.0000
1784218951.5731,378.9535,0.0000,20.0000,105.0000
1784218951.6293,377.2747,0.0000,20.0000,105.0000
1784218951.7203,374.7566,0.0000,20.0000,105.0000
1784218951.7575,373.4376,0.0000,20.0000,105.0000
1784218951.8251,371.3990,0.0000,20.0000,105.0000
1784218951.8876,369.7203,0.0000,20.0000,105.0000
1784218951.9533,367.5619,0.0000,20.0000,105.0000
1784218952.0118,365.7632,0.0000,20.0000,105.0000
1784218952.0769,363.7247,0.0000,20.0000,105.0000
1784218952.1326,362.1658,0.0000,20.0000,105.0000
1784218952.1975,360.2472,0.0000,20.0000,105.0000
1784218952.2533,358.5685,0.0000,20.0000,105.0000
1784218952.3013,356.8897,0.0000,20.0000,105.0000
1784218952.3773,354.7313,0.0000,20.0000,105.0000
1784218952.4535,352.5728,0.0000,20.0000,105.0000
1784218952.5014,350.8941,0.0000,20.0000,105.0000
1784218952.5732,348.9755,0.0000,20.0000,105.0000
1784218952.6252,347.4166,0.0000,20.0000,105.0000
1784218952.6809,345.7378,0.0000,20.0000,105.0000
1784218952.7453,343.8193,0.0000,20.0000,105.0000
1784218952.8123,341.7808,0.0000,20.0000,105.0000
1784218952.8692,339.9821,0.0000,20.0000,105.0000
1784218952.9252,338.4232,0.0000,20.0000,105.0000
1784218952.9849,336.6245,0.0000,20.0000,105.0000
1784218953.0355,335.0657,0.0000,20.0000,105.0000
1784218953.1038,333.0272,0.0000,20.0000,105.0000
1784218953.1668,331.3484,0.0000,20.0000,105.0000
1784218953.2169,329.6696,0.0000,20.0000,105.0000
1784218953.2745,327.9908,0.0000,20.0000,105.0000
1784218953.3202,326.5519,0.0000,20.0000,105.0000
1784218953.3720,324.9931,0.0000,20.0000,105.0000
1784218953.4293,323.3457,0.0000,20.0000,105.0000
1784218953.4890,321.8859,0.0000,20.0000,105.0000
1784218953.5443,320.8113,0.0000,20.0000,105.0000
1784218953.6169,320.2170,0.0000,20.0000,105.0000
1784218953.6680,320.0403,0.0000,20.0000,105.0000
1784218953.7252,320.0001,0.0000,20.0000,105.0000
1784218953.7769,320.0000,0.0000,20.0000,105.0000
1784218953.8436,320.0000,0.0000,20.0000,105.0000
1784218953.8886,320.0000,0.0000,20.0000,105.0000
1784218953.9457,320.0000,0.0000,20.0000,105.0000
1784218953.9958,320.0000,0.0000,20.0000,105.0000
1784218954.0444,320.0000,0.0000,20.0000,105.0000
1784218954.1009,320.0000,0.0000,20.0000,105.0000
1784218954.1668,320.0000,0.0000,20.0000,105.0000
1784218954.2201,320.0000,0.0000,20.0000,105.0000
1784218954.2771,320.0000,0.0000,20.0000,105.0000
1784218954.3404,320.0000,0.0000,20.0000,105.0000
1784218954.3887,320.0000,0.0000,20.0000,105.0000
1784218954.4452,320.0000,0.0000,20.0000,105.0000
1784218954.4963,320.0000,0.0000,20.0000,105.0000
1784218954.5526,320.0000,0.0000,20.0000,105.0000
1784218954.6168,320.0000,0.0000,20.0000,105.0000
1784218954.6678,320.0000,0.0000,20.0000,105.0000
1784218954.7303,320.0000,0.0000,20.0000,105.0000
1784218954.7806,320.0000,0.0000,20.0000,105.0000
1784218954.8369,320.0000,0.0000,20.0000,105.0000
1784218954.9004,320.0000,0.0000,20.0000,105.0000
1784218954.9600,320.0000,0.0000,20.0000,105.0000
1784218955.0211,320.0000,0.0000,20.0000,105.0000
1784218955.0691,320.0000,0.0000,20.0000,105.0000
1784218955.1338,320.0000,0.0000,20.0000,105.0000
1784218955.1889,320.0000,0.0000,20.0000,105.0000
1784218955.2605,320.0000,0.0000,20.0000,105.0000
1784218955.3078,320.0000,0.0000,20.0000,105.0000
1784218955.3869,320.0000,0.0000,20.0000,105.0000
1784218955.4370,320.0000,0.0000,20.0000,105.0000
1784218955.4887,320.0000,0.0000,20.0000,105.0000
1784218955.5436,320.0000,0.0000,20.0000,105.0000
1784218955.6015,320.0000,0.0000,20.0000,105.0000
1784218955.6575,320.0000,0.0000,20.0000,105.0000
1784218955.7362,320.0000,0.0000,20.0000,105.0000
1784218955.7788,320.0000,0.0000,20.0000,105.0000
1784218955.8252,320.0000,0.0000,20.0000,105.0000
1784218955.8773,320.0000,0.0000,20.0000,105.0000
1784218955.9464,320.0000,0.0000,20.0000,105.0000
1784218956.0013,320.0000,0.0000,20.0000,105.0000
1784218956.3290,320.0000,0.0000,20.0000,105.0000
1784218956.3891,320.0000,0.0000,20.0000,105.0000
1784218956.4516,320.0000,0.0000,20.0000,105.0000
1784218956.4961,320.0000,0.0000,20.0000,105.0000
1784218956.5525,320.0000,0.0000,20.0000,105.0000
