timestamp,X,Y,Z,R
0.010383,274.540852,0.351293,99.970032,3.154979
0.021915,274.540852,0.351293,99.970032,3.154979
0.034782,274.540852,0.351293,99.970032,3.154979
0.047522,274.540852,0.351293,99.970032,3.154979
0.078162,274.540852,0.351293,99.970032,3.154979
0.090336,274.540852,0.351293,99.970032,3.154979
0.102322,274.540852,0.351293,99.970032,3.154979
0.107121,274.540852,0.351293,99.970032,3.154979
0.116096,274.540852,0.351293,99.970032,3.154979
0.134865,274.540547,0.351288,99.970032,3.154943
0.150098,274.534657,0.351204,99.970032,3.154182
0.156905,274.526234,0.351083,99.970047,3.1531
0.163735,274.51238,0.350885,99.970062,3.151315
0.173456,274.491628,0.350588,99.970093,3.148653
0.181226,274.444784,0.349918,99.970154,3.142631
0.192384,274.401999,0.349305,99.9702,3.137129
0.200438,274.351127,0.348576,99.970261,3.130585
0.208052,274.293481,0.347751,99.970337,3.123175
0.225246,274.128872,0.345395,99.970535,3.102014
0.23666,274.058164,0.344383,99.970612,3.092921
0.245897,273.984892,0.343334,99.970703,3.083504
0.252831,273.907898,0.342233,99.970795,3.073611
0.261871,273.82541,0.341052,99.970917,3.063005
0.268364,273.735568,0.339765,99.971008,3.051451
0.2764,273.636449,0.338347,99.97113,3.038711
0.289959,273.403512,0.335012,99.97142,3.00876
0.299847,273.26884,0.333084,99.971588,2.991448
0.309175,273.124128,0.331013,99.971771,2.972847
0.315794,272.971329,0.328825,99.971954,2.953195
0.325153,272.812091,0.326546,99.972137,2.932727
0.331727,272.648336,0.324203,99.972351,2.911682
0.339408,272.481713,0.321817,99.972549,2.890254
0.351323,272.313228,0.319405,99.97274,2.868596
0.361418,272.057373,0.315743,99.973068,2.835702
0.370687,271.883792,0.313258,99.973267,2.813389
0.378203,271.707098,0.310729,99.973495,2.790675
0.401283,271.153395,0.302802,99.974167,2.719479
0.406232,270.96126,0.300052,99.974396,2.694785
0.416433,270.766438,0.297263,99.97464,2.669735
0.425236,270.569389,0.294443,99.974884,2.644411
0.432535,270.370906,0.291602,99.975128,2.618891
0.442341,270.171538,0.288747,99.975372,2.593257
0.455097,269.871981,0.28446,99.975739,2.554749
0.473862,269.27293,0.275884,99.976471,2.47773
0.484279,269.073226,0.273025,99.976715,2.452057
0.492723,268.87346,0.270167,99.976959,2.426384
0.500089,268.673817,0.267308,99.977203,2.400711
0.510332,268.474143,0.26445,99.977448,2.375038
0.516415,268.274439,0.261591,99.977692,2.349365
0.524907,268.074735,0.258733,99.977936,2.323693
0.540376,267.675356,0.253016,99.978424,2.272347
0.549611,267.475622,0.250157,99.978668,2.246674
0.556893,267.275948,0.247298,99.978912,2.221001
0.564782,267.076274,0.24444,99.979156,2.195328
0.573251,266.876569,0.241581,99.979401,2.169656
0.580721,266.676834,0.238723,99.979645,2.143983
0.590335,266.477191,0.235864,99.979889,2.11831
0.609582,265.97796,0.228718,99.980499,2.054128
0.613635,265.778255,0.225859,99.980743,2.028455
0.624866,265.57852,0.223001,99.980988,2.002782
0.633628,265.378815,0.220142,99.981224,1.977109
0.639979,265.179171,0.217284,99.981468,1.951436
0.648519,264.979466,0.214425,99.981705,1.925763
0.656357,264.779731,0.211566,99.981949,1.90009
0.673187,264.380352,0.205849,99.982437,1.848745
0.680114,264.180647,0.202991,99.982681,1.823072
0.690002,263.981003,0.200132,99.982925,1.797399
0.695926,263.781268,0.197274,99.98317,1.771726
0.706278,263.581624,0.194415,99.983414,1.746053
0.712164,263.381888,0.191557,99.983658,1.72038
0.722592,263.182183,0.188698,99.983902,1.694708
0.726855,262.982478,0.185839,99.984146,1.669035
0.739988,262.583129,0.180122,99.984627,1.617689
0.753406,262.383424,0.177264,99.984879,1.592016
0.762044,262.183719,0.174405,99.985123,1.566343
0.768903,261.984044,0.171547,99.985367,1.54067
0.777735,261.784308,0.168688,99.985611,1.514998
0.783956,261.584664,0.16583,99.985855,1.489325
0.79445,261.384928,0.162971,99.986099,1.463652
0.809175,260.985579,0.157254,99.986588,1.412306
0.816411,260.785873,0.154395,99.986832,1.386633
0.825894,260.586168,0.151537,99.987076,1.36096
0.830628,260.386493,0.148678,99.98732,1.335288
0.842595,260.186788,0.14582,99.987564,1.309615
0.846617,259.987113,0.142961,99.987793,1.283942
0.856858,259.787407,0.140103,99.988037,1.258269
0.865648,259.587641,0.137244,99.988281,1.232596
0.873571,259.387996,0.134385,99.988525,1.206923
0.89033,258.988615,0.128668,99.989014,1.155578
0.896525,258.78891,0.12581,99.989258,1.129905
0.905144,258.589204,0.122951,99.989502,1.104232
0.912666,258.389559,0.120093,99.989754,1.078559
0.921912,258.189823,0.117234,99.98999,1.052886
0.929087,257.990148,0.114376,99.990227,1.027213
0.937884,257.790412,0.111517,99.990479,1.00154
0.95412,257.391092,0.1058,99.990967,0.950195
0.961732,257.191355,0.102941,99.991211,0.924522
0.969772,256.99168,0.100083,99.991447,0.898849
0.978134,256.791943,0.097224,99.991699,0.873176
0.989799,256.492415,0.092936,99.992073,0.834667
0.997283,256.292739,0.090078,99.992302,0.808994
1.006511,255.99318,0.08579,99.992676,0.770485
1.024973,255.593798,0.080073,99.993164,0.719139
1.03378,255.394092,0.077214,99.993408,0.693466
1.040584,255.194371,0.074356,99.993645,0.667793
1.047753,254.994695,0.071497,99.993896,0.64212
1.057007,254.79505,0.068639,99.994141,0.616447
1.064002,254.595283,0.06578,99.994385,0.590775
1.073394,254.395607,0.062922,99.994621,0.565102
1.080031,254.195916,0.060063,99.994873,0.539429
1.095987,253.796533,0.054346,99.995361,0.488083
1.106339,253.596827,0.051487,99.995605,0.46241
1.113591,253.397212,0.04863,99.99585,0.436751
1.122046,253.198681,0.045788,99.996101,0.411223
1.128616,252.905575,0.041592,99.99646,0.373542
1.141645,252.715253,0.038868,99.996674,0.349074
1.149754,252.5305,0.036223,99.996918,0.325322
1.157984,252.352628,0.033677,99.997131,0.302454
1.174488,252.022413,0.02895,99.997536,0.260001
1.181431,251.870345,0.026773,99.997711,0.240451
1.19015,251.725417,0.024699,99.997894,0.221822
1.19672,251.586379,0.022708,99.998062,0.203946
1.206437,251.451888,0.020783,99.99823,0.186656
1.21189,251.320693,0.018905,99.998383,0.169784
1.221823,251.192001,0.017063,99.998535,0.153242
1.226587,251.066253,0.015263,99.998688,0.137077
1.242246,250.828628,0.011862,99.998993,0.106529
1.25384,250.720245,0.01031,99.999107,0.092595
1.261071,250.621139,0.008892,99.999237,0.079856
1.268183,250.533111,0.007631,99.999359,0.068537
1.276461,250.457474,0.006549,99.999451,0.058813
1.283281,250.39328,0.005629,99.999512,0.050558
1.293108,250.338699,0.004849,99.999588,0.043547
1.307968,250.251663,0.003602,99.999702,0.032352
1.316317,250.215607,0.003087,99.999725,0.027721
1.325918,250.182724,0.002616,99.999786,0.02349
1.331783,250.151794,0.002173,99.999817,0.019513
1.342441,250.122543,0.001754,99.999847,0.015754
1.346714,250.095566,0.001368,99.999878,0.012283
1.357404,250.071411,0.001022,99.999916,0.009178
1.373609,250.033966,0.000486,99.999969,0.004368
1.380975,250.021393,0.000306,99.999969,0.002751
1.390146,250.009064,0.000129,100.0,0.00116
1.40029,250.004211,6.1e-05,100.0,0.000546
1.408411,250.001511,2.2e-05,100.0,0.000199
1.416405,250.000336,5e-06,100.0,4.3e-05
1.425884,249.999969,0.0,100.0,0.0
1.440175,249.999969,0.0,100.0,0.0
1.450633,249.999969,0.0,100.0,0.0
1.462211,249.999969,0.0,100.0,0.0
1.46334,249.999969,0.0,100.0,0.0
1.476565,249.999969,0.0,100.0,0.0
1.483706,249.999969,0.0,100.0,0.0
1.493233,249.999969,0.0,100.0,0.0
1.501951,249.999969,0.0,100.0,0.0
1.507864,249.999969,0.0,100.0,0.0
1.515641,249.999969,0.0,100.0,0.0
1.526836,249.999969,0.0,100.0,0.0
1.532892,249.999969,0.0,100.0,0.0
1.542148,249.999969,0.0,100.0,0.0
1.546161,249.999969,0.0,100.0,0.0
1.557329,249.999969,0.0,100.0,0.0
1.562555,249.999969,0.0,100.0,0.0
1.5734,249.999969,0.0,100.0,0.0
1.580857,249.999969,0.0,100.0,0.0
1.5899,249.999969,0.0,100.0,0.0
1.600911,249.999969,0.0,100.0,0.0
1.608452,249.999969,0.0,100.0,0.0
1.615815,249.999969,0.0,100.0,0.0
1.624987,249.999969,0.0,100.0,0.0
1.633819,249.999969,0.0,100.0,0.0
1.639896,249.999969,0.0,100.0,0.0
1.648522,249.999969,0.0,100.0,0.0
1.65814,249.999969,0.0,100.0,0.0
1.664408,249.999969,0.0,100.0,0.0
1.674572,249.999969,0.0,100.0,0.0
1.679623,249.999969,0.0,100.0,0.0
1.689827,249.999969,0.0,100.0,0.0
1.69696,249.999969,0.0,100.0,0.0
1.706423,249.999969,0.0,100.0,0.0
1.713717,249.999969,0.0,100.0,0.0
1.722962,249.999969,0.0,100.0,0.0
1.728573,249.999969,0.0,100.0,0.0
1.740893,249.999969,0.0,100.0,0.0
1.748505,249.999969,0.0,100.0,0.0
1.756687,249.999969,0.0,100.0,0.0
1.771828,249.999969,0.0,100.0,0.0
1.779341,249.999969,0.0,100.0,0.0
1.794561,249.999969,0.0,100.0,0.0
1.797807,249.999969,0.0,100.0,0.0
1.809379,249.999969,0.0,100.0,0.0
1.816206,249.999969,0.0,100.0,0.0
1.825183,249.999969,0.0,100.0,0.0
1.831803,249.999969,0.0,100.0,0.0
1.841932,249.999969,0.0,100.0,0.0
1.848053,249.999969,0.0,100.0,0.0
1.858045,249.999969,0.0,100.0,0.0
1.86602,249.999969,0.0,100.0,0.0
1.874104,249.999969,0.0,100.0,0.0
1.880185,249.999969,0.0,100.0,0.0
1.894217,249.999969,0.0,100.0,0.0
1.898531,249.999969,0.0,100.0,0.0
1.909742,249.999969,0.0,100.0,0.0
1.916461,249.999969,0.0,100.0,0.0
1.925399,249.999969,0.0,100.0,0.0
1.927145,249.999969,0.0,100.0,0.0
1.942337,249.999969,0.0,100.0,0.0
1.948153,249.999969,0.0,100.0,0.0
1.957046,249.999969,0.0,100.0,0.0
1.964866,249.999969,0.0,100.0,0.0
1.974208,249.999969,0.0,100.0,0.0
1.978218,249.999969,0.0,100.0,0.0
1.990261,249.999969,0.0,100.0,0.0
2.002019,249.999969,0.0,100.0,0.0
2.006418,249.999969,0.0,100.0,0.0
2.016736,249.999969,0.0,100.0,0.0
2.027276,249.999969,0.0,100.0,0.0
2.038593,249.999969,0.0,100.0,0.0
2.045472,249.999969,0.0,100.0,0.0
2.05596,249.999969,0.0,100.0,0.0
2.0647,249.999969,0.0,100.0,0.0
2.076991,249.999969,0.0,100.0,0.0
2.084486,249.999969,0.0,100.0,0.0
2.092942,249.999969,0.0,100.0,0.0
2.099481,249.999969,0.0,100.0,0.0
2.108692,249.999969,0.0,100.0,0.0
2.116553,249.999969,0.0,100.0,0.0
2.124362,249.999969,0.0,100.0,0.0
2.13233,249.999969,0.0,100.0,0.0
2.140328,249.999969,0.0,100.0,0.0
2.148238,249.999969,0.0,100.0,0.0
2.155872,249.999969,0.0,100.0,0.0
2.164035,249.999969,0.0,100.0,0.0
2.173016,249.999969,0.0,100.0,0.0
2.180277,249.999969,0.0,100.0,0.0
2.193292,249.999969,0.0,100.0,0.0
2.195357,249.999969,0.0,100.0,0.0
2.208928,249.999969,0.0,100.0,0.0
2.222785,249.999969,0.0,100.0,0.0
2.227435,249.999969,0.0,100.0,0.0
2.236193,249.999969,0.0,100.0,0.0
2.244093,249.999969,0.0,100.0,0.0
2.252498,249.999969,0.0,100.0,0.0
2.260227,249.999969,0.0,100.0,0.0
2.268695,249.999969,0.0,100.0,0.0
2.27306,249.999969,0.0,100.0,0.0
2.284935,249.999969,0.0,100.0,0.0
2.2938,249.999969,0.0,100.0,0.0
2.30057,249.999969,0.0,100.0,0.0
2.30902,249.999969,0.0,100.0,0.0
2.316406,249.999969,0.0,100.0,0.0
2.323573,249.999969,0.0,100.0,0.0
2.332627,249.999969,0.0,100.0,0.0
2.342043,249.999969,0.0,100.0,0.0
2.348536,249.999969,0.0,100.0,0.0
2.356232,249.999969,0.0,100.0,0.0
2.3645,249.999969,0.0,100.0,0.0
2.37409,249.999969,0.0,100.0,0.0
2.380244,249.999969,0.0,100.0,0.0
2.394392,249.999969,0.0,100.0,0.0
2.402434,249.999969,0.0,100.0,0.0
2.408372,249.999969,0.0,100.0,0.0
2.415659,249.999969,0.0,100.0,0.0
2.424297,249.999969,0.0,100.0,0.0
2.431939,249.999969,0.0,100.0,0.0
2.439709,249.999969,0.0,100.0,0.0
2.448031,249.999969,0.0,100.0,0.0
2.456228,249.999969,0.0,100.0,0.0
2.463661,249.999969,0.0,100.0,0.0
2.473168,249.999969,0.0,100.0,0.0
2.480358,249.999969,0.0,100.0,0.0
2.490203,249.999969,0.0,100.0,0.0
2.4953,249.999969,0.0,100.0,0.0
2.508821,249.999969,0.0,100.0,0.0
2.516447,249.999969,0.0,100.0,0.0
2.524323,249.999969,0.0,100.0,0.0
2.532175,249.999969,0.0,100.0,0.0
2.541033,249.999969,0.0,100.0,0.0
2.548621,249.999969,0.0,100.0,0.0
2.556265,249.999969,0.0,100.0,0.0
2.564398,249.999969,0.0,100.0,0.0
2.574141,249.999969,0.0,100.0,0.0
2.58174,249.999969,0.0,100.0,0.0
2.590426,249.999969,0.0,100.0,0.0
2.596605,249.999969,0.0,100.0,0.0
2.606839,249.999969,0.0,100.0,0.0
2.614094,249.999969,0.0,100.0,0.0
2.621567,249.999969,0.0,100.0,0.0
2.628629,249.999969,0.0,100.0,0.0
2.637447,249.999969,0.0,100.0,0.0
2.639702,249.999969,0.0,100.0,0.0
2.652839,249.999969,0.0,100.0,0.0
2.660792,249.999969,0.0,100.0,0.0
2.668438,249.999969,0.0,100.0,0.0
2.675867,249.999969,0.0,100.0,0.0
2.690174,249.999969,0.0,100.0,0.0
2.695371,249.999969,0.0,100.0,0.0
2.706018,249.999969,0.0,100.0,0.0
2.710856,249.999969,0.0,100.0,0.0
2.722984,249.999969,0.0,100.0,0.0
2.728914,249.999969,0.0,100.0,0.0
2.738661,249.999969,0.0,100.0,0.0
2.745023,249.999969,0.0,100.0,0.0
2.752556,249.999969,0.0,100.0,0.0
2.759768,249.999969,0.0,100.0,0.0
2.768364,249.999969,0.0,100.0,0.0
2.776636,249.999969,0.0,100.0,0.0
2.784162,249.999969,0.0,100.0,0.0
2.792954,249.999969,0.0,100.0,0.0
2.800134,249.999969,0.0,100.0,0.0
2.808185,249.999969,0.0,100.0,0.0
2.816667,249.999969,0.0,100.0,0.0
2.824181,249.999969,0.0,100.0,0.0
2.83266,249.999969,0.0,100.0,0.0
2.841285,249.999969,0.0,100.0,0.0
2.847902,249.999969,0.0,100.0,0.0
2.858155,249.999969,0.0,100.0,0.0
2.865353,249.999969,0.0,100.0,0.0
2.873554,249.999969,0.0,100.0,0.0
2.880457,249.999969,0.0,100.0,0.0
2.889813,249.999969,0.0,100.0,0.0
2.895957,249.999969,0.0,100.0,0.0
2.906615,249.999969,0.0,100.0,0.0
2.912084,249.999969,0.0,100.0,0.0
2.921241,249.999969,0.0,100.0,0.0
2.929324,249.999969,0.0,100.0,0.0
2.937273,249.999969,0.0,100.0,0.0
2.939703,249.999969,0.0,100.0,0.0
2.952458,249.999969,0.0,100.0,0.0
2.960842,249.999969,0.0,100.0,0.0
2.967913,249.999969,0.0,100.0,0.0
2.977499,249.999969,0.0,100.0,0.0
2.984116,249.999969,0.0,100.0,0.0
2.992156,249.999969,0.0,100.0,0.0
3.000231,249.999969,0.0,100.0,0.0
3.008005,249.999969,0.0,100.0,0.0
3.016228,249.999969,0.0,100.0,0.0
3.023368,249.999969,0.0,100.0,0.0
3.034039,249.999969,0.0,100.0,0.0
3.040829,249.999969,0.0,100.0,0.0
3.049935,249.999969,0.0,100.0,0.0
3.058139,249.999969,0.0,100.0,0.0
3.070196,249.999969,0.0,100.0,0.0
3.074241,249.999969,0.0,100.0,0.0
3.084724,249.999969,0.0,100.0,0.0
3.094774,249.999969,0.0,100.0,0.0
3.100792,249.999969,0.0,100.0,0.0
3.10813,249.999969,0.0,100.0,0.0
3.115774,249.999969,0.0,100.0,0.0
3.12522,249.999969,0.0,100.0,0.0
3.132313,249.999969,0.0,100.0,0.0
3.141762,249.999969,0.0,100.0,0.0
3.148666,249.999969,0.0,100.0,0.0
3.157669,249.999969,0.0,100.0,0.0
3.165747,249.999969,0.0,100.0,0.0
3.174241,249.999969,0.0,100.0,0.0
3.180846,249.999969,0.0,100.0,0.0
3.19019,249.999969,0.0,100.0,0.0
3.200682,249.999969,0.0,100.0,0.0
3.208268,249.999969,0.0,100.0,0.0
3.216125,249.999969,0.0,100.0,0.0
3.223965,249.999969,0.0,100.0,0.0
3.233014,249.999969,0.0,100.0,0.0
3.240936,249.999969,0.0,100.0,0.0
3.24803,249.999969,0.0,100.0,0.0
3.256737,249.999969,0.0,100.0,0.0
3.264849,249.999969,0.0,100.0,0.0
3.273592,249.999969,0.0,100.0,0.0
3.28046,249.999969,0.0,100.0,0.0
3.290727,249.999969,0.0,100.0,0.0
3.296868,249.999969,0.0,100.0,0.0
3.306572,249.999969,0.0,100.0,0.0
3.31432,249.999969,0.0,100.0,0.0
3.323092,249.999969,0.0,100.0,0.0
3.333069,249.999969,0.0,100.0,0.0
3.340828,249.999969,0.0,100.0,0.0
3.349886,249.999969,0.0,100.0,0.0
3.357511,249.999969,0.0,100.0,0.0
3.374062,249.999969,0.0,100.0,0.0
3.380342,249.999969,0.0,100.0,0.0
3.390347,249.999969,0.0,100.0,0.0
3.405523,249.999969,0.0,100.0,0.0
3.413003,249.999969,0.0,100.0,0.0
3.422158,249.999969,0.0,100.0,0.0
3.427149,249.999969,0.0,100.0,0.0
3.437231,249.999969,0.0,100.0,0.0
3.440154,249.999969,0.0,100.0,0.0
3.453235,249.999969,0.0,100.0,0.0
3.460164,249.999969,0.0,100.0,0.0
3.4696,249.999969,0.0,100.0,0.0
3.477332,249.999969,0.0,100.0,0.0
3.483902,249.999969,0.0,100.0,0.0
3.493876,249.999969,0.0,100.0,0.0
3.500666,249.999969,0.0,100.0,0.0
3.507237,249.999969,0.0,100.0,0.0
3.516842,249.999969,0.0,100.0,0.0
3.525098,249.999969,0.0,100.0,0.0
3.533253,249.999969,0.0,100.0,0.0
3.539997,249.999969,0.0,100.0,0.0
3.549952,249.999969,0.0,100.0,0.0
3.556889,249.999969,0.0,100.0,0.0
3.564871,249.999969,0.0,100.0,0.0
3.576082,249.999969,0.0,100.0,0.0
3.589883,249.999969,0.0,100.0,0.0
3.59509,249.999969,0.0,100.0,0.0
3.606503,249.999969,0.0,100.0,0.0
3.612087,249.999969,0.0,100.0,0.0
3.623631,249.999969,0.0,100.0,0.0
3.634754,249.999969,0.0,100.0,0.0
3.642506,249.999969,0.0,100.0,0.0
3.650639,249.999969,0.0,100.0,0.0
3.657348,249.999969,0.0,100.0,0.0
3.657348,249.999969,0.0,100.0,0.0
3.674056,249.999969,0.0,100.0,0.0
3.682266,249.999969,0.0,100.0,0.0
3.690891,249.999969,0.0,100.0,0.0
3.696608,249.999969,0.0,100.0,0.0
3.710626,249.999969,0.0,100.0,0.0
3.712522,249.999969,0.0,100.0,0.0
3.729947,249.999969,0.0,100.0,0.0
3.737501,249.999969,0.0,100.0,0.0
3.7452,249.999969,0.0,100.0,0.0
3.752311,249.999969,0.0,100.0,0.0
3.761451,249.999969,0.0,100.0,0.0
3.769006,249.999969,0.0,100.0,0.0
3.77757,249.999969,0.0,100.0,0.0
3.784197,249.999969,0.0,100.0,0.0
3.792744,249.999969,0.0,100.0,0.0
3.810325,249.999969,0.0,100.0,0.0
3.81865,249.999969,0.0,100.0,0.0
3.823768,249.999969,0.0,100.0,0.0
3.838449,249.999969,0.0,100.0,0.0
3.84591,249.999969,0.0,100.0,0.0
3.858621,249.999969,0.0,100.0,0.0
3.862845,249.999969,0.0,100.0,0.0
3.878436,249.999969,0.0,100.0,0.0
3.884969,249.999969,0.0,100.0,0.0
3.893718,249.999969,0.0,100.0,0.0
3.900308,249.999969,0.0,100.0,0.0
3.909709,249.999969,0.0,100.0,0.0
3.9163,249.999969,0.0,100.0,0.0
3.925014,249.999969,0.0,100.0,0.0
3.937182,249.999969,0.0,100.0,0.0
3.944867,249.999969,0.0,100.0,0.0
3.957942,249.999969,0.0,100.0,0.0
3.962963,249.999969,0.0,100.0,0.0
3.974127,249.999969,0.0,100.0,0.0
3.981703,249.999969,0.0,100.0,0.0
3.990387,249.999969,0.0,100.0,0.0
4.001571,249.999969,0.0,100.0,0.0
4.009401,249.999969,0.0,100.0,0.0
4.016032,249.999969,0.0,100.0,0.0
4.024146,249.999969,0.0,100.0,0.0
4.034623,249.999969,0.0,100.0,0.0
4.040704,249.999969,0.0,100.0,0.0
4.048579,249.999969,0.0,100.0,0.0
4.056821,249.999969,0.0,100.0,0.0
4.065158,249.999969,0.0,100.0,0.0
4.07326,249.999969,0.0,100.0,0.0
4.080465,249.999969,0.0,100.0,0.0
4.090054,249.999969,0.0,100.0,0.0
4.098681,249.999969,0.0,100.0,0.0
4.109353,249.999969,0.0,100.0,0.0
4.116265,249.999969,0.0,100.0,0.0
4.12481,249.999969,0.0,100.0,0.0
4.13191,249.999969,0.0,100.0,0.0
4.141527,249.999969,0.0,100.0,0.0
4.1491,249.999969,0.0,100.0,0.0
4.157162,249.999969,0.0,100.0,0.0
4.164377,249.999969,0.0,100.0,0.0
4.174422,249.999969,0.0,100.0,0.0
4.179558,249.999969,0.0,100.0,0.0
4.194203,249.999969,0.0,100.0,0.0
4.201108,249.999969,0.0,100.0,0.0
4.209773,249.999969,0.0,100.0,0.0
4.216177,249.999969,0.0,100.0,0.0
4.225428,249.999969,0.0,100.0,0.0
4.231875,249.999969,0.0,100.0,0.0
4.241603,249.999969,0.0,100.0,0.0
4.24853,249.999969,0.0,100.0,0.0
4.256623,249.999969,0.0,100.0,0.0
4.265121,249.999969,0.0,100.0,0.0
4.274301,249.999969,0.0,100.0,0.0
4.279318,249.999969,0.0,100.0,0.0
4.290518,249.999969,0.0,100.0,0.0
4.297039,249.999969,0.0,100.0,0.0
4.30649,249.999969,0.0,100.0,0.0
4.313889,249.999969,0.0,100.0,0.0
4.322349,249.999969,0.0,100.0,0.0
4.329509,249.999969,0.0,100.0,0.0
4.338888,249.999969,0.0,100.0,0.0
4.351528,249.999969,0.0,100.0,0.0
4.360363,249.999969,0.0,100.0,0.0
4.375093,249.999969,0.0,100.0,0.0
4.380895,249.999969,0.0,100.0,0.0
4.39517,249.999969,0.0,100.0,0.0
4.401978,249.999969,0.0,100.0,0.0
4.408763,249.999969,0.0,100.0,0.0
4.408763,249.999969,0.0,100.0,0.0
4.424447,249.999969,0.0,100.0,0.0
4.43327,249.999969,0.0,100.0,0.0
4.44032,249.999969,0.0,100.0,0.0
4.450431,249.999969,0.0,100.0,0.0
4.456872,249.999969,0.0,100.0,0.0
4.464349,249.999969,0.0,100.0,0.0
4.475212,249.999969,0.0,100.0,0.0
4.484161,249.999969,0.0,100.0,0.0
4.490255,249.999969,0.0,100.0,0.0
4.501092,249.999969,0.0,100.0,0.0
4.509845,249.999969,0.0,100.0,0.0
4.516572,249.999969,0.0,100.0,0.0
4.529994,249.999969,0.0,100.0,0.0
4.53881,249.999969,0.0,100.0,0.0
4.545811,249.999969,0.0,100.0,0.0
4.552937,249.999969,0.0,100.0,0.0
4.557321,249.999969,0.0,100.0,0.0
4.569269,249.999969,0.0,100.0,0.0
4.577685,249.999969,0.0,100.0,0.0
4.590024,249.999969,0.0,100.0,0.0
4.596156,249.999969,0.0,100.0,0.0
4.607565,249.999969,0.0,100.0,0.0
4.616874,249.999969,0.0,100.0,0.0
4.625471,249.999969,0.0,100.0,0.0
4.636058,249.999969,0.0,100.0,0.0
4.64945,249.999969,0.0,100.0,0.0
4.658689,249.999969,0.0,100.0,0.0
4.667653,249.999969,0.0,100.0,0.0
4.677479,249.999969,0.0,100.0,0.0
4.689864,249.999969,0.0,100.0,0.0
4.69568,249.999969,0.0,100.0,0.0
4.70658,249.999969,0.0,100.0,0.0
4.706979,249.999969,0.0,100.0,0.0
4.722249,249.999969,0.0,100.0,0.0
4.729604,249.999969,0.0,100.0,0.0
4.736656,249.999969,0.0,100.0,0.0
4.740449,249.999969,0.0,100.0,0.0
4.753087,249.999969,0.0,100.0,0.0
4.76264,249.999969,0.0,100.0,0.0
4.763502,249.999969,0.0,100.0,0.0
4.777873,249.999969,0.0,100.0,0.0
4.784824,249.999969,0.0,100.0,0.0
4.794439,249.999969,0.0,100.0,0.0
4.797477,249.999969,0.0,100.0,0.0
4.810952,249.999969,0.0,100.0,0.0
4.816673,249.999969,0.0,100.0,0.0
4.825222,249.999969,0.0,100.0,0.0
4.832544,249.999969,0.0,100.0,0.0
4.840333,249.999969,0.0,100.0,0.0
4.848282,249.999969,0.0,100.0,0.0
4.857142,249.999969,0.0,100.0,0.0
4.864483,249.999969,0.0,100.0,0.0
4.875183,249.999969,0.0,100.0,0.0
4.884638,249.999969,0.0,100.0,0.0
4.892767,249.999969,0.0,100.0,0.0
4.900028,249.999969,0.0,100.0,0.0
4.910526,249.999969,0.0,100.0,0.0
4.913526,249.999969,0.0,100.0,0.0
4.923757,249.999969,0.0,100.0,0.0
4.932976,249.999969,0.0,100.0,0.0
4.940771,249.999969,0.0,100.0,0.0
4.948128,249.999969,0.0,100.0,0.0
4.957396,249.999969,0.0,100.0,0.0
4.964811,249.999969,0.0,100.0,0.0
4.97509,249.999969,0.0,100.0,0.0
4.980458,249.999969,0.0,100.0,0.0
4.99427,249.999969,0.0,100.0,0.0
5.002754,249.999969,0.0,100.0,0.0
5.008593,249.999969,0.0,100.0,0.0
5.016155,249.999969,0.0,100.0,0.0
5.023878,249.999969,0.0,100.0,0.0
5.032424,249.999969,0.0,100.0,0.0
5.04279,249.999969,0.0,100.0,0.0
5.053673,249.999969,0.0,100.0,0.0
5.059622,249.999969,0.0,100.0,0.0
5.069226,249.999969,0.0,100.0,0.0
5.078471,249.999969,0.0,100.0,0.0
5.08437,249.999969,0.0,100.0,0.0
5.092661,249.999969,0.0,100.0,0.0
5.102449,249.999969,0.0,100.0,0.0
5.110136,249.999969,0.0,100.0,0.0
5.116118,249.999969,0.0,100.0,0.0
5.123748,249.999969,0.0,100.0,0.0
5.132546,249.999969,0.0,100.0,0.0
5.140382,249.999969,0.0,100.0,0.0
5.149766,249.999969,0.0,100.0,0.0
5.157,249.999969,0.0,100.0,0.0
5.164686,249.999969,0.0,100.0,0.0
5.173903,249.999969,0.0,100.0,0.0
5.180054,249.999969,0.0,100.0,0.0
5.194253,249.999969,0.0,100.0,0.0
5.196091,249.999969,0.0,100.0,0.0
5.209858,249.999969,0.0,100.0,0.0
5.216012,249.999969,0.0,100.0,0.0
5.226581,249.999969,0.0,100.0,0.0
5.230593,249.999969,0.0,100.0,0.0
5.243206,249.999969,0.0,100.0,0.0
5.247358,249.999969,0.0,100.0,0.0
5.257424,249.999969,0.0,100.0,0.0
5.264576,249.999969,0.0,100.0,0.0
5.273536,249.999969,0.0,100.0,0.0
5.281938,249.999969,0.0,100.0,0.0
5.290061,249.999969,0.0,100.0,0.0
5.296783,249.999969,0.0,100.0,0.0
5.305536,249.999969,0.0,100.0,0.0
5.312507,249.999969,0.0,100.0,0.0
5.322296,249.999969,0.0,100.0,0.0
5.329522,249.999969,0.0,100.0,0.0
5.336204,249.999969,0.0,100.0,0.0
5.34647,249.999969,0.0,100.0,0.0
5.357143,249.999969,0.0,100.0,0.0
5.363895,249.999969,0.0,100.0,0.0
5.374036,249.999969,0.0,100.0,0.0
5.381339,249.999969,0.0,100.0,0.0
5.390439,249.999969,0.0,100.0,0.0
5.402627,249.999969,0.0,100.0,0.0
5.408141,249.999969,0.0,100.0,0.0
5.417612,249.999969,0.0,100.0,0.0
5.426894,249.999969,0.0,100.0,0.0
5.42994,249.999969,0.0,100.0,0.0
5.440052,249.999969,0.0,100.0,0.0
5.450471,249.999969,0.0,100.0,0.0
5.456481,249.999969,0.0,100.0,0.0
5.464017,249.999969,0.0,100.0,0.0
5.474365,249.999969,0.0,100.0,0.0
5.480199,249.999969,0.0,100.0,0.0
5.490016,249.999969,0.0,100.0,0.0
5.496495,249.999969,0.0,100.0,0.0
5.505867,249.999969,0.0,100.0,0.0
5.512885,249.999969,0.0,100.0,0.0
5.522172,249.999969,0.0,100.0,0.0
5.529752,249.999969,0.0,100.0,0.0
5.536635,249.999969,0.0,100.0,0.0
5.545127,249.999969,0.0,100.0,0.0
5.55806,249.999969,0.0,100.0,0.0
5.56517,249.999969,0.0,100.0,0.0
5.574518,249.999969,0.0,100.0,0.0
5.580577,249.999969,0.0,100.0,0.0
5.594775,249.999969,0.0,100.0,0.0
5.606707,249.999969,0.0,100.0,0.0
5.611025,249.999969,0.0,100.0,0.0
5.622447,249.999969,0.0,100.0,0.0
5.625291,249.999969,0.0,100.0,0.0
5.640669,249.999969,0.0,100.0,0.0
5.648959,249.999969,0.0,100.0,0.0
5.657434,249.999969,0.0,100.0,0.0
5.665091,249.999969,0.0,100.0,0.0
5.678593,249.999969,0.0,100.0,0.0
5.690931,249.999969,0.0,100.0,0.0
5.695379,249.999969,0.0,100.0,0.0
5.711207,249.999969,0.0,100.0,0.0
5.722328,249.999969,0.0,100.0,0.0
5.734688,249.999969,0.0,100.0,0.0
5.743326,249.999969,0.0,100.0,0.0
5.758407,249.999969,0.0,100.0,0.0
5.767045,249.999969,0.0,100.0,0.0
5.777796,249.999969,0.0,100.0,0.0
5.790237,249.999969,0.0,100.0,0.0
5.800817,249.999969,0.0,100.0,0.0
5.809538,249.999969,0.0,100.0,0.0
5.822381,249.999969,0.0,100.0,0.0
5.824033,249.999969,0.0,100.0,0.0
5.838105,249.999969,0.0,100.0,0.0
5.841737,249.999969,0.0,100.0,0.0
5.852758,249.999969,0.0,100.0,0.0
5.861159,249.999969,0.0,100.0,0.0
5.868759,249.999969,0.0,100.0,0.0
5.878036,249.999969,0.0,100.0,0.0
5.88449,249.999969,0.0,100.0,0.0
5.89301,249.999969,0.0,100.0,0.0
5.900303,249.999969,0.0,100.0,0.0
5.908394,249.999969,0.0,100.0,0.0
5.917177,249.999969,0.0,100.0,0.0
5.924427,249.999969,0.0,100.0,0.0
5.932877,249.999969,0.0,100.0,0.0
5.940268,249.999969,0.0,100.0,0.0
5.950101,249.999969,0.0,100.0,0.0
5.956751,249.999969,0.0,100.0,0.0
5.964392,249.999969,0.0,100.0,0.0
5.974324,249.999969,0.0,100.0,0.0
5.980412,249.999969,0.0,100.0,0.0
5.990261,249.999969,0.0,100.0,0.0
6.000816,249.999969,0.0,100.0,0.0
6.010165,249.999969,0.0,100.0,0.0
6.014045,249.999969,0.0,100.0,0.0
6.024257,249.999969,0.0,100.0,0.0
6.033599,249.999969,0.0,100.0,0.0
6.040489,249.999969,0.0,100.0,0.0
6.048967,249.999969,0.0,100.0,0.0
6.058314,249.999969,0.0,100.0,0.0
6.064945,249.999969,0.0,100.0,0.0
6.074451,249.999969,0.0,100.0,0.0
6.081718,249.999969,0.0,100.0,0.0
6.09053,249.999969,0.0,100.0,0.0
6.09053,249.999969,0.0,100.0,0.0
6.108273,249.999969,0.0,100.0,0.0
6.118902,249.999969,0.0,100.0,0.0
6.12376,249.999969,0.0,100.0,0.0
6.133001,249.999969,0.0,100.0,0.0
6.145627,249.999969,0.0,100.0,0.0
6.154474,249.999969,0.0,100.0,0.0
6.160853,249.999969,0.0,100.0,0.0
6.168499,249.999969,0.0,100.0,0.0
6.176088,249.999969,0.0,100.0,0.0
6.190405,249.999969,0.0,100.0,0.0
6.195255,249.999969,0.0,100.0,0.0
6.206692,249.999969,0.0,100.0,0.0
6.214347,249.999969,0.0,100.0,0.0
6.223464,249.999969,0.0,100.0,0.0
6.228369,249.999969,0.0,100.0,0.0
6.241924,249.999969,0.0,100.0,0.0
6.248307,249.999969,0.0,100.0,0.0
6.257379,249.999969,0.0,100.0,0.0
6.264915,249.999969,0.0,100.0,0.0
6.274978,249.999969,0.0,100.0,0.0
6.290643,249.999969,0.0,100.0,0.0
6.291511,249.999969,0.0,100.0,0.0
6.307507,249.999969,0.0,100.0,0.0
6.316462,249.999969,0.0,100.0,0.0
6.325313,249.999969,0.0,100.0,0.0
6.336747,249.999969,0.0,100.0,0.0
6.340606,249.999969,0.0,100.0,0.0
6.352725,249.999969,0.0,100.0,0.0
6.36202,249.999969,0.0,100.0,0.0
6.370317,249.999969,0.0,100.0,0.0
6.376952,249.999969,0.0,100.0,0.0
6.384758,249.999969,0.0,100.0,0.0
6.396996,249.999969,0.0,100.0,0.0
6.405659,249.999969,0.0,100.0,0.0
6.411118,249.999969,0.0,100.0,0.0
6.422554,249.999969,0.0,100.0,0.0
6.425275,249.999969,0.0,100.0,0.0
6.437762,249.999969,0.0,100.0,0.0
6.450844,249.999969,0.0,100.0,0.0
6.458397,249.999969,0.0,100.0,0.0
6.473984,249.999969,0.0,100.0,0.0
6.479457,249.999969,0.0,100.0,0.0
6.490129,249.999969,0.0,100.0,0.0
6.494321,249.999969,0.0,100.0,0.0
6.506778,249.999969,0.0,100.0,0.0
6.506778,249.999969,0.0,100.0,0.0
6.522402,249.999969,0.0,100.0,0.0
6.523808,249.999969,0.0,100.0,0.0
6.540605,249.999969,0.0,100.0,0.0
6.548041,249.999969,0.0,100.0,0.0
6.556947,249.999969,0.0,100.0,0.0
6.564238,249.999969,0.0,100.0,0.0
6.574667,249.999969,0.0,100.0,0.0
6.580545,249.999969,0.0,100.0,0.0
6.594562,249.999969,0.0,100.0,0.0
6.6008,249.999969,0.0,100.0,0.0
6.607536,249.999969,0.0,100.0,0.0
6.616752,249.999969,0.0,100.0,0.0
6.624443,249.999969,0.0,100.0,0.0
6.638344,249.999969,0.0,100.0,0.0
6.647037,249.999969,0.0,100.0,0.0
6.658111,249.999969,0.0,100.0,0.0
6.664264,249.999969,0.0,100.0,0.0
6.683198,249.999969,0.0,100.0,0.0
6.694408,249.999969,0.0,100.0,0.0
6.695371,249.999969,0.0,100.0,0.0
6.710519,249.999969,0.0,100.0,0.0
6.71683,249.999969,0.0,100.0,0.0
6.725068,249.999969,0.0,100.0,0.0
6.734733,249.999969,0.0,100.0,0.0
6.742404,249.999969,0.0,100.0,0.0
6.749644,249.999969,0.0,100.0,0.0
6.756913,249.999969,0.0,100.0,0.0
6.764815,249.999969,0.0,100.0,0.0
6.781914,249.999969,0.0,100.0,0.0
6.789994,249.999969,0.0,100.0,0.0
6.793696,249.999969,0.0,100.0,0.0
6.806757,249.999969,0.0,100.0,0.0
6.813103,249.999969,0.0,100.0,0.0
6.822543,249.999969,0.0,100.0,0.0
6.830315,249.999969,0.0,100.0,0.0
6.839002,249.999969,0.0,100.0,0.0
6.845419,249.999969,0.0,100.0,0.0
6.857975,249.999969,0.0,100.0,0.0
6.863209,249.999969,0.0,100.0,0.0
6.876997,249.999969,0.0,100.0,0.0
6.890309,249.999969,0.0,100.0,0.0
6.897536,249.999969,0.0,100.0,0.0
6.906566,249.999969,0.0,100.0,0.0
6.912606,249.999969,0.0,100.0,0.0
6.922502,249.999969,0.0,100.0,0.0
6.925867,249.999969,0.0,100.0,0.0
6.936701,249.999969,0.0,100.0,0.0
6.940731,249.999969,0.0,100.0,0.0
6.95279,249.999969,0.0,100.0,0.0
6.960549,249.999969,0.0,100.0,0.0
6.967945,249.999969,0.0,100.0,0.0
6.977363,249.999969,0.0,100.0,0.0
6.984571,249.999969,0.0,100.0,0.0
6.99289,249.999969,0.0,100.0,0.0
7.000681,249.999969,0.0,100.0,0.0
7.0082,249.999969,0.0,100.0,0.0
7.016755,249.999969,0.0,100.0,0.0
7.024216,249.999969,0.0,100.0,0.0
7.03434,249.999969,0.0,100.0,0.0
7.040748,249.999969,0.0,100.0,0.0
7.047911,249.999969,0.0,100.0,0.0
7.057323,249.999969,0.0,100.0,0.0
7.064742,249.999969,0.0,100.0,0.0
7.07382,249.999969,0.0,100.0,0.0
7.079942,249.999969,0.0,100.0,0.0
7.090974,249.999969,0.0,100.0,0.0
7.096272,249.999969,0.0,100.0,0.0
7.10638,249.999969,0.0,100.0,0.0
7.111773,249.999969,0.0,100.0,0.0
7.122366,249.999969,0.0,100.0,0.0
7.124344,249.999969,0.0,100.0,0.0
7.136835,249.999969,0.0,100.0,0.0
7.146787,249.999969,0.0,100.0,0.0
7.153481,249.999969,0.0,100.0,0.0
7.162707,249.999969,0.0,100.0,0.0
7.16972,249.999969,0.0,100.0,0.0
7.177517,249.999969,0.0,100.0,0.0
7.184701,249.999969,0.0,100.0,0.0
7.192474,249.999969,0.0,100.0,0.0
7.20051,249.999969,0.0,100.0,0.0
7.210688,249.999969,0.0,100.0,0.0
7.217504,249.999969,0.0,100.0,0.0
7.224757,249.999969,0.0,100.0,0.0
7.231999,249.999969,0.0,100.0,0.0
7.243012,249.999969,0.0,100.0,0.0
7.246042,249.999969,0.0,100.0,0.0
7.257695,249.999969,0.0,100.0,0.0
7.265795,249.999969,0.0,100.0,0.0
7.2741,249.999969,0.0,100.0,0.0
7.2741,249.999969,0.0,100.0,0.0
7.290045,249.999969,0.0,100.0,0.0
7.297845,249.999969,0.0,100.0,0.0
7.306848,249.999969,0.0,100.0,0.0
7.314816,249.999969,0.0,100.0,0.0
7.322449,249.999969,0.0,100.0,0.0
7.324454,249.999969,0.0,100.0,0.0
7.337177,249.999969,0.0,100.0,0.0
7.346118,249.999969,0.0,100.0,0.0
7.353188,249.999969,0.0,100.0,0.0
7.357954,249.999969,0.0,100.0,0.0
7.369544,249.999969,0.0,100.0,0.0
7.374318,249.999969,0.0,100.0,0.0
7.384561,249.999969,0.0,100.0,0.0
7.393065,249.999969,0.0,100.0,0.0
7.400347,249.999969,0.0,100.0,0.0
7.410239,249.999969,0.0,100.0,0.0
7.416861,249.999969,0.0,100.0,0.0
7.423867,249.999969,0.0,100.0,0.0
7.433144,249.999969,0.0,100.0,0.0
7.440997,249.999969,0.0,100.0,0.0
7.454001,249.999969,0.0,100.0,0.0
7.468601,249.999969,0.0,100.0,0.0
7.494142,249.999969,0.0,100.0,0.0
7.496521,249.999969,0.0,100.0,0.0
7.508378,249.999969,0.0,100.0,0.0
7.526447,249.999969,0.0,100.0,0.0
7.546597,249.999969,0.0,100.0,0.0
7.56308,249.999969,0.0,100.0,0.0
7.569336,249.999969,0.0,100.0,0.0
7.577576,249.999969,0.0,100.0,0.0
7.584476,249.999969,0.0,100.0,0.0
7.590937,249.999969,0.0,100.0,0.0
7.602568,249.999969,0.0,100.0,0.0
7.607765,249.999969,0.0,100.0,0.0
7.616359,249.999969,0.0,100.0,0.0
7.625422,249.999969,0.0,100.0,0.0
7.637508,249.999969,0.0,100.0,0.0
7.641003,249.999969,0.0,100.0,0.0
7.652361,249.999969,0.0,100.0,0.0
7.660666,249.999969,0.0,100.0,0.0
7.667928,249.999969,0.0,100.0,0.0
7.676326,249.999969,0.0,100.0,0.0
7.690464,249.999969,0.0,100.0,0.0
7.696435,249.999969,0.0,100.0,0.0
7.710301,249.999969,0.0,100.0,0.0
7.71715,249.999969,0.0,100.0,0.0
7.726684,249.999969,0.0,100.0,0.0
7.734803,249.999969,0.0,100.0,0.0
7.741096,249.999969,0.0,100.0,0.0
7.750189,249.999969,0.0,100.0,0.0
7.758441,249.999969,0.0,100.0,0.0
7.764642,249.999969,0.0,100.0,0.0
7.774455,249.999969,0.0,100.0,0.0
7.817828,249.999969,0.0,100.0,0.0
7.823416,249.999969,0.0,100.0,0.0
7.839265,249.999969,0.0,100.0,0.0
7.846457,249.999969,0.0,100.0,0.0
7.857841,250.000031,0.0,99.999992,2.7e-05
7.870868,250.000793,0.0,99.999992,0.000274
7.873583,250.003571,0.0,100.0,0.001204
7.884326,250.009811,0.0,100.0,0.003274
7.907047,250.049271,0.0,100.0,0.016425
7.913515,250.096146,0.0,100.000008,0.032061
7.924926,250.138992,0.0,99.999992,0.046347
7.93805,250.218063,0.0,100.0,0.072706
7.94349,250.310791,0.0,100.0,0.103611
7.957772,250.377914,0.0,100.000008,0.125981
7.974665,250.519714,0.0,100.0,0.173242
7.983106,250.59465,0.0,100.0,0.198239
7.990374,250.674316,0.0,100.000008,0.224775
7.997157,250.760361,0.0,100.0,0.253467
8.006113,250.854752,0.0,100.0,0.284931
8.008041,250.959305,0.0,100.0,0.319783
8.022659,251.075867,0.0,100.0,0.358634
8.029693,251.205017,0.0,100.0,0.401681
8.03644,251.345139,0.0,100.000008,0.448383
8.044715,251.494339,0.0,100.0,0.498124
8.062445,251.812698,0.0,100.0,0.604259
8.068925,251.978333,0.0,100.0,0.659451
8.074119,252.14624,0.0,100.000008,0.715432
8.084211,252.315689,0.0,99.999992,0.771912
8.094237,252.48703,0.0,100.0,0.829016
8.100466,252.660812,0.0,100.0,0.886953
8.110009,252.837799,0.0,100.0,0.945931
8.116476,253.018448,0.0,100.0,1.006157
8.134329,253.392349,0.0,100.0,1.130795
8.142117,253.584732,0.0,100.0,1.194914
8.148846,253.779877,0.0,100.0,1.259956
8.157441,253.977127,0.0,100.000008,1.325712
8.164776,254.275665,0.0,100.0,1.425232
8.176968,254.475571,0.0,100.0,1.491864
8.184057,254.675522,0.0,100.0,1.558525
8.191075,254.875519,0.0,100.0,1.625186
8.20988,255.275497,0.0,100.0,1.758507
8.216112,255.475464,0.0,100.0,1.825168
8.225216,255.775436,0.0,100.0,1.925159
8.236911,255.975449,0.0,100.0,1.99182
8.245405,256.175415,0.0,100.0,2.058481
8.254246,256.375366,0.0,100.0,2.125141
8.261253,256.575378,0.0,100.0,2.191802
8.277495,256.975403,0.0,100.0,2.325124
8.290368,257.27533,0.0,100.0,2.425115
8.297436,257.475342,0.0,100.0,2.491776
8.30693,257.675293,0.0,100.0,2.558436
8.314812,257.875275,0.0,100.0,2.625097
8.321481,258.075256,0.0,100.0,2.691758
8.338693,258.47525,0.0,100.0,2.825079
8.345711,258.675232,0.0,100.0,2.89174
8.35325,258.875214,0.0,100.0,2.958401
8.35749,259.075134,0.0,100.0,3.025062
8.369219,259.275146,0.0,100.0,3.091722
8.37669,259.475098,0.0,100.0,3.158383
8.385336,259.67511,0.0,100.000008,3.225044
8.393056,259.875092,0.0,100.0,3.291705
8.407697,260.275085,0.0,100.0,3.425026
8.416686,260.475037,0.0,100.0,3.491687
8.424349,260.674988,0.0,100.0,3.558348
8.432403,260.875,0.0,100.0,3.625009
8.442417,261.074951,0.0,100.0,3.691669
8.447975,261.274963,0.0,100.0,3.75833
8.458453,261.474915,0.0,100.0,3.824991
8.464936,261.774902,0.0,100.0,3.924982
8.491765,262.274872,0.0,100.0,4.091634
8.496124,262.574829,0.0,100.0,4.191625
8.510132,262.774841,0.0,100.0,4.258286
8.5166,262.974823,0.0,100.0,4.324947
8.524057,263.174805,0.0,100.0,4.391607
8.533793,263.374786,0.0,100.0,4.458268
8.543043,263.574768,0.0,100.0,4.524929
8.558717,263.974731,0.0,100.0,4.65825
8.564709,264.174713,0.0,100.0,4.724911
8.574873,264.374664,0.0,100.0,4.791572
8.580398,264.574677,0.0,100.0,4.858233
8.591177,264.774658,0.0,100.0,4.924893
8.595134,265.074615,0.0,100.0,5.024885
8.609163,265.274597,0.0,100.0,5.091546
8.616518,265.474609,0.0,100.0,5.158206
8.637963,265.974548,0.0,100.0,5.324858
8.642916,266.17453,0.0,100.0,5.391519
8.653098,266.374481,0.0,100.0,5.45818
8.661606,266.574463,0.0,100.0,5.52484
8.668024,266.774475,0.0,100.0,5.591501
8.678098,266.974457,0.0,100.0,5.658162
8.68437,267.174438,0.0,100.0,5.724823
8.691385,267.474426,0.0,100.0,5.824814
8.713919,267.87439,0.0,100.0,5.958136
8.722887,268.074341,0.0,100.0,6.024796
8.724627,268.274384,0.0,100.0,6.091457
8.736492,268.474304,0.0,100.0,6.158118
8.743028,268.674316,0.0,100.0,6.224779
8.752658,268.874329,0.0,100.0,6.29144
8.762952,269.07428,0.0,100.0,6.3581
8.777446,269.474243,0.0,100.0,6.491422
8.785096,269.674194,0.0,100.0,6.558083
8.794535,269.874207,0.0,100.0,6.624743
8.800613,270.074188,0.0,100.0,6.691404
8.808517,270.274139,0.0,100.0,6.758065
8.816336,270.474152,0.0,100.0,6.824726
8.824244,270.674164,0.0,100.0,6.891386
8.833751,270.874115,0.0,100.0,6.958047
8.841834,271.074097,0.0,100.0,7.024708
8.857487,271.47406,0.0,100.0,7.158029
8.865039,271.674042,0.0,100.0,7.22469
8.873952,271.874023,0.0,100.0,7.291351
8.880502,272.073975,0.0,100.0,7.358012
8.890565,272.273987,0.0,100.0,7.424672
8.898125,272.473969,0.0,100.0,7.491333
8.907063,272.67392,0.0,100.0,7.557994
8.912931,272.873932,0.0,100.0,7.624655
8.922618,273.073883,0.0,100.0,7.691315
8.930388,273.273895,0.0,100.0,7.757976
8.938466,273.473877,0.0,100.0,7.824637
8.943478,273.673859,0.0,100.0,7.891298
8.962612,274.073792,0.0,100.0,8.024619
8.969186,274.273834,0.0,100.0,8.09128
8.978557,274.473785,0.0,100.0,8.157941
8.980553,274.673798,0.0,100.000008,8.224602
8.993775,274.873749,0.0,100.0,8.291263
9.001089,275.073761,0.0,100.0,8.357923
9.009333,275.273773,0.0,100.0,8.424583
9.016338,275.473694,0.0,100.0,8.491244
9.025899,275.673706,0.0,100.0,8.557905
9.042528,276.073669,0.0,100.0,8.691227
9.046655,276.273682,0.0,100.0,8.757888
9.057665,276.473633,0.0,100.0,8.824549
9.057665,276.673584,0.0,100.000008,8.89121
9.074528,276.873535,0.0,100.0,8.95787
9.075043,277.073608,0.0,100.0,9.02453
9.091995,277.373566,0.0,100.0,9.124522
9.106103,277.673523,0.0,100.0,9.224513
9.113796,277.873505,0.0,100.0,9.291174
9.134594,278.373413,0.0,100.0,9.457826
9.142381,278.573425,0.0,100.0,9.524487
9.148708,278.773438,0.0,100.0,9.591147
9.157307,278.97345,0.0,100.0,9.657808
9.164904,279.273376,0.0,100.0,9.757799
9.177824,279.473358,0.0,100.0,9.82446
9.184825,279.67334,0.0,100.0,9.891121
9.19481,279.873322,0.0,100.0,9.957782
9.213948,280.37326,0.0,100.0,10.124434
9.222748,280.573273,0.0,100.0,10.191094
9.224624,280.773224,0.0,100.0,10.257755
9.238287,280.973206,0.0,100.0,10.324415
9.243468,281.173218,0.0,100.0,10.391076
9.253643,281.373199,0.0,100.0,10.457737
9.260993,281.573181,0.0,100.0,10.524398
9.27659,281.973175,0.0,100.0,10.65772
9.284629,282.173126,0.0,100.0,10.72438
9.29465,282.373077,0.0,100.0,10.791041
9.300714,282.573059,0.0,100.0,10.857701
9.310065,282.773071,0.0,100.0,10.924362
9.316072,282.973053,0.0,100.0,10.991023
9.32564,283.173035,0.0,100.0,11.057684
9.34137,283.572998,0.0,100.0,11.191006
9.348988,283.77298,0.0,100.0,11.257667
9.357513,283.972931,0.0,100.000008,11.324327
9.364561,284.172913,0.0,100.0,11.390987
9.374249,284.372955,0.0,100.0,11.457648
9.381222,284.572906,0.0,100.0,11.524309
9.396735,284.872894,0.0,100.0,11.624301
9.406072,285.172852,0.0,100.0,11.724292
9.41515,285.372833,0.0,100.0,11.790953
9.423067,285.572815,0.0,100.0,11.857614
9.430506,285.772797,0.0,100.0,11.924274
9.436633,285.972748,0.0,100.0,11.990934
9.454454,286.372742,0.0,100.0,12.124256
9.460886,286.572754,0.0,100.0,12.190917
9.467961,286.772705,0.0,100.0,12.257578
9.478267,286.972687,0.0,100.0,12.324239
9.484719,287.172638,0.0,100.0,12.3909
9.493369,287.37265,0.0,100.0,12.457561
9.500928,287.572662,0.0,100.0,12.52422
9.510099,287.772614,0.0,100.0,12.590881
9.524383,288.172607,0.0,100.0,12.724203
9.533555,288.372589,0.0,100.0,12.790864
9.540946,288.572601,0.0,100.0,12.857525
9.550893,288.772552,0.0,100.0,12.924186
9.559398,288.972504,0.0,100.0,12.990847
9.564445,289.272461,0.0,100.0,13.090837
9.57768,289.472473,0.0,100.0,13.157498
9.584784,289.672455,0.0,100.0,13.224159
9.592945,289.872437,0.0,100.0,13.29082
9.609003,290.272369,0.0,100.0,13.424141
9.616283,290.472382,0.0,100.0,13.490802
9.624198,290.672363,0.0,100.0,13.557463
9.634591,290.872345,0.0,100.0,13.624124
9.64241,291.072327,0.0,100.0,13.690784
9.648298,291.272308,0.0,100.0,13.757445
9.658895,291.47229,0.0,100.0,13.824106
9.665002,291.672272,0.0,100.0,13.890766
9.679324,292.072235,0.0,100.000008,14.024088
9.690588,292.272247,0.0,100.0,14.090749
9.691039,292.472198,0.0,100.0,14.15741
9.707013,292.672211,0.0,100.0,14.224071
9.714578,292.972137,0.0,100.0,14.324061
9.724902,293.272156,0.0,100.0,14.424052
9.738325,293.472137,0.0,100.0,14.490713
9.745153,293.672089,0.0,100.0,14.557374
9.765009,294.272034,0.0,100.000008,14.757357
9.777816,294.472046,0.0,100.0,14.824018
9.78452,294.672028,0.0,100.0,14.890678
9.794356,294.871979,0.0,100.0,14.957338
9.801008,295.071991,0.0,100.0,15.023999
9.809155,295.271973,0.0,100.0,15.09066
9.816097,295.471954,0.0,100.0,15.157321
9.825978,295.771912,0.0,100.0,15.257312
9.845884,296.271881,0.0,100.0,15.423965
9.858255,296.471832,0.0,100.0,15.490625
9.86555,296.671814,0.0,100.0,15.557285
9.87404,296.871826,0.0,100.0,15.623946
9.880654,297.071808,0.0,100.0,15.690607
9.890406,297.271759,0.0,100.0,15.757268
9.895636,297.471771,0.0,100.0,15.823929
9.91059,297.871735,0.0,100.0,15.957251
9.922861,298.071716,0.0,100.0,16.023911
9.930453,298.271729,0.0,100.0,16.090572
9.937093,298.471649,0.0,100.0,16.157232
9.946228,298.771667,0.0,100.0,16.257223
9.958956,298.971649,0.0,100.0,16.323885
9.964041,299.271576,0.0,100.0,16.423876
9.980746,299.571594,0.0,100.0,16.523867
9.994748,299.871552,0.0,100.0,16.623857
9.994748,300.071533,0.0,100.0,16.690519
10.016396,300.471497,0.0,100.0,16.823841
10.024354,300.671478,0.0,100.0,16.890501
10.034004,300.87146,0.0,100.0,16.957161
10.040351,301.071472,0.0,100.0,17.023823
10.049537,301.271454,0.0,100.0,17.090483
10.05812,301.471436,0.0,100.0,17.157145
10.06489,301.671417,0.0,100.0,17.223804
10.078841,301.971375,0.0,100.0,17.323795
10.097047,302.571289,0.0,100.000008,17.523779
10.108059,302.871307,0.0,100.0,17.62377
10.122068,303.07132,0.0,100.0,17.69043
10.130701,303.271271,0.0,100.0,17.757092
10.132137,303.471252,0.0,100.0,17.823751
10.145653,303.671265,0.0,100.0,17.890413
10.154341,303.871216,0.0,100.0,17.957073
10.169053,304.27121,0.0,99.999992,18.090395
10.17468,304.471161,0.0,100.0,18.157055
10.184563,304.671143,0.0,100.0,18.223717
10.193201,304.871124,0.0,100.0,18.290377
10.201391,305.071075,0.0,100.000008,18.357038
10.208991,305.271057,0.0,100.0,18.423698
10.216353,305.471069,0.0,100.0,18.49036
10.224362,305.671051,0.0,100.0,18.55702
10.240799,306.071014,0.0,100.0,18.690342
10.248918,306.271027,0.0,100.0,18.757002
10.258991,306.470947,0.0,100.000008,18.823664
10.2635,306.670959,0.0,100.0,18.890324
10.274154,306.870941,0.0,100.0,18.956985
10.281522,307.070923,0.0,100.0,19.023645
10.290341,307.270905,0.0,100.0,19.090305
10.296488,307.470886,0.0,100.0,19.156967
10.318829,307.970856,0.0,100.0,19.32362
10.330091,308.270813,0.0,100.0,19.423611
10.339521,308.470764,0.0,100.0,19.490271
10.34628,308.770782,0.0,100.0,19.590261
10.357671,309.07074,0.0,100.0,19.690252
10.369672,309.270721,0.0,100.0,19.756914
10.376904,309.470673,0.0,100.0,19.823574
10.383918,309.670685,0.0,100.0,19.890236
10.400766,310.070679,0.0,100.0,20.023558
10.410337,310.270691,0.0,100.0,20.090218
10.416331,310.470673,0.0,99.999992,20.156879
10.424474,310.670624,0.0,100.0,20.223539
10.433625,310.870636,0.0,100.0,20.290199
10.440883,311.070587,0.0,100.0,20.356861
10.450548,311.270569,0.0,100.0,20.423521
10.457803,311.470551,0.0,100.0,20.490183
10.474575,311.870514,0.0,100.0,20.623505
10.480525,312.070496,0.0,100.0,20.690165
10.49122,312.270477,0.0,100.0,20.756824
10.496935,312.47049,0.0,100.0,20.823486
10.506875,312.670441,0.0,100.0,20.890146
10.511851,312.870422,0.0,100.0,20.956808
10.521935,313.070404,0.0,100.0,21.023468
10.539055,313.470367,0.0,100.0,21.15679
10.546917,313.770294,0.0,100.0,21.256781
10.558004,313.970337,0.0,100.0,21.323442
10.564475,314.170288,0.0,100.0,21.390102
10.574927,314.3703,0.0,100.0,21.456764
10.580931,314.570251,0.0,100.000008,21.523424
10.590884,314.770233,0.0,100.000008,21.590084
10.590884,314.970215,0.0,100.000008,21.656746
10.613281,315.370209,0.0,100.0,21.790068
10.622717,315.57019,0.0,100.0,21.856728
10.629889,315.770172,0.0,100.0,21.923389
10.636432,315.970154,0.0,100.0,21.990049
10.649941,316.270111,0.0,100.0,22.09004
10.658239,316.470123,0.0,100.0,22.156702
10.665222,316.670074,0.0,100.0,22.223362
10.674973,316.870056,0.0,100.0,22.290024
10.681481,317.070038,0.0,100.0,22.356684
10.691465,317.27002,0.0,100.0,22.423344
10.697036,317.470001,0.0,100.0,22.490005
10.710468,317.769989,0.0,100.0,22.589996
10.724314,318.169922,0.0,100.0,22.723318
10.734866,318.369934,0.0,100.0,22.789978
10.741661,318.569916,0.0,100.0,22.85664
10.749668,318.769897,0.0,100.0,22.9233
10.758169,318.969879,0.0,100.0,22.989962
10.766954,319.169891,0.0,100.0,23.056622
10.774689,319.369812,0.0,100.000008,23.123283
10.779951,319.569824,0.0,100.0,23.189943
10.803151,320.069794,0.0,100.0,23.356596
10.809713,320.36972,0.0,100.000008,23.456587
10.822589,320.569763,0.0,100.0,23.523247
10.830131,320.769714,0.0,100.0,23.589909
10.836936,320.969727,0.0,100.0,23.656569
10.847614,321.269653,0.0,100.0,23.756559
10.857988,321.469666,0.0,100.0,23.823221
10.874181,321.966125,0.0,100.0,23.988697
10.890886,322.255127,0.0,100.0,24.085047
10.897002,322.441376,0.0,100.0,24.147116
10.910336,322.70752,0.0,100.0,24.235846
10.914389,322.874268,0.0,100.0,24.291426
10.927094,323.031708,0.0,100.0,24.343906
10.941263,323.323547,0.0,100.000008,24.441193
10.956067,323.527679,0.0,100.0,24.509216
10.967493,323.72406,0.0,100.0,24.574688
10.974622,323.91507,0.0,100.0,24.638346
10.990532,324.097565,0.0,100.0,24.699181
10.996711,324.211578,0.0,100.0,24.737196
11.01342,324.413116,0.0,100.0,24.804373
11.02301,324.496918,0.0,100.000008,24.832319
11.029829,324.59964,0.0,100.000008,24.866547
11.041531,324.65509,0.0,100.0,24.885042
11.051245,324.702332,0.0,100.0,24.900789
11.05769,324.743195,0.0,100.0,24.914402
11.064801,324.779449,0.0,100.0,24.926483
11.074532,324.812622,0.0,100.0,24.937542
11.083491,324.843933,0.0,100.0,24.947973
11.097193,324.901184,0.0,100.0,24.967058
11.106105,324.925934,0.0,100.0,24.975311
11.114079,324.947296,0.0,100.0,24.982431
11.122836,324.96463,0.0,100.0,24.988211
11.129286,324.977692,0.0,100.0,24.992577
11.13673,324.987122,0.0,100.0,24.995703
11.144847,324.993408,0.0,100.0,24.997801
11.15274,324.997192,0.0,100.0,24.999071
11.162495,324.999176,0.0,100.0,24.999725
11.176903,325.0,0.0,100.0,25.0
11.186063,325.0,0.0,100.0,25.0
11.192181,325.0,0.0,100.0,25.0
11.206182,325.0,0.0,100.0,25.0
11.213178,325.0,0.0,100.0,25.0
11.222843,325.0,0.0,100.0,25.0
11.230232,325.0,0.0,100.0,25.0
11.231116,325.0,0.0,100.0,25.0
11.244496,325.0,0.0,100.0,25.0
11.254217,325.0,0.0,100.0,25.0
11.2612,325.0,0.0,100.0,25.0
11.2683,325.0,0.0,100.0,25.0
11.274663,325.0,0.0,100.0,25.0
11.285153,325.0,0.0,100.0,25.0
11.293208,325.0,0.0,100.0,25.0
11.300644,325.0,0.0,100.0,25.0
11.311283,325.0,0.0,100.0,25.0
11.318425,325.0,0.0,100.0,25.0
11.324343,325.0,0.0,100.0,25.0
11.33814,325.0,0.0,100.0,25.0
11.346022,325.0,0.0,100.0,25.0
11.358254,325.0,0.0,100.0,25.0
11.363456,325.0,0.0,100.0,25.0
11.373905,325.0,0.0,100.0,25.0
11.414471,325.0,0.0,100.0,25.0
11.426063,325.0,0.0,100.0,25.0
11.433293,325.0,0.0,100.0,25.0
11.441044,325.0,0.0,100.0,25.0
11.450515,325.0,0.0,100.0,25.0
11.457956,325.0,0.0,100.0,25.0
11.473803,325.0,0.0,100.0,25.0
11.478177,325.0,0.0,100.0,25.0
11.490663,325.0,0.0,100.0,25.0
11.491329,325.0,0.0,100.0,25.0
11.507687,325.0,0.0,100.0,25.0
11.524188,325.0,0.0,100.0,25.0
11.53623,325.0,0.0,100.0,25.0
11.544651,325.0,0.0,100.0,25.0
11.552458,325.0,0.0,100.0,25.0
11.563065,325.0,0.0,100.0,25.0
11.569038,325.0,0.0,100.0,25.0
11.577712,325.0,0.0,100.0,25.0
11.59244,325.0,0.0,100.0,25.0
11.60727,325.0,0.0,100.0,25.0
11.614253,325.0,0.0,100.0,25.0
11.625823,325.0,0.0,100.0,25.0
11.636173,325.0,0.0,100.0,25.0
11.646463,325.0,0.0,100.0,25.0
11.6536,325.0,0.0,100.0,25.0
11.669247,325.0,0.0,100.0,25.0
11.676661,325.0,0.0,100.0,25.0
11.684212,325.0,0.0,100.0,25.0
11.6912,325.0,0.0,100.0,25.0
11.703106,325.0,0.0,100.0,25.0
11.707948,325.0,0.0,100.0,25.0
11.723134,325.0,0.0,100.0,25.0
11.741245,325.0,0.0,100.0,25.0
11.751035,325.0,0.0,100.0,25.0
11.757607,325.0,0.0,100.0,25.0
11.757607,325.0,0.0,100.0,25.0
11.774251,325.0,0.0,100.0,25.0
11.780103,325.0,0.0,100.0,25.0
11.790659,325.0,0.0,100.0,25.0
11.808249,325.0,0.0,100.0,25.0
11.817138,325.0,0.0,100.0,25.0
11.82575,325.0,0.0,100.0,25.0
11.834921,325.0,0.0,100.0,25.0
11.842269,325.0,0.0,100.0,25.0
11.846288,325.0,0.0,100.0,25.0
11.858746,325.0,0.0,100.0,25.0
11.874535,325.0,0.0,100.0,25.0
11.880795,325.0,0.0,100.0,25.0
11.890586,325.0,0.0,100.0,25.0
11.898312,325.0,0.0,100.0,25.0
11.906344,325.0,0.0,100.0,25.0
11.910462,325.0,0.0,100.0,25.0
11.922863,325.0,0.0,100.0,25.0
11.927004,325.0,0.0,100.0,25.0
11.945018,325.0,0.0,100.0,25.0
11.952574,325.0,0.0,100.0,25.0
11.961624,325.0,0.0,100.0,25.0
11.970784,325.0,0.0,100.0,25.0
11.976959,325.0,0.0,100.0,25.0
11.984687,325.0,0.0,100.0,25.0
11.994404,325.0,0.0,100.0,25.0
12.000732,325.0,0.0,100.0,25.0
12.022836,325.0,0.0,100.0,25.0
12.029901,325.0,0.0,100.0,25.0
12.036637,325.0,0.0,100.0,25.0
12.040398,325.0,0.0,100.0,25.0
12.058407,325.0,0.0,100.0,25.0
12.062489,325.0,0.0,100.0,25.0
12.074,325.0,0.0,100.0,25.0
12.090541,325.0,0.0,100.0,25.0
12.096788,325.0,0.0,100.0,25.0
12.107025,325.0,0.0,100.0,25.0
12.112997,325.0,0.0,100.0,25.0
12.122836,325.0,0.0,100.0,25.0
12.129438,325.0,0.0,100.0,25.0
12.136033,325.0,0.0,100.0,25.0
12.146549,325.0,0.0,100.0,25.0
12.169022,325.0,0.0,100.0,25.0
12.177529,325.0,0.0,100.0,25.0
12.184006,325.0,0.0,100.0,25.0
12.192402,325.0,0.0,100.0,25.0
12.200927,325.0,0.0,100.0,25.0
12.210634,325.0,0.0,100.0,25.0
12.216676,325.0,0.0,100.0,25.0
12.223763,325.0,0.0,100.0,25.0
12.246083,325.0,0.0,100.0,25.0
12.258496,325.0,0.0,100.0,25.0
12.263742,325.0,0.0,100.0,25.0
12.274953,325.0,0.0,100.0,25.0
12.279603,325.0,0.0,100.0,25.0
12.291368,325.0,0.0,100.0,25.0
12.302657,325.0,0.0,100.0,25.0
12.309075,325.0,0.0,100.0,25.0
12.315891,325.0,0.0,100.0,25.0
12.324915,325.0,0.0,100.0,25.0
12.333043,325.0,0.0,100.0,25.0
12.343447,325.0,0.0,100.0,25.0
12.346686,325.0,0.0,100.0,25.0
12.357892,325.0,0.0,100.0,25.0
12.357892,325.0,0.0,100.0,25.0
12.375108,325.0,0.0,100.0,25.0
12.382508,325.0,0.0,100.0,25.0
12.393622,325.0,0.0,100.0,25.0
12.413994,325.0,0.0,100.0,25.0
12.42445,325.0,0.0,100.0,25.0
12.433134,325.0,0.0,100.0,25.0
12.440901,325.0,0.0,100.0,25.0
12.448189,325.0,0.0,100.0,25.0
12.457456,325.0,0.0,100.0,25.0
12.46433,325.0,0.0,100.0,25.0
12.47443,325.0,0.0,100.0,25.0
12.495148,325.0,0.0,100.0,25.0
12.503706,325.0,0.0,100.0,25.0
12.514832,325.0,0.0,100.0,25.0
12.523128,325.0,0.0,100.0,25.0
12.529397,325.0,0.0,100.0,25.0
12.536486,325.0,0.0,100.0,25.0
12.540994,325.0,0.0,100.0,25.0
12.557752,325.0,0.0,100.0,25.0
12.574047,325.0,0.0,100.0,25.0
12.575042,325.0,0.0,100.0,25.0
12.590684,325.0,0.0,100.0,25.0
12.593384,325.0,0.0,100.0,25.0
12.608068,325.0,0.0,100.0,25.0
12.616738,325.0,0.0,100.0,25.0
12.62474,325.0,0.0,100.0,25.0
12.641614,325.0,0.0,100.0,25.0
12.652275,325.0,0.0,100.0,25.0
12.662234,325.0,0.0,100.0,25.0
12.668824,325.0,0.0,100.0,25.0
12.677481,325.0,0.0,100.0,25.0
12.684729,325.0,0.0,100.0,25.0
12.69339,325.0,0.0,100.0,25.0
12.709954,325.0,0.0,100.0,25.0
12.716383,325.0,0.0,100.0,25.0
12.725722,325.0,0.0,100.0,25.0
12.739079,325.0,0.0,100.0,25.0
12.747231,325.0,0.0,100.0,25.0
12.754811,325.0,0.0,100.0,25.0
12.76116,325.0,0.0,100.0,25.0
12.774133,325.0,0.0,100.0,25.0
12.785265,325.0,0.0,100.0,25.0
12.793162,325.0,0.0,100.0,25.0
12.802354,325.0,0.0,100.0,25.0
12.8077,325.0,0.0,100.0,25.0
12.816604,325.0,0.0,100.0,25.0
12.824089,325.0,0.0,100.0,25.0
12.840725,325.0,0.0,100.0,25.0
12.849367,325.0,0.0,100.0,25.0
12.861271,325.0,0.0,100.0,25.0
12.87063,325.0,0.0,100.0,25.0
12.876974,325.0,0.0,100.0,25.0
12.884441,325.0,0.0,100.0,25.0
12.8934,325.0,0.0,100.0,25.0
12.910962,325.0,0.0,100.0,25.0
12.917183,325.0,0.0,100.0,25.0
12.925493,325.0,0.0,100.0,25.0
12.938102,325.0,0.0,100.0,25.0
12.944536,325.0,0.0,100.0,25.0
12.95279,325.0,0.0,100.0,25.0
12.961465,325.0,0.0,100.0,25.0
12.977969,325.0,0.0,100.0,25.0
12.984623,325.0,0.0,100.0,25.0
12.993578,325.0,0.0,100.0,25.0
13.000587,325.0,0.0,100.0,25.0
13.011092,325.0,0.0,100.0,25.0
13.017434,325.0,0.0,100.0,25.0
13.024346,325.0,0.0,100.0,25.0
13.044847,325.0,0.0,100.0,25.0
13.052946,325.0,0.0,100.0,25.0
13.062447,325.0,0.0,100.0,25.0
13.066912,325.0,0.0,100.0,25.0
13.076157,325.0,0.0,100.0,25.0
13.086374,325.0,0.0,100.0,25.0
13.09238,325.0,0.0,100.0,25.0
13.100648,325.0,0.0,100.0,25.0
13.109851,325.0,0.0,100.0,25.0
13.124671,325.0,0.0,100.0,25.0
13.13252,325.0,0.0,100.0,25.0
13.142191,325.0,0.0,100.0,25.0
13.148453,325.0,0.0,100.0,25.0
13.1587,325.0,0.0,100.0,25.0
13.164639,325.0,0.0,100.0,25.0
13.174584,325.0,0.0,100.0,25.0
13.181174,325.0,0.0,100.0,25.0
13.19539,325.0,0.0,100.0,25.0
13.211067,325.0,0.0,100.0,25.0
13.216697,325.0,0.0,100.0,25.0
13.224899,325.0,0.0,100.0,25.0
13.23814,325.0,0.0,100.0,25.0
13.245768,325.0,0.0,100.0,25.0
13.252481,325.0,0.0,100.0,25.0
13.261965,325.0,0.0,100.0,25.0
13.268461,325.0,0.0,100.0,25.0
13.284357,325.0,0.0,100.0,25.0
13.292315,325.0,0.0,100.0,25.0
13.30205,325.0,0.0,100.0,25.0
13.309271,325.0,0.0,100.0,25.0
13.316993,325.0,0.0,100.0,25.0
13.324659,325.0,0.0,100.0,25.0
13.336766,325.0,0.0,100.0,25.0
13.344813,325.0,0.0,100.0,25.0
13.360798,325.0,0.0,100.0,25.0
13.369291,325.0,0.0,100.0,25.0
13.377762,325.0,0.0,100.0,25.0
13.384653,325.0,0.0,100.0,25.0
13.392273,325.0,0.0,100.0,25.0
13.402519,325.0,0.0,100.0,25.0
13.40855,325.0,0.0,100.0,25.0
13.416593,325.0,0.0,100.0,25.0
13.424954,325.0,0.0,100.0,25.0
13.445842,325.0,0.0,100.0,25.0
13.458681,325.0,0.0,100.0,25.0
13.465385,325.0,0.0,100.0,25.0
13.474138,325.0,0.0,100.0,25.0
13.481259,325.0,0.0,100.0,25.0
13.491184,325.0,0.0,100.0,25.0
13.510138,325.0,0.0,100.0,25.0
13.516961,325.0,0.0,100.0,25.0
13.525303,325.0,0.0,100.0,25.0
13.538187,325.0,0.0,100.0,25.0
13.545219,325.0,0.0,100.0,25.0
13.558259,325.0,0.0,100.0,25.0
13.564952,325.0,0.0,100.0,25.0
13.583467,325.0,0.0,100.0,25.0
13.591533,325.0,0.0,100.0,25.0
13.603251,325.0,0.0,100.0,25.0
13.613945,325.0,0.0,100.0,25.0
13.616001,325.0,0.0,100.0,25.0
13.630023,325.0,0.0,100.0,25.0
13.647007,325.0,0.0,100.0,25.0
13.659011,325.0,0.0,100.0,25.0
13.665148,325.0,0.0,100.0,25.0
13.677164,325.0,0.0,100.0,25.0
13.691132,325.0,0.0,100.0,25.0
13.710107,325.0,0.0,100.0,25.0
13.716491,325.0,0.0,100.0,25.0
13.726882,325.0,0.0,100.0,25.0
13.732023,325.0,0.0,100.0,25.0
13.741004,325.0,0.0,100.0,25.0
13.750774,325.0,0.0,100.0,25.0
13.757535,325.0,0.0,100.0,25.0
13.774318,325.0,0.0,100.0,25.0
13.780418,325.0,0.0,100.0,25.0
13.794754,325.0,0.0,100.0,25.0
13.802305,325.0,0.0,100.0,25.0
13.808306,325.0,0.0,100.0,25.0
13.81699,325.0,0.0,100.0,25.0
13.824129,325.0,0.0,100.0,25.0
13.833063,325.0,0.0,100.0,25.0
13.841338,325.0,0.0,100.0,25.0
13.858779,325.0,0.0,100.0,25.0
13.865057,325.0,0.0,100.0,25.0
13.8744,325.0,0.0,100.0,25.0
13.880649,325.0,0.0,100.0,25.0
13.891253,325.0,0.0,100.0,25.0
13.902394,325.0,0.0,100.0,25.0
13.910381,325.0,0.0,100.0,25.0
13.924671,325.0,0.0,100.0,25.0
13.934895,325.0,0.0,100.0,25.0
13.942969,325.0,0.0,100.0,25.0
13.948045,325.0,0.0,100.0,25.0
13.959363,325.0,0.0,100.0,25.0
13.964823,325.0,0.0,100.0,25.0
13.978019,325.0,0.0,100.0,25.0
13.98547,325.0,0.0,100.0,25.0
13.995091,325.0,0.0,100.0,25.0
14.009322,325.0,0.0,100.0,25.0
14.019484,325.0,0.0,100.0,25.0
14.028268,325.0,0.0,100.0,25.0
14.041187,325.0,0.0,100.0,25.0
14.047302,325.0,0.0,100.0,25.0
14.058618,325.0,0.0,100.0,25.0
14.074321,325.0,0.0,100.0,25.0
14.080801,325.0,0.0,100.0,25.0
14.090736,325.0,0.0,100.0,25.0
14.098914,325.0,0.0,100.0,25.0
14.106316,325.0,0.0,100.0,25.0
14.113494,325.0,0.0,100.0,25.0
14.123073,325.0,0.0,100.0,25.0
14.137522,325.0,0.0,100.0,25.0
14.140614,325.0,0.0,100.0,25.0
14.154544,325.0,0.0,100.0,25.0
14.159892,325.0,0.0,100.0,25.0
14.16849,325.0,0.0,100.0,25.0
14.178236,325.0,0.0,100.0,25.0
14.186479,325.0,0.0,100.0,25.0
14.192243,325.0,0.0,100.0,25.0
14.208267,325.0,0.0,100.0,25.0
14.218608,325.0,0.0,100.0,25.0
14.224715,325.0,0.0,100.0,25.0
14.235064,325.0,0.0,100.0,25.0
14.243004,325.0,0.0,100.0,25.0
14.248329,325.0,0.0,100.0,25.0
14.258286,325.0,0.0,100.0,25.0
14.263062,325.0,0.0,100.0,25.0
14.284788,325.0,0.0,100.0,25.0
14.293589,325.0,0.0,100.0,25.0
14.301134,325.0,0.0,100.0,25.0
14.310461,325.0,0.0,100.0,25.0
14.316485,325.0,0.0,100.0,25.0
14.32493,325.0,0.0,100.0,25.0
14.333964,325.0,0.0,100.0,25.0
14.342186,325.0,0.0,100.0,25.0
14.350853,325.0,0.0,100.0,25.0
14.364201,325.0,0.0,100.0,25.0
14.374822,325.0,0.0,100.0,25.0
14.382949,325.0,0.0,100.0,25.0
14.395002,325.0,0.0,100.0,25.0
14.398311,325.0,0.0,100.0,25.0
14.409272,325.0,0.0,100.0,25.0
14.409272,325.0,0.0,100.0,25.0
14.425569,325.0,0.0,100.0,25.0
14.4419,325.0,0.0,100.0,25.0
14.452787,325.0,0.0,100.0,25.0
14.460822,325.0,0.0,100.0,25.0
14.469608,325.0,0.0,100.0,25.0
14.478412,325.0,0.0,100.0,25.0
14.484794,325.0,0.0,100.0,25.0
14.493124,325.0,0.0,100.0,25.0
14.501132,325.0,0.0,100.0,25.0
14.508382,325.0,0.0,100.0,25.0
14.52485,325.0,0.0,100.0,25.0
14.533764,325.0,0.0,100.0,25.0
14.54335,325.0,0.0,100.0,25.0
14.546551,325.0,0.0,100.0,25.0
14.557846,325.0,0.0,100.0,25.0
14.567405,325.0,0.0,100.0,25.0
14.5913,325.0,0.0,100.0,25.0
14.599227,325.0,0.0,100.0,25.0
14.611282,325.0,0.0,100.0,25.0
14.623065,325.0,0.0,100.0,25.0
14.624735,325.0,0.0,100.0,25.0
14.637967,325.0,0.0,100.0,25.0
14.646566,325.0,0.0,100.0,25.0
14.654214,325.0,0.0,100.0,25.0
14.674297,325.0,0.0,100.0,25.0
14.680054,325.0,0.0,100.0,25.0
14.691665,325.0,0.0,100.0,25.0
14.702204,325.0,0.0,100.0,25.0
14.709254,325.0,0.0,100.0,25.0
14.717022,325.0,0.0,100.0,25.0
14.725036,325.0,0.0,100.0,25.0
14.746716,325.0,0.0,100.0,25.0
14.757795,325.0,0.0,100.0,25.0
14.765099,325.0,0.0,100.0,25.0
14.774235,325.0,0.0,100.0,25.0
14.781279,325.0,0.0,100.0,25.0
14.79248,325.0,0.0,100.0,25.0
14.807899,325.0,0.0,100.0,25.0
14.818685,325.0,0.0,100.0,25.0
14.825939,325.0,0.0,100.0,25.0
14.830994,325.0,0.0,100.0,25.0
14.842536,325.0,0.0,100.0,25.0
14.846527,325.0,0.0,100.0,25.0
14.858052,325.0,0.0,100.0,25.0
14.865346,325.0,0.0,100.0,25.0
14.891117,325.0,0.0,100.0,25.0
14.897292,325.0,0.0,100.0,25.0
14.911702,325.0,0.0,100.0,25.0
14.923085,325.0,0.0,100.0,25.0
14.930623,325.0,0.0,100.0,25.0
14.93858,325.0,0.0,100.0,25.0
14.942447,325.0,0.0,100.0,25.0
14.960285,325.0,0.0,100.0,25.0
14.968523,325.0,0.0,100.0,25.0
14.979279,325.0,0.0,100.0,25.0
14.985238,325.0,0.0,100.0,25.0
14.992813,325.0,0.0,100.0,25.0
15.000379,325.0,0.0,100.0,25.0
15.009209,325.0,0.0,100.0,25.0
15.02568,325.0,0.0,100.0,25.0
15.035098,325.0,0.0,100.0,25.0
15.041254,325.0,0.0,100.0,25.0
15.049426,325.0,0.0,100.0,25.0
15.057484,325.0,0.0,100.0,25.0
15.065175,325.0,0.0,100.0,25.0
15.077261,325.0,0.0,100.0,25.0
15.091594,325.0,0.0,100.0,25.0
15.102387,325.0,0.0,100.0,25.0
15.10826,325.0,0.0,100.0,25.0
15.117106,325.0,0.0,100.0,25.0
15.126103,325.0,0.0,100.0,25.0
15.135049,325.0,0.0,100.0,25.0
15.141594,325.0,0.0,100.0,25.0
15.157511,325.0,0.0,100.0,25.0
15.164951,325.0,0.0,100.0,25.0
15.174691,325.0,0.0,100.0,25.0
15.182,325.0,0.0,100.0,25.0
15.194593,325.0,0.0,100.0,25.0
15.198318,325.0,0.0,100.0,25.0
15.208684,325.0,0.0,100.0,25.0
15.227762,325.0,0.0,100.0,25.0
15.235489,325.0,0.0,100.0,25.0
15.244949,325.0,0.0,100.0,25.0
15.253961,325.0,0.0,100.0,25.0
15.263352,325.0,0.0,100.0,25.0
15.271649,325.0,0.0,100.0,25.0
15.275007,325.0,0.0,100.0,25.0
15.285173,325.0,0.0,100.0,25.0
15.301097,325.0,0.0,100.0,25.0
15.309797,325.0,0.0,100.0,25.0
15.323503,325.0,0.0,100.0,25.0
15.334748,325.0,0.0,100.0,25.0
15.341535,325.0,0.0,100.0,25.0
15.352397,325.0,0.0,100.0,25.0
15.36987,325.0,0.0,100.0,25.0
15.376176,325.0,0.0,100.0,25.0
15.386196,325.0,0.0,100.0,25.0
15.395441,325.0,0.0,100.0,25.0
15.40357,325.0,0.0,100.0,25.0
15.410351,325.0,0.0,100.0,25.0
15.417295,325.0,0.0,100.0,25.0
15.425461,325.0,0.0,100.0,25.0
15.434807,325.0,0.0,100.0,25.0
15.44977,325.0,0.0,100.0,25.0
15.45862,325.0,0.0,100.0,25.0
15.466244,325.0,0.0,100.0,25.0
15.4746,325.0,0.0,100.0,25.0
15.4746,325.0,0.0,100.0,25.0
15.491094,325.0,0.0,100.0,25.0
15.498773,325.0,0.0,100.0,25.0
15.509013,325.0,0.0,100.0,25.0
15.525985,325.0,0.0,100.0,25.0
15.538638,325.0,0.0,100.0,25.0
15.542927,325.0,0.0,100.0,25.0
15.553644,325.0,0.0,100.0,25.0
15.562457,325.0,0.0,100.0,25.0
15.568921,325.0,0.0,100.0,25.0
15.590973,325.0,0.0,100.0,25.0
15.598356,325.0,0.0,100.0,25.0
15.605877,325.0,0.0,100.0,25.0
15.610855,325.0,0.0,100.0,25.0
15.623442,325.0,0.0,100.0,25.0
15.630055,325.0,0.0,100.0,25.0
15.63687,325.0,0.0,100.0,25.0
15.646237,325.0,0.0,100.0,25.0
15.674962,325.0,0.0,100.0,25.0
15.680612,325.0,0.0,100.0,25.0
15.691647,325.0,0.0,100.0,25.0
15.702607,325.0,0.0,100.0,25.0
15.710618,325.0,0.0,100.0,25.0
15.718542,325.0,0.0,100.0,25.0
15.726573,325.0,0.0,100.0,25.0
15.73061,325.0,0.0,100.0,25.0
15.742215,325.0,0.0,100.0,25.0
15.758603,325.0,0.0,100.0,25.0
15.767444,325.0,0.0,100.0,25.0
15.778087,325.0,0.0,100.0,25.0
15.784967,325.0,0.0,100.0,25.0
15.793955,325.0,0.0,100.0,25.0
15.807493,325.0,0.0,100.0,25.0
15.812903,325.0,0.0,100.0,25.0
15.827579,325.0,0.0,100.0,25.0
15.839299,325.0,0.0,100.0,25.0
15.846594,325.0,0.0,100.0,25.0
15.858228,325.0,0.0,100.0,25.0
15.867538,325.0,0.0,100.0,25.0
15.874858,325.0,0.0,100.0,25.0
15.882596,325.0,0.0,100.0,25.0
15.890897,325.0,0.0,100.0,25.0
15.906572,325.0,0.0,100.0,25.0
15.913142,325.0,0.0,100.0,25.0
15.920577,325.0,0.0,100.0,25.0
15.930188,325.0,0.0,100.0,25.0
15.936498,325.0,0.0,100.0,25.0
15.940865,325.0,0.0,100.0,25.0
15.954366,325.0,0.0,100.0,25.0
15.961505,325.0,0.0,100.0,25.0
15.968823,325.0,0.0,100.0,25.0
15.975069,325.0,0.0,100.0,25.0
15.993087,325.0,0.0,100.0,25.0
16.001125,325.0,0.0,100.0,25.0
16.010331,325.0,0.0,100.0,25.0
16.020233,325.0,0.0,100.0,25.0
16.029157,325.0,0.0,100.0,25.0
16.037317,325.0,0.0,100.0,25.0
16.046729,325.0,0.0,100.0,25.0
16.067846,325.0,0.0,100.0,25.0
16.078424,325.0,0.0,100.0,25.0
16.089895,325.0,0.0,100.0,25.0
16.093378,325.0,0.0,100.0,25.0
16.108229,325.0,0.0,100.0,25.0
16.116868,325.0,0.0,100.0,25.0
16.12507,325.0,0.0,100.0,25.0
16.146328,325.0,0.0,100.0,25.0
16.158705,325.0,0.0,100.0,25.0
16.164114,325.0,0.0,100.0,25.0
16.175398,325.0,0.0,100.0,25.0
16.180161,325.0,0.0,100.0,25.0
16.193479,325.0,0.0,100.0,25.0
16.210235,325.0,0.0,100.0,25.0
16.223235,325.0,0.0,100.0,25.0
16.227502,325.0,0.0,100.0,25.0
16.236079,325.0,0.0,100.0,25.0
16.240906,325.0,0.0,100.0,25.0
16.254806,325.0,0.0,100.0,25.0
16.261718,325.0,0.0,100.0,25.0
16.279042,325.0,0.0,100.0,25.0
16.286942,325.0,0.0,100.0,25.0
16.290904,325.0,0.0,100.0,25.0
16.301546,325.0,0.0,100.0,25.0
16.309283,325.0,0.0,100.0,25.0
16.316326,325.0,0.0,100.0,25.0
16.326062,325.0,0.0,100.0,25.0
16.34351,325.0,0.0,100.0,25.0
16.347607,325.0,0.0,100.0,25.0
16.358731,325.0,0.0,100.0,25.0
16.363773,325.0,0.0,100.0,25.0
16.375105,325.0,0.0,100.0,25.0
16.382883,325.0,0.0,100.0,25.0
16.391974,325.0,0.0,100.0,25.0
16.40845,325.0,0.0,100.0,25.0
16.417238,325.0,0.0,100.0,25.0
16.424867,325.0,0.0,100.0,25.0
16.437197,325.0,0.0,100.0,25.0
16.446391,325.0,0.0,100.0,25.0
16.454708,325.0,0.0,100.0,25.0
16.46193,325.0,0.0,100.0,25.0
16.478467,325.0,0.0,100.0,25.0
16.484934,325.0,0.0,100.0,25.0
16.492914,325.0,0.0,100.0,25.0
16.502631,325.0,0.0,100.0,25.0
16.508377,325.0,0.0,100.0,25.0
16.516147,325.0,0.0,100.0,25.0
16.524987,325.0,0.0,100.0,25.0
16.545739,325.0,0.0,100.0,25.0
16.552816,325.0,0.0,100.0,25.0
16.558457,325.0,0.0,100.0,25.0
16.570521,325.0,0.0,100.0,25.0
16.577226,325.0,0.0,100.0,25.0
16.591632,325.0,0.0,100.0,25.0
16.597982,325.0,0.0,100.0,25.0
16.60893,325.0,0.0,100.0,25.0
16.624766,325.0,0.0,100.0,25.0
16.63404,325.0,0.0,100.0,25.0
16.643728,325.0,0.0,100.0,25.0
16.64681,325.0,0.0,100.0,25.0
16.658394,325.0,0.0,100.0,25.0
16.66641,325.0,0.0,100.0,25.0
16.67481,325.0,0.0,100.0,25.0
16.681346,325.0,0.0,100.0,25.0
16.690994,325.0,0.0,100.0,25.0
16.698181,325.0,0.0,100.0,25.0
16.714221,325.0,0.0,100.0,25.0
16.723296,325.0,0.0,100.0,25.0
16.727754,325.0,0.0,100.0,25.0
16.738973,325.0,0.0,100.0,25.0
16.751138,325.0,0.0,100.0,25.0
16.75864,325.0,0.0,100.0,25.0
16.75864,325.0,0.0,100.0,25.0
16.774344,325.0,0.0,100.0,25.0
16.793946,325.0,0.0,100.0,25.0
16.796525,325.0,0.0,100.0,25.0
16.810586,325.0,0.0,100.0,25.0
16.817063,325.0,0.0,100.0,25.0
16.824824,325.0,0.0,100.0,25.0
16.835204,325.0,0.0,100.0,25.0
16.842831,325.0,0.0,100.0,25.0
16.848657,325.0,0.0,100.0,25.0
16.864983,325.0,0.0,100.0,25.0
16.874393,325.0,0.0,100.0,25.0
16.882932,325.0,0.0,100.0,25.0
16.890928,325.0,0.0,100.0,25.0
16.89585,325.0,0.0,100.0,25.0
16.906668,325.0,0.0,100.0,25.0
16.91016,325.0,0.0,100.0,25.0
16.923004,325.0,0.0,100.0,25.0
16.936709,325.0,0.0,100.0,25.0
16.9459,325.0,0.0,100.0,25.0
16.953916,325.0,0.0,100.0,25.0
16.960003,325.0,0.0,100.0,25.0
16.970379,325.0,0.0,100.0,25.0
16.976258,325.0,0.0,100.0,25.0
16.984736,325.0,0.0,100.0,25.0
16.994705,325.0,0.0,100.0,25.0
17.010962,325.0,0.0,100.0,25.0
17.013958,325.0,0.0,100.0,25.0
17.024301,325.0,0.0,100.0,25.0
17.034179,325.0,0.0,100.0,25.0
17.042398,325.0,0.0,100.0,25.0
17.047417,325.0,0.0,100.0,25.0
17.058975,325.0,0.0,100.0,25.0
17.074285,325.0,0.0,100.0,25.0
17.080768,325.0,0.0,100.0,25.0
17.09089,325.0,0.0,100.0,25.0
17.098846,325.0,0.0,100.0,25.0
17.106628,325.0,0.0,100.0,25.0
17.113774,325.0,0.0,100.0,25.0
17.113774,325.0,0.0,100.0,25.0
17.131213,325.0,0.0,100.0,25.0
17.137474,325.0,0.0,100.0,25.0
17.154256,325.0,0.0,100.0,25.0
17.160984,325.0,0.0,100.0,25.0
17.170974,325.0,0.0,100.0,25.0
17.177394,325.0,0.0,100.0,25.0
17.184981,325.0,0.0,100.0,25.0
17.192788,325.0,0.0,100.0,25.0
17.202526,325.0,0.0,100.0,25.0
17.209421,325.0,0.0,100.0,25.0
17.2266,325.0,0.0,100.0,25.0
17.237034,325.0,0.0,100.0,25.0
17.240929,325.0,0.0,100.0,25.0
17.252548,325.0,0.0,100.0,25.0
17.262188,325.0,0.0,100.0,25.0
17.271071,325.0,0.0,100.0,25.0
17.285118,325.0,0.0,100.0,25.0
17.293535,325.0,0.0,100.0,25.0
17.306849,325.0,0.0,100.0,25.0
17.309772,325.0,0.0,100.0,25.0
17.321643,325.0,0.0,100.0,25.0
17.330823,325.0,0.0,100.0,25.0
17.336975,325.0,0.0,100.0,25.0
17.346674,325.0,0.0,100.0,25.0
17.361771,325.0,0.0,100.0,25.0
17.371465,325.0,0.0,100.0,25.0
17.378731,325.0,0.0,100.0,25.0
17.384483,325.0,0.0,100.0,25.0
17.392349,325.0,0.0,100.0,25.0
17.400446,325.0,0.0,100.0,25.0
17.40881,325.0,0.0,100.0,25.0
17.418219,325.0,0.0,100.0,25.0
17.429969,325.0,0.0,100.0,25.0
17.440633,325.0,0.0,100.0,25.0
17.450967,325.0,0.0,100.0,25.0
17.459244,325.0,0.0,100.0,25.0
17.4653,325.0,0.0,100.0,25.0
17.474206,325.0,0.0,100.0,25.0
17.480728,325.0,0.0,100.0,25.0
17.491086,325.0,0.0,100.0,25.0
17.506886,325.0,0.0,100.0,25.0
17.514027,325.0,0.0,100.0,25.0
17.523685,325.0,0.0,100.0,25.0
17.532529,325.0,0.0,100.0,25.0
17.541362,325.0,0.0,100.0,25.0
17.550877,325.0,0.0,100.0,25.0
17.558115,325.0,0.0,100.0,25.0
17.574804,325.0,0.0,100.0,25.0
17.578223,325.0,0.0,100.0,25.0
17.591157,325.0,0.0,100.0,25.0
17.602763,325.0,0.0,100.0,25.0
17.610701,325.0,0.0,100.0,25.0
17.615548,325.0,0.0,100.0,25.0
17.627401,325.0,0.0,100.0,25.0
17.631181,325.0,0.0,100.0,25.0
17.641585,325.0,0.0,100.0,25.0
17.65054,325.0,0.0,100.0,25.0
17.658515,325.0,0.0,100.0,25.0
17.674299,325.0,0.0,100.0,25.0
17.681217,325.0,0.0,100.0,25.0
17.691066,325.0,0.0,100.0,25.0
17.698627,325.0,0.0,100.0,25.0
17.706828,325.0,0.0,100.0,25.0
17.713895,325.0,0.0,100.0,25.0
17.723631,325.0,0.0,100.0,25.0
17.74157,325.0,0.0,100.0,25.0
17.751417,325.0,0.0,100.0,25.0
17.758702,325.0,0.0,100.0,25.0
17.765558,325.0,0.0,100.0,25.0
17.774742,325.0,0.0,100.0,25.0
17.781375,325.0,0.0,100.0,25.0
17.792127,325.0,0.0,100.0,25.0
17.802162,325.0,0.0,100.0,25.0
17.809391,325.0,0.0,100.0,25.0
17.825212,325.0,0.0,100.0,25.0
17.838208,325.0,0.0,100.0,25.0
17.845163,325.0,0.0,100.0,25.0
17.859018,325.0,0.0,100.0,25.0
17.863532,325.0,0.0,100.0,25.0
17.878492,325.0,0.0,100.0,25.0
17.893773,325.0,0.0,100.0,25.0
17.901002,325.0,0.0,100.0,25.0
17.909235,325.0,0.0,100.0,25.0
17.9165,325.0,0.0,100.0,25.0
17.924822,325.0,0.0,100.0,25.0
17.932865,325.0,0.0,100.0,25.0
17.941573,325.0,0.0,100.0,25.0
17.955199,325.0,0.0,100.0,25.0
17.96286,325.0,0.0,100.0,25.0
17.975103,325.0,0.0,100.0,25.0
17.985472,325.0,0.0,100.0,25.0
17.995195,325.0,0.0,100.0,25.0
17.995195,325.0,0.0,100.0,25.0
18.010808,325.0,0.0,100.0,25.0
18.015356,325.0,0.0,100.0,25.0
18.027347,325.0,0.0,100.0,25.0
18.04227,325.0,0.0,100.0,25.0
18.047395,325.0,0.0,100.0,25.0
18.059478,325.0,0.0,100.0,25.0
18.065431,325.0,0.0,100.0,25.0
18.077586,325.0,0.0,100.0,25.0
18.084677,325.0,0.0,100.0,25.0
18.093496,325.0,0.0,100.0,25.0
18.108909,325.0,0.0,100.0,25.0
18.11819,325.0,0.0,100.0,25.0
18.125921,325.0,0.0,100.0,25.0
18.137823,325.0,0.0,100.0,25.0
18.147245,325.0,0.0,100.0,25.0
18.159645,325.0,0.0,100.0,25.0
18.179046,325.0,0.0,100.0,25.0
18.195025,325.0,0.0,100.0,25.0
18.201344,325.0,0.0,100.0,25.0
18.210151,325.0,0.0,100.0,25.0
18.218835,325.0,0.0,100.0,25.0
18.225242,325.0,0.0,100.0,25.0
18.243763,325.0,0.0,100.0,25.0
18.246538,325.0,0.0,100.0,25.0
18.25877,325.0,0.0,100.0,25.0
18.265591,325.0,0.0,100.0,25.0
18.275095,325.0,0.0,100.0,25.0
18.282384,325.0,0.0,100.0,25.0
18.291189,325.0,0.0,100.0,25.0
18.301196,325.0,0.0,100.0,25.0
18.310623,325.0,0.0,100.0,25.0
18.322087,325.0,0.0,100.0,25.0
18.32986,325.0,0.0,100.0,25.0
18.345544,325.0,0.0,100.0,25.0
18.345544,325.0,0.0,100.0,25.0
18.362266,325.0,0.0,100.0,25.0
18.369636,325.0,0.0,100.0,25.0
18.377448,325.0,0.0,100.0,25.0
18.384792,325.0,0.0,100.0,25.0
18.392466,325.0,0.0,100.0,25.0
18.408812,325.0,0.0,100.0,25.0
18.416784,325.0,0.0,100.0,25.0
18.425475,325.0,0.0,100.0,25.0
18.434137,325.0,0.0,100.0,25.0
