dataset,family,filter,rmse_3d_mm,rmse_x_mm,rmse_y_mm,rmse_z_mm,endpoint_error_mm
horizontal_line_1,kalman_1d,kalman Q=1e-06 R=1e-02,252.88981274886697,88.3967331068459,83.59499506419925,221.70059036549847,587.2786973478426
horizontal_line_1,kalman_1d,kalman Q=1e-06 R=1e-03,277.0704650504742,112.05841091861458,113.84419737827663,226.38563088009127,598.7661985098258
horizontal_line_1,kalman_1d,kalman Q=1e-06 R=1e-04,289.64151628371127,111.70997090981824,139.42282095380097,227.97887479268618,609.5685252054708
horizontal_line_1,kalman_1d,kalman Q=1e-04 R=1e-02,289.658220398639,111.71797328420183,139.44742272704704,227.98112944838468,609.6955875126152
horizontal_line_1,wiener,wiener window=5,290.286017853149,93.02388377684176,155.79071260827493,226.58725267127724,580.1466620800355
horizontal_line_1,median,median size=3,291.8281326104277,103.08491988754643,148.2534573629411,229.25547028283128,624.0815812510352
horizontal_line_1,kalman_1d,kalman Q=1e-04 R=1e-03,294.13429603322317,106.73803958349453,151.51817943241613,228.39486927319157,606.5875980384874
horizontal_line_1,savgol,savgol window=81 poly=3,295.4082456039992,102.38253089402328,156.70990953755665,228.52976434438008,600.5191790508504
horizontal_line_1,kalman_1d,kalman Q=1e-04 R=1e-04,295.53538059122377,104.46589725003128,155.58438922064167,228.520317091906,605.090275873595
horizontal_line_1,kalman_1d,kalman Q=1e-02 R=1e-02,295.54167022505146,104.46665876894151,155.59505849123542,228.5208389144754,605.1405506559221
horizontal_line_1,median,median size=5,295.62273270493387,123.66623136947511,129.15073465880957,235.41357447669404,661.8239278014398
horizontal_line_1,wiener,wiener window=81,295.85691721936877,59.753598263719745,174.48260172557107,231.33664788822838,626.6087314337075
horizontal_line_1,savgol,savgol window=11 poly=3,295.85841190991664,103.80075155427551,156.58516366101426,228.5578491233212,604.5822969720717
horizontal_line_1,kalman_1d,kalman Q=1e-02 R=1e-03,295.874306939357,103.87272470530577,156.57610572001104,228.55193214387086,604.6492740165495
horizontal_line_1,savgol,savgol window=7 poly=3,295.92154030126954,103.70536688685091,156.7744446487326,228.55311942351832,604.1087517503787
horizontal_line_1,kalman_1d,kalman Q=1e-02 R=1e-04,295.92588491013225,103.78013926993168,156.72794111573276,228.55669871299298,604.5643555863725
horizontal_line_1,raw,raw,295.9321474328979,103.76891719957905,156.74635226680292,228.55727675688792,604.5540417669301
horizontal_line_1,butterworth,butterworth cutoff=20Hz order=4,295.977672236527,103.7990171055028,156.8084712543272,228.55994805163343,604.8451661494757
horizontal_line_1,butterworth,butterworth cutoff=20Hz order=2,295.9902383375702,103.78589094631694,156.83688041002208,228.5626893761606,605.0979581667286
horizontal_line_1,savgol,savgol window=7 poly=2,295.99663085989215,103.90701814247743,156.7605781310983,228.56827908778143,605.628610118294
horizontal_line_1,savgol,savgol window=41 poly=3,296.0372187227157,103.75358220977367,156.96080980280874,228.55313000212286,604.2287341226324
horizontal_line_1,savgol,savgol window=21 poly=3,296.0570186326607,103.64143901911389,157.03355442884666,228.5796867246724,606.4580937381011
horizontal_line_1,savgol,savgol window=21 poly=2,296.124043225912,103.7872626523533,157.09999162444998,228.55468868345477,604.4300626084342
horizontal_line_1,savgol,savgol window=41 poly=2,296.1558021058576,103.50431008421778,157.30749475394046,228.58142752461976,606.5914524297615
horizontal_line_1,savgol,savgol window=11 poly=2,296.15708988112164,103.75773445011505,157.15744814309727,228.57141317711606,605.9225384059341
horizontal_line_1,butterworth,butterworth cutoff=10Hz order=4,296.16229071089674,103.78502143627495,157.12833384198083,228.58577923536856,607.0158037146665
horizontal_line_1,moving_average,moving-average window=5,296.1639214606407,103.30052947649222,157.49664825921136,228.55387717545986,604.1791661362141
horizontal_line_1,butterworth,butterworth cutoff=10Hz order=2,296.2302345998146,103.71180255022216,157.30075440630213,228.5884655140174,607.2145888564647
horizontal_line_1,moving_average,moving-average window=11,296.6756336522478,102.42815131140274,159.03082245598293,228.54781322704616,603.5234227742778
horizontal_line_1,butterworth,butterworth cutoff=5Hz order=4,296.7953956813065,103.29200219369764,158.5846505401179,228.6245345397321,609.5865577477526
horizontal_line_1,butterworth,butterworth cutoff=5Hz order=2,296.80312347412496,103.3751033082512,158.52210902387293,228.64037935287902,610.4550641793707
horizontal_line_1,savgol,savgol window=81 poly=2,297.3636828494013,105.84978125577011,157.86774975981155,228.6892154685884,613.7604569636624
horizontal_line_1,moving_average,moving-average window=21,297.5539493499905,101.45541000851682,161.29661012817078,228.53567799129596,602.1561613728783
horizontal_line_1,butterworth,butterworth cutoff=2Hz order=4,298.0065164494087,103.71734274787688,160.34567981716384,228.77906290480936,616.921937517783
horizontal_line_1,butterworth,butterworth cutoff=2Hz order=2,298.8641777480218,104.68775992322267,161.0907918192053,228.9323621821963,622.3739128298859
horizontal_line_1,moving_average,moving-average window=41,299.4193616538251,101.01358241486598,164.97790833597543,228.53993100109594,604.2177002091973
horizontal_line_1,wiener,wiener window=21,299.90229966687764,100.57443846065014,163.1723287617171,230.6533390182867,623.8762855167971
horizontal_line_1,moving_average,moving-average window=81,302.8395110091758,103.50324381392524,169.54883745872078,228.5870505183269,612.3086821418631
horizontal_line_1,butterworth,butterworth cutoff=1Hz order=4,302.93606801561145,109.238403294171,163.6300608571072,230.352850502004,650.568420586187
horizontal_line_1,butterworth,butterworth cutoff=1Hz order=2,303.4142085724567,111.32351251076601,163.36079519212203,230.17495111352397,649.3825350435712
horizontal_line_1,wiener,wiener window=11,322.8640120829683,152.55663793811146,166.2236389958738,230.94879163637225,672.666202122455
horizontal_line_1,wiener,wiener window=41,349.419674516287,214.1252394588769,164.2363343279905,221.97053239619692,669.4677630516476
horizontal_line_1,median,median size=21,353.91464263824435,67.74828144877748,261.77201086357985,228.344386755907,545.0600236955149
horizontal_line_1,median,median size=11,435.99065183895516,251.10356433178427,272.11380143562025,230.19323955991052,888.6055598795988
horizontal_line_1,median,median size=41,662.6929176712416,560.347789903183,235.56341187927964,263.9737420010447,1401.9272498301539
horizontal_line_2,median,median size=5,710.4938119851975,45.539720956291035,109.82769160299203,700.4751736083431,1385.0664152784782
horizontal_line_2,wiener,wiener window=21,738.2362152554107,57.36937722320648,90.0322817062053,730.4763187964611,1462.4298692456844
horizontal_line_2,median,median size=3,742.8824778376321,76.02567182092717,106.69248134516482,731.2394871222206,1473.368322153907
horizontal_line_2,kalman_1d,kalman Q=1e-06 R=1e-03,749.3164653660425,98.56612892538318,111.60220187770466,734.3737686174339,1497.020464730779
horizontal_line_2,kalman_1d,kalman Q=1e-04 R=1e-02,755.8976163638705,101.72573150072351,110.97644838605339,740.7545544097866,1505.3781297903586
horizontal_line_2,kalman_1d,kalman Q=1e-06 R=1e-04,755.9092892074804,101.73432314278065,110.95693951380785,740.7682084016348,1505.397816351707
horizontal_line_2,kalman_1d,kalman Q=1e-06 R=1e-02,756.8968386438706,104.06940483204637,119.28023061359916,740.1585032354596,1519.182806275649
horizontal_line_2,wiener,wiener window=5,758.9874049009813,104.93160564095645,110.46091067391873,743.5385841696622,1508.9763086589428
horizontal_line_2,kalman_1d,kalman Q=1e-04 R=1e-03,759.7829081974506,103.99463071294637,110.50359789444734,744.4757479087118,1511.0585405111892
horizontal_line_2,butterworth,butterworth cutoff=5Hz order=2,759.9224936241417,105.37484476796152,111.41236046282287,744.2886700347948,1510.8178256924703
horizontal_line_2,butterworth,butterworth cutoff=5Hz order=4,759.9423093783671,105.55502291603041,111.21866968023755,744.3123391662133,1510.8377749966194
horizontal_line_2,butterworth,butterworth cutoff=10Hz order=2,760.3430015490462,105.68948001044406,111.078328498865,744.7233169155058,1511.5342514278423
horizontal_line_2,butterworth,butterworth cutoff=10Hz order=4,760.3494609749829,105.71210506073686,111.12409661307534,744.7198727041615,1511.545298508997
horizontal_line_2,savgol,savgol window=41 poly=3,760.4448903245268,106.40199130225815,111.33066950886061,744.6882095845916,1511.6775851917107
horizontal_line_2,savgol,savgol window=21 poly=3,760.4824773782802,105.57578294371704,110.91249968788021,744.906551097662,1511.7836532078425
horizontal_line_2,butterworth,butterworth cutoff=2Hz order=2,760.5392298284836,103.53998140209632,112.82326152150486,744.9632903834971,1512.045948433636
horizontal_line_2,savgol,savgol window=11 poly=2,760.5747457261039,105.54082270309307,110.84437353298208,745.0158410635055,1511.947579863419
horizontal_line_2,kalman_1d,kalman Q=1e-02 R=1e-02,760.5882239281149,105.16445590524182,110.51147412372083,745.1322685800694,1512.084243012887
horizontal_line_2,kalman_1d,kalman Q=1e-04 R=1e-04,760.5941171505327,105.16338839856462,110.50184935484312,745.1398620887829,1512.094502453366
horizontal_line_2,butterworth,butterworth cutoff=1Hz order=4,760.6587697854893,100.4409048639031,115.73029963695335,745.0636794446735,1512.5087088931605
horizontal_line_2,savgol,savgol window=7 poly=2,760.7406421486625,105.79540156885342,110.75228872232454,745.1627930636441,1512.222925282196
horizontal_line_2,kalman_1d,kalman Q=1e-02 R=1e-03,760.8004955534011,105.61059952629925,110.54825389943343,745.2804028429722,1512.3498189657885
horizontal_line_2,butterworth,butterworth cutoff=20Hz order=2,760.8075301163284,105.82967847941165,110.6963180669985,745.2345283204893,1512.3377694807864
horizontal_line_2,savgol,savgol window=81 poly=2,760.8202503535978,104.58326154477152,109.79588198081403,745.5566102267651,1512.41256429004
horizontal_line_2,savgol,savgol window=11 poly=3,760.8353270790467,105.85939940075276,110.60076303554847,745.2728719777382,1512.3828948975708
horizontal_line_2,kalman_1d,kalman Q=1e-02 R=1e-04,760.8372950361422,105.68880378057023,110.55579229988922,745.3057648121942,1512.3973117847424
horizontal_line_2,raw,raw,760.8417802942415,105.698339845459,110.55672363278643,745.3088530634856,1512.4031087898477
horizontal_line_2,savgol,savgol window=21 poly=2,760.8522220263462,105.78061940994242,110.39807909227365,745.3313548029583,1512.413227160563
horizontal_line_2,butterworth,butterworth cutoff=1Hz order=2,760.870429985967,100.40509179752885,116.483580127956,745.1672324577444,1512.8821880692592
horizontal_line_2,moving_average,moving-average window=5,760.8931665353508,105.98505885378134,110.57534285779289,745.3178326941031,1512.4765342802903
horizontal_line_2,butterworth,butterworth cutoff=20Hz order=4,760.893880656483,105.86544374479651,110.64663170531777,745.3249816915219,1512.4870130959964
horizontal_line_2,savgol,savgol window=7 poly=3,760.9257418336808,105.7458703533074,110.50197976084344,745.395940394964,1512.5473317884057
horizontal_line_2,butterworth,butterworth cutoff=2Hz order=4,760.9656421384803,104.01186974598367,112.73534765740594,745.3462154299425,1512.7706531520193
horizontal_line_2,moving_average,moving-average window=11,760.9987066267191,106.1739780381741,110.49297372545321,745.4109072400234,1512.6484145883605
horizontal_line_2,savgol,savgol window=81 poly=3,761.0952390340223,106.2076148345311,111.36759891135225,745.3745121374459,1512.8394061644296
horizontal_line_2,savgol,savgol window=41 poly=2,761.1294484474835,104.51643412156079,109.99186842844121,745.8526269794215,1512.9680914626806
horizontal_line_2,moving_average,moving-average window=21,761.7625836810712,106.52132927076254,110.22163831052397,746.1813658588608,1513.966651366711
horizontal_line_2,moving_average,moving-average window=81,762.315810714244,106.92459464484773,110.06493714855104,746.7116149728993,1514.8546487698025
horizontal_line_2,moving_average,moving-average window=41,762.8155738748562,106.44145085413294,110.1552537703585,747.2774835045423,1515.8163386437568
horizontal_line_2,wiener,wiener window=81,763.5158824216301,131.84591848600542,101.1849177890009,745.207869591227,1524.1626636105163
horizontal_line_2,wiener,wiener window=11,769.0647134242728,116.35440290990711,109.80684296678689,752.2397514060962,1529.615307715448
horizontal_line_2,wiener,wiener window=41,778.9317804668237,106.86434146829855,100.54797222913108,764.9868210788816,1557.8910157519801
horizontal_line_2,median,median size=11,784.7243388353364,427.0571279923998,18.54366273436484,658.0810208202582,1626.7739385968239
horizontal_line_2,median,median size=21,1090.4360198201582,756.7157326451864,14.761748640173572,784.9930598836983,2387.9660467588196
horizontal_line_2,median,median size=41,1226.8054616389736,935.1201145514966,11.265423590055548,794.0246232326472,2719.588845521679
vertical_line_1,median,median size=11,512.8924570750919,465.1475108624952,156.4628446413024,149.0498034540855,1014.574965208252
vertical_line_1,median,median size=21,550.5105760900251,452.17853703361584,134.45827362046828,283.7559474057123,1413.3825181694492
vertical_line_1,median,median size=41,821.433790498999,414.54810325374086,172.74286207977664,687.7959332990902,2208.328139362626
vertical_line_1,kalman_1d,kalman Q=1e-06 R=1e-02,1025.15565268936,257.2530890397594,170.21997902385527,977.6451908343681,1967.5069815568174
vertical_line_1,median,median size=5,1089.346518243844,251.64826059542088,155.00509163276826,1048.4857706794126,2000.2798380939785
vertical_line_1,kalman_1d,kalman Q=1e-06 R=1e-03,1127.8423475077495,249.8289814122454,146.38791146629669,1090.0387241996712,2136.0352058785707
vertical_line_1,median,median size=3,1136.9850947416844,240.6779237380157,147.88917233811094,1101.334660943286,2129.12238011066
vertical_line_1,wiener,wiener window=11,1140.581410163725,208.78912073647058,135.201276953553,1113.1278771925945,2134.039116398354
vertical_line_1,kalman_1d,kalman Q=1e-04 R=1e-02,1161.2625396459832,242.4153242397613,141.53081250455526,1126.8249756153662,2191.2575196355383
vertical_line_1,kalman_1d,kalman Q=1e-06 R=1e-04,1161.3005712562276,242.4291435741488,141.5281685810151,1126.8615286023607,2191.3253385360345
vertical_line_1,butterworth,butterworth cutoff=1Hz order=2,1162.6591755161262,229.44123923091982,139.1443388320245,1131.2700513683799,2191.8764259250897
vertical_line_1,butterworth,butterworth cutoff=1Hz order=4,1163.3741945691386,231.10538766263429,141.05623867104185,1131.429606256913,2193.1649428533656
vertical_line_1,butterworth,butterworth cutoff=2Hz order=2,1169.4475297159643,234.52104611543982,140.03361156010357,1137.100695330508,2203.9081285476964
vertical_line_1,butterworth,butterworth cutoff=2Hz order=4,1169.4747157201032,234.4111202277627,139.36263500386266,1137.2337461520217,2203.942017344146
vertical_line_1,kalman_1d,kalman Q=1e-04 R=1e-03,1171.7126987961126,238.84121826579883,140.5339125430936,1138.4707903159874,2208.4912158758725
vertical_line_1,savgol,savgol window=81 poly=3,1174.8348338745307,237.64999939506575,138.10042726954794,1142.2292399778994,2213.375879014708
vertical_line_1,butterworth,butterworth cutoff=5Hz order=2,1174.865336909598,237.5461518386245,141.36200940205424,1141.8831673670377,2213.563417678334
vertical_line_1,savgol,savgol window=41 poly=2,1175.2321268280555,237.68218306530565,140.0184995436625,1142.3977203967306,2214.1779564102408
vertical_line_1,butterworth,butterworth cutoff=5Hz order=4,1175.2632404969825,237.7632517617941,141.615405927405,1142.2160029430254,2214.2775438244485
vertical_line_1,kalman_1d,kalman Q=1e-02 R=1e-02,1175.5203331684265,238.16407706885374,140.67292018185498,1142.513481589543,2214.848775518952
vertical_line_1,kalman_1d,kalman Q=1e-04 R=1e-04,1175.5302141383847,238.16524537315837,140.67082710767227,1142.5236621835995,2214.8664252272806
vertical_line_1,savgol,savgol window=21 poly=2,1175.858971931762,238.2449215558222,140.5020271694617,1142.8660724628028,2215.294724940585
vertical_line_1,butterworth,butterworth cutoff=10Hz order=2,1176.5060319826496,238.11961399258902,140.98113113296057,1143.4989345810739,2216.4777067076834
vertical_line_1,savgol,savgol window=11 poly=2,1176.5647607236922,238.04625415870777,141.54041974504497,1143.5055428970177,2216.6032617261835
vertical_line_1,butterworth,butterworth cutoff=10Hz order=4,1176.642343648885,238.18070126301512,140.95848037036757,1143.6292516480485,2216.7195819666445
vertical_line_1,kalman_1d,kalman Q=1e-02 R=1e-03,1176.699138253354,238.15255945235023,140.69121086200732,1143.7264548740065,2216.837316309729
vertical_line_1,kalman_1d,kalman Q=1e-02 R=1e-04,1176.89065140035,238.1585466778167,140.69418870619904,1143.9218755064326,2217.161005767726
vertical_line_1,savgol,savgol window=7 poly=2,1176.8972204638428,238.32501867575166,140.46761425944248,1143.9218077967487,2217.156788621679
vertical_line_1,raw,raw,1176.9139047600024,238.15932098301735,140.6945581840484,1143.945592387916,2217.2003105816375
vertical_line_1,butterworth,butterworth cutoff=20Hz order=2,1176.9243871365416,238.25138990409394,140.66778388511955,1143.9404979378696,2217.2147008140105
vertical_line_1,butterworth,butterworth cutoff=20Hz order=4,1176.950968318334,238.26848803921348,140.68079138726003,1143.9626848667858,2217.2622005944195
vertical_line_1,savgol,savgol window=7 poly=3,1176.9572834955538,238.12737944482643,140.79214618833237,1143.9848643682558,2217.282554845237
vertical_line_1,savgol,savgol window=11 poly=3,1177.1421136432239,238.27391822744576,140.07909288824447,1144.2320321248585,2217.5869353670414
vertical_line_1,savgol,savgol window=41 poly=3,1177.3556332678654,237.9468424383144,141.09458808121704,1144.394994997533,2218.0115888201517
vertical_line_1,savgol,savgol window=21 poly=3,1177.357739808788,238.03040554862545,141.23090989321798,1144.36296847318,2218.019531229306
vertical_line_1,moving_average,moving-average window=5,1177.6999075780739,238.1119138716244,140.68837376580763,1144.7648537009375,2218.6146102367047
vertical_line_1,savgol,savgol window=81 poly=2,1178.0040230414081,238.0457561892015,143.9959259795232,1144.6802477387967,2219.295887347543
vertical_line_1,moving_average,moving-average window=11,1178.6695367585226,237.6543199150051,140.85066324808918,1145.83741943212,2220.3802977329533
vertical_line_1,moving_average,moving-average window=21,1180.098619296646,236.75774938212317,140.2213869284368,1147.5698157503218,2222.9641962798064
vertical_line_1,moving_average,moving-average window=41,1183.2178730010157,235.1747330184117,139.3837472923287,1151.2035228097225,2228.60292970651
vertical_line_1,moving_average,moving-average window=81,1190.8833786127266,234.14349582119132,138.87170187116678,1159.3509801781775,2242.3817060650986
vertical_line_1,wiener,wiener window=5,1201.2014719544597,252.657645051022,142.36229622656245,1165.6680776430023,2274.6102747628925
vertical_line_1,wiener,wiener window=81,1250.7005474471607,279.99969026819554,134.34871214901622,1211.5289746342196,2359.5211709114737
vertical_line_1,wiener,wiener window=41,1340.2110272949244,290.60254374571844,131.0975724797223,1301.7408289445937,2573.1105524073955
vertical_line_1,wiener,wiener window=21,1546.727156210379,247.07141544534645,135.3044597585405,1520.8594000097214,3057.857405231792
vertical_line_2,wiener,wiener window=81,362.92659618533537,101.54740087975526,132.39244634532892,322.29812246418527,500.74925861965636
vertical_line_2,wiener,wiener window=11,404.61635327515097,112.56075645867084,139.54242762401864,362.729072912455,572.1435076324607
vertical_line_2,median,median size=5,431.9569775038629,127.36170514650294,110.5020617755272,397.68721480556246,659.2032151299429
vertical_line_2,median,median size=3,457.32941202836133,104.80030993683013,116.78003712785541,429.5689805744448,703.9003706404444
vertical_line_2,kalman_1d,kalman Q=1e-06 R=1e-03,469.27143439620664,113.6539928686955,130.89620050361543,436.078701313184,735.3576554439601
vertical_line_2,kalman_1d,kalman Q=1e-04 R=1e-02,470.43566085183477,111.60537594169963,132.0658711948784,437.50720762925977,732.6986413501429
vertical_line_2,kalman_1d,kalman Q=1e-06 R=1e-04,470.4419343483042,111.55412102556976,132.0592178204693,437.5290329386525,732.7070106135911
vertical_line_2,butterworth,butterworth cutoff=1Hz order=2,470.59377098727305,125.83695722988236,131.23667450246094,434.05125590497016,731.6154904929144
vertical_line_2,butterworth,butterworth cutoff=1Hz order=4,471.4996133798906,123.37043211557668,131.56418664007836,435.64031802708166,733.0355601720183
vertical_line_2,kalman_1d,kalman Q=1e-04 R=1e-03,473.2938962419485,110.76650348173142,132.2938972252856,440.72238277997803,736.1565133385456
vertical_line_2,butterworth,butterworth cutoff=2Hz order=2,474.00125634514205,117.53590819728187,132.80249578124906,439.57479274326516,737.1303640477347
vertical_line_2,moving_average,moving-average window=81,474.27938291788826,109.92739526987977,133.23185578357092,441.70824469848674,737.3580808914694
vertical_line_2,kalman_1d,kalman Q=1e-04 R=1e-04,474.49771951582426,110.90178019285622,132.91942297661268,441.7932864715551,737.8230934229189
vertical_line_2,kalman_1d,kalman Q=1e-02 R=1e-02,474.49955209519607,110.92757055256945,132.92985161651401,441.78564211510763,737.8277278159799
vertical_line_2,savgol,savgol window=81 poly=2,474.50793009432726,112.99295618825245,133.0918958992453,441.22206973381003,737.7850489126238
vertical_line_2,butterworth,butterworth cutoff=5Hz order=4,474.5443105236463,113.22528646437463,133.2756943857916,441.14615088585794,737.8876889675646
vertical_line_2,savgol,savgol window=21 poly=2,474.68135687097197,111.9844338852883,133.19774260894792,441.633602086774,738.0660380857374
vertical_line_2,butterworth,butterworth cutoff=5Hz order=2,474.6953044390266,113.40273079275657,133.41430488210707,441.2211191205946,738.1611169070603
vertical_line_2,savgol,savgol window=41 poly=3,474.8490300989093,111.77845331151799,132.97122423488065,441.9341945206737,738.3384013777188
vertical_line_2,savgol,savgol window=11 poly=2,474.93871153247136,111.47849189153887,133.1066747351431,442.0655366556694,738.4861091430172
vertical_line_2,butterworth,butterworth cutoff=2Hz order=4,474.9528427141767,117.29329152517474,133.12624685523568,440.5676894232107,738.7718369742663
vertical_line_2,kalman_1d,kalman Q=1e-02 R=1e-03,474.96530876372856,111.08359224646509,133.35773833553472,442.11785045242874,738.54267512405
vertical_line_2,butterworth,butterworth cutoff=10Hz order=2,474.98462827376403,112.36911397223292,133.89875636958325,441.6499772038261,738.6310931529438
vertical_line_2,butterworth,butterworth cutoff=10Hz order=4,475.0296228106674,112.36170782748471,133.99708347096828,441.67043231691457,738.7117845711568
vertical_line_2,kalman_1d,kalman Q=1e-02 R=1e-04,475.04895203425986,111.11121991212491,133.43601863469624,442.177150664085,738.6738224699546
vertical_line_2,raw,raw,475.05916483651225,111.11459271807121,133.4455780264839,442.1843903683612,738.6898514177358
vertical_line_2,savgol,savgol window=7 poly=3,475.12831378405406,110.92821704638791,133.3591667286022,442.33152484493,738.7983974713311
vertical_line_2,savgol,savgol window=21 poly=3,475.145599790979,111.07196898794545,133.6431709112245,442.2282912418238,738.8441133297077
vertical_line_2,savgol,savgol window=11 poly=3,475.1548547379074,111.4687300567916,134.0575844026092,442.01292092501694,738.8911929503182
vertical_line_2,savgol,savgol window=7 poly=2,475.18159128238824,111.86126319779807,133.99096017768508,441.96269648027715,738.9521843621475
vertical_line_2,butterworth,butterworth cutoff=20Hz order=2,475.2291190097782,111.5693131718192,133.80000625863076,442.1454084782163,739.0151839241665
vertical_line_2,savgol,savgol window=81 poly=3,475.2898833430674,110.56748801379075,133.4955013344914,442.55423953007124,739.085896161145
vertical_line_2,butterworth,butterworth cutoff=20Hz order=4,475.29980579498437,111.50333724741547,133.77941410325738,442.24425325110576,739.1337989665086
vertical_line_2,moving_average,moving-average window=5,475.3412196967626,111.25994440032862,133.75001775426105,442.35894098071145,739.1940908936255
vertical_line_2,moving_average,moving-average window=11,475.4910020111279,111.00035372659946,133.52505867415545,442.652994084734,739.4355645076031
vertical_line_2,savgol,savgol window=41 poly=2,475.49149678844435,111.38131260835358,134.0387396611188,442.40251241354196,739.472233943058
vertical_line_2,moving_average,moving-average window=21,476.0583100418378,110.80987149552203,133.45338859051216,443.3315689331702,740.4094960512083
vertical_line_2,moving_average,moving-average window=41,476.3467345064481,110.2485615453486,133.50348569915212,443.76602557914947,740.8991907580227
vertical_line_2,kalman_1d,kalman Q=1e-06 R=1e-02,477.2773495002126,114.32365294430805,121.6878777938584,447.11948193010386,759.477206436804
vertical_line_2,wiener,wiener window=41,479.5233910024851,124.1744462960638,125.72230360101774,445.7771772790097,753.2764946874257
vertical_line_2,wiener,wiener window=21,487.8115147516428,105.40581906093094,126.25809231448362,459.24784306242947,765.9160570166551
vertical_line_2,wiener,wiener window=5,487.83553359049563,112.61934152634403,135.05103493126236,455.0402286740055,766.7713355634769
vertical_line_2,median,median size=41,490.10294281456027,464.97880135968205,121.86596956974181,95.62580353875335,1101.127300154872
vertical_line_2,median,median size=11,789.3961260071853,349.7921154876861,112.77571391921867,698.6224717598283,1538.7878039695684
vertical_line_2,median,median size=21,1064.0578319783774,506.0205808482966,105.95644982838081,930.0190709293239,2216.239410142566
square_1,wiener,wiener window=21,758.6007423343847,66.52218867814872,526.4166067512887,542.1581326699871,1149.9354656847845
square_1,kalman_1d,kalman Q=1e-06 R=1e-02,785.1289168731679,103.86222139555657,561.7705802439143,538.5664956619844,1246.393913783147
square_1,median,median size=3,785.137839875083,52.22834945269317,523.3423729054182,582.9462992754006,1203.36752414813
square_1,wiener,wiener window=81,790.2834592805373,57.25640518571905,522.8513523949072,589.8271894177462,1207.9003080232203
square_1,wiener,wiener window=5,791.8986474546125,58.46992280337007,530.7783211887653,584.7726991950362,1220.1050584903314
square_1,moving_average,moving-average window=41,792.33150001118,54.92174017198658,525.649213283953,590.3098448615004,1222.899256788231
square_1,moving_average,moving-average window=21,792.718273073541,56.11223682878104,527.7911859370074,588.803992335289,1224.3034279447354
square_1,moving_average,moving-average window=11,793.0835471228298,56.82029898848041,528.2408664332188,588.8247221114887,1225.1595663414232
square_1,savgol,savgol window=21 poly=3,793.2528191961683,57.52112335690972,528.4837229641438,588.7667705402421,1225.6493111697562
square_1,moving_average,moving-average window=5,793.4551835060544,57.26615248384896,528.554359401484,589.0008532846194,1225.925193372841
square_1,savgol,savgol window=11 poly=3,793.7092472949168,57.482227022782844,528.6802142126132,589.2091257932707,1226.4061425985951
square_1,moving_average,moving-average window=81,793.7305673488686,53.821641451566244,522.4872774582448,595.0785572928057,1224.1005059559009
square_1,raw,raw,793.7640413294354,57.5559888100843,528.955568932575,589.0285795739852,1226.5704997763423
square_1,kalman_1d,kalman Q=1e-02 R=1e-04,793.7698439117032,57.563353997289106,528.964749497296,589.0274349887749,1226.5854082760789
square_1,savgol,savgol window=7 poly=3,793.7965812514756,57.5509679590391,529.016328690731,589.0183549534671,1226.6339868044147
square_1,kalman_1d,kalman Q=1e-02 R=1e-03,793.8180756181108,57.62407334899222,529.0406581132518,589.0183234941067,1226.7089712117277
square_1,savgol,savgol window=7 poly=2,793.8296995155698,57.4727778191248,528.950765740818,589.1294926117139,1226.654112349694
square_1,butterworth,butterworth cutoff=20Hz order=4,793.8851039822792,57.47112659919513,529.0855069981521,589.0833168719702,1226.7707519706748
square_1,butterworth,butterworth cutoff=20Hz order=2,793.924932972451,57.44952949654505,529.0937587782084,589.1316874671427,1226.8306295204338
square_1,savgol,savgol window=41 poly=2,794.0538848751074,57.24486856446296,529.0745142434182,589.3426469265386,1226.9875933717294
square_1,kalman_1d,kalman Q=1e-04 R=1e-04,794.1342729023179,58.008454752766504,529.5076980219907,588.987147831548,1227.5060025896437
square_1,kalman_1d,kalman Q=1e-02 R=1e-02,794.1495588103629,58.00187886433826,529.525300834565,588.9925802444069,1227.5325584647605
square_1,savgol,savgol window=11 poly=2,794.158864828488,57.46892821828899,529.4742918823973,589.1032160078129,1227.2892106309193
square_1,savgol,savgol window=81 poly=3,794.1652711912368,57.47981333938896,529.4812352526818,589.1045497532795,1227.3318940471113
square_1,savgol,savgol window=41 poly=3,794.2468151529097,57.53450854393436,530.1571454213143,588.6010404899667,1227.5888627724657
square_1,butterworth,butterworth cutoff=10Hz order=4,794.3365382522808,57.27546391602298,529.398063292457,589.4300194408299,1227.5082230589346
square_1,butterworth,butterworth cutoff=10Hz order=2,794.3638993893046,57.26826535306764,529.6509393663276,589.2403863151258,1227.6046788051685
square_1,savgol,savgol window=81 poly=2,794.3887000061529,57.21560693372535,529.6532266501553,589.2768793358098,1227.586545447755
square_1,savgol,savgol window=21 poly=2,794.9050476361928,57.392686249889174,530.4279728410761,589.2590940751157,1228.6602647619104
square_1,kalman_1d,kalman Q=1e-04 R=1e-03,795.2060078017957,59.44526002566351,530.8231195767503,589.1058237934488,1230.2224961288896
square_1,butterworth,butterworth cutoff=5Hz order=4,795.2068945027527,57.041782207591,531.5559066810055,588.6837505994437,1229.3006778140461
square_1,butterworth,butterworth cutoff=5Hz order=2,795.4371932829375,56.972725833089214,531.871042586637,588.7169362493224,1229.7175788387674
square_1,kalman_1d,kalman Q=1e-06 R=1e-03,795.5637365490943,77.48493303243433,545.1152015098778,574.253568685264,1242.6492202159384
square_1,wiener,wiener window=41,796.2752254074925,46.878374046483835,522.3982206431978,599.1299956715002,1232.9725207965787
square_1,kalman_1d,kalman Q=1e-06 R=1e-04,796.9663859887683,64.3004094633254,534.1453219434189,587.9707924589522,1236.0287063759351
square_1,kalman_1d,kalman Q=1e-04 R=1e-02,797.0081589559611,64.28434828326101,534.1956238430961,587.9834721104432,1236.1028321363315
square_1,butterworth,butterworth cutoff=2Hz order=4,800.1635731318255,55.78243259210508,537.3161216261658,590.2892929926926,1238.0937491555164
square_1,butterworth,butterworth cutoff=2Hz order=2,800.1970291437725,55.81329892588425,537.1914013783606,590.4452213361393,1238.1260770783563
square_1,wiener,wiener window=11,802.8757774916539,55.05125751717571,521.9473955706471,607.576982271073,1239.634143734991
square_1,butterworth,butterworth cutoff=1Hz order=4,807.4042046002539,54.595283424312136,543.1443896397352,594.9076202544958,1250.5134344490577
square_1,butterworth,butterworth cutoff=1Hz order=2,811.2401241506577,54.58302840954094,545.1969147873217,598.2403832474065,1257.0306666777672
square_1,median,median size=5,815.4575492519457,92.49651004976805,533.477369355772,609.7682401091812,1285.9076155395176
square_1,median,median size=11,866.1225155447604,231.1788954251664,516.6584385739257,655.5826325444693,1437.8104767586447
square_1,median,median size=41,877.8667104503339,221.41249112862636,529.8169815973454,664.0184004228985,1421.2698784186275
square_1,median,median size=21,945.3550474704458,212.5461877126278,509.84144038232137,767.1909733147,1599.6705609988019
square_2,median,median size=41,513.8251932170617,229.15760493825275,351.04240481694217,297.1066328843108,826.2990639746679
square_2,median,median size=21,520.063965360222,313.8935302756392,330.52895060698347,250.3757027507679,923.9460965382057
square_2,median,median size=11,576.8053998224033,368.9062637847314,336.93041653838316,288.2542839507233,1045.120654213347
square_2,median,median size=5,580.5541535895004,99.0364853947135,308.80123426653745,481.5357697265561,871.6678294297068
square_2,butterworth,butterworth cutoff=1Hz order=2,584.603363359479,51.46114645872525,310.0143588606786,492.954298243327,872.3008745057766
square_2,butterworth,butterworth cutoff=1Hz order=4,584.9703253304857,51.479851262616776,309.40700497350485,493.76858112334236,872.8070079653833
square_2,wiener,wiener window=41,585.4558907904824,55.390342647563784,304.30270949552227,497.08185542860696,863.0786802762353
square_2,wiener,wiener window=21,586.7432431700831,58.2468724520686,313.4040538020639,492.5980453835893,881.7325577378273
square_2,median,median size=3,587.3612309186587,52.72480341666571,308.8589838340757,496.80925796117987,875.4009203686272
square_2,butterworth,butterworth cutoff=2Hz order=4,587.909087438472,51.50900275137108,310.4652219366132,496.5835918515087,877.8414964726502
square_2,butterworth,butterworth cutoff=2Hz order=2,587.9632125835743,51.48920990268336,310.7616717470755,496.46428269127045,878.0061455443238
square_2,wiener,wiener window=5,588.4195551668973,51.66033398993512,310.4796814817702,497.1631021926669,877.8655828972087
square_2,moving_average,moving-average window=81,589.4952113987348,51.69248434777016,303.4161948935487,502.7634672490781,879.7312222646883
square_2,moving_average,moving-average window=41,590.0226656041344,51.64558535138749,306.83739193384775,501.30858196479653,880.9485091892212
square_2,kalman_1d,kalman Q=1e-06 R=1e-02,590.1329211064412,51.98168010453236,359.1487098316542,465.3675684159669,908.6463864481324
square_2,butterworth,butterworth cutoff=5Hz order=2,590.6779081984567,51.475791343280946,311.3249991136701,499.326926037602,882.7262018599349
square_2,moving_average,moving-average window=21,590.7734610338302,51.544241208133435,309.3379257712954,500.66607748047085,882.5819591212437
square_2,butterworth,butterworth cutoff=5Hz order=4,590.8729692272282,51.4701120388071,311.50864146093767,499.44375021144737,883.0908477704446
square_2,savgol,savgol window=41 poly=2,591.1839201217073,51.503241384872986,309.94029294270865,500.78224643841827,883.4099908235097
square_2,savgol,savgol window=21 poly=2,591.2474009369737,51.467887144476386,311.17352486983816,500.09557399330197,883.7145124247892
square_2,savgol,savgol window=81 poly=2,591.255407346331,51.458060470789576,310.3882985759081,500.59377626575963,883.7192744711101
square_2,moving_average,moving-average window=11,591.4353402341458,51.50995860691982,310.27534700526206,500.8709363528266,883.8557750028759
square_2,savgol,savgol window=81 poly=3,591.5012722726105,51.507035279599044,311.23018224804366,500.3564270344418,884.0371027295653
square_2,kalman_1d,kalman Q=1e-02 R=1e-02,591.5310848242481,51.431942679101205,311.1361684332918,500.4578546473777,884.318183900491
square_2,kalman_1d,kalman Q=1e-04 R=1e-04,591.5333877775382,51.4319644217506,311.13135977466834,500.46356396450784,884.3216939198153
square_2,savgol,savgol window=41 poly=3,591.5554992865102,51.46571144324191,311.80261194113046,500.06831580139334,884.299853492945
square_2,kalman_1d,kalman Q=1e-04 R=1e-03,591.6293529518312,51.2858736165541,312.13323660834396,499.9678920150661,885.0940302318068
square_2,butterworth,butterworth cutoff=10Hz order=2,591.6501548111025,51.48237732154277,311.1699760297945,500.5723889018859,884.3587448147532
square_2,kalman_1d,kalman Q=1e-02 R=1e-03,591.6606558807656,51.471895173529845,310.9538342880753,500.72017002118764,884.39326983468
square_2,kalman_1d,kalman Q=1e-02 R=1e-04,591.6869197974466,51.47804343855406,310.9298032048841,500.76549360164637,884.4162557254442
square_2,raw,raw,591.690137544856,51.47878904953568,310.92692190220794,500.7710079290357,884.4191068803873
square_2,savgol,savgol window=7 poly=3,591.7060905920625,51.474536769415074,310.9539508339956,500.773511848266,884.4608292225297
square_2,moving_average,moving-average window=5,591.7285970890352,51.48922066518932,310.7520459559009,500.9239051018337,884.4434122585404
square_2,savgol,savgol window=11 poly=2,591.7292664146963,51.47792188224774,311.0561285502484,500.73708988019973,884.4983314977223
square_2,savgol,savgol window=7 poly=2,591.7524146747411,51.48316443108527,310.9891692041259,500.80549187411685,884.5179343402041
square_2,butterworth,butterworth cutoff=20Hz order=2,591.756665566057,51.47723916922835,311.03417887273383,500.7831713050435,884.5453089219787
square_2,savgol,savgol window=11 poly=3,591.7570501675069,51.48289530815401,310.95952501717073,500.8294038040645,884.5244412463168
square_2,butterworth,butterworth cutoff=20Hz order=4,591.7614088380044,51.47520822015411,311.0232124534798,500.795795952551,884.5585280451008
square_2,butterworth,butterworth cutoff=10Hz order=4,591.8092252571519,51.48559151003917,311.151097024878,500.77179212346476,884.6206798499529
square_2,savgol,savgol window=21 poly=3,591.8303869278567,51.48610463115169,310.87800161373104,500.96632225503924,884.6347392989945
square_2,kalman_1d,kalman Q=1e-04 R=1e-02,593.2002409968896,50.95849295074457,316.6088067985239,499.0477145249458,889.8043931284085
square_2,kalman_1d,kalman Q=1e-06 R=1e-04,593.2158348302606,50.95844924199475,316.6038440209127,499.06940308477704,889.8305060700774
square_2,kalman_1d,kalman Q=1e-06 R=1e-03,595.8279629166904,50.53456827219307,330.80645759446503,492.97495516181897,900.136867920561
square_2,wiener,wiener window=81,598.4589534528842,52.34053530002545,295.6511576927394,517.691008505432,895.328008717796
square_2,wiener,wiener window=11,601.220041712223,51.66984354665015,308.4821517180106,513.4535304151079,909.4853957466959
triangle_1,median,median size=11,790.9235363146206,98.0798212072178,776.8616758558926,111.47342981517673,1305.3738895467545
triangle_1,median,median size=3,797.903867690756,117.6067268816217,782.1768258413168,104.96977176721475,1322.7328294367776
triangle_1,moving_average,moving-average window=81,798.0811174772591,119.0423607767452,780.6663014857764,115.42318718077681,1324.5411056385383
triangle_1,median,median size=5,799.7537590192582,131.69577525783689,778.1935053544203,129.14010248126215,1320.4712532707695
triangle_1,wiener,wiener window=11,799.8178367799078,80.41467196770787,789.1011281947339,102.76897413818615,1324.9782277286113
triangle_1,moving_average,moving-average window=41,802.5777265155474,119.77783899923263,785.5923902797689,112.37825731901198,1333.1311911730286
triangle_1,median,median size=21,803.4687000658182,174.6054318521681,776.1608859576424,112.46854788171267,1338.327445425154
triangle_1,savgol,savgol window=81 poly=2,803.7943549292656,119.35607236320438,787.6365472457068,107.08950671772268,1336.402980837509
triangle_1,savgol,savgol window=21 poly=3,803.9814427469659,119.72941840340634,787.6618687092655,107.88793830499546,1336.6068066224896
triangle_1,moving_average,moving-average window=21,804.1468010523416,119.71214586590823,787.4942964665083,110.33500264019865,1336.3249505560527
triangle_1,moving_average,moving-average window=11,804.253685452285,119.73835928351063,787.7785540510764,109.04891405636049,1336.8100735418475
triangle_1,moving_average,moving-average window=5,804.3583305453408,119.46580310932956,788.0419070601774,108.21367068023008,1337.1619784912123
triangle_1,savgol,savgol window=11 poly=2,804.4361450244471,119.81344913455968,788.114766395667,107.87661385757701,1337.4133159602563
triangle_1,savgol,savgol window=7 poly=2,804.4371214558853,119.44297907407046,788.1796699774145,107.82052198183717,1337.3912038465435
triangle_1,butterworth,butterworth cutoff=10Hz order=4,804.4567741183884,119.86908531225349,788.1203703238845,107.92768732772255,1337.4429400869255
triangle_1,butterworth,butterworth cutoff=20Hz order=4,804.4742045466994,119.30815195781537,788.2442054665908,107.7746872219933,1337.4534700111878
triangle_1,butterworth,butterworth cutoff=20Hz order=2,804.4747960236629,119.37305815769068,788.2325703356298,107.792325726283,1337.4568278733946
triangle_1,raw,raw,804.4889360263505,119.34001634528033,788.2575410000076,107.7518340639234,1337.4879339620868
triangle_1,kalman_1d,kalman Q=1e-02 R=1e-04,804.4913818654131,119.33747496497772,788.2619638096222,107.7405539975696,1337.4974118674818
triangle_1,savgol,savgol window=11 poly=3,804.4917959956647,119.2071585085707,788.2820350446759,107.74106185882349,1337.4822527039926
triangle_1,kalman_1d,kalman Q=1e-02 R=1e-03,804.5113713178225,119.31634874809626,788.2982619262701,107.64759981127013,1337.5752608477442
triangle_1,savgol,savgol window=7 poly=3,804.5125708376762,119.2632111416599,788.2970536574592,107.72426977703701,1337.5281471939907
triangle_1,savgol,savgol window=41 poly=2,804.527979042469,119.22176191689519,788.3159327637812,107.7470681659617,1337.5487596398111
triangle_1,butterworth,butterworth cutoff=10Hz order=2,804.5387070299277,119.84532446357275,788.2039398027157,107.9545209478771,1337.5775170109405
triangle_1,kalman_1d,kalman Q=1e-04 R=1e-04,804.6148502650872,119.15128097157894,788.5101442414078,107.05037103314822,1338.0302787833066
triangle_1,kalman_1d,kalman Q=1e-02 R=1e-02,804.6164771877415,119.15782459064079,788.5103745732581,107.05361923437047,1338.0329954503343
triangle_1,kalman_1d,kalman Q=1e-04 R=1e-03,804.7767504490989,118.43136046036012,789.0845498320571,104.81032458331158,1339.3794146923408
triangle_1,savgol,savgol window=41 poly=3,804.8161600512526,119.74324566709979,788.4921387061306,108.03126304632458,1338.0333950293386
triangle_1,butterworth,butterworth cutoff=5Hz order=4,805.1737077121214,120.2396507484268,788.7507814743122,108.25585758952165,1338.656658234505
triangle_1,butterworth,butterworth cutoff=5Hz order=2,805.2288900550441,120.23797460693561,788.8094665646267,108.24056679327319,1338.7567402280106
triangle_1,savgol,savgol window=21 poly=2,805.2817851780367,119.23077213736713,789.0830559546889,107.75299216384947,1338.8639126662504
triangle_1,savgol,savgol window=81 poly=3,805.2923713938824,119.61650141812693,788.9534437097799,108.35201738845979,1338.7993949029071
triangle_1,kalman_1d,kalman Q=1e-06 R=1e-04,805.6956858952472,117.2514969656081,790.9322025069874,99.1154668403607,1344.361480382433
triangle_1,kalman_1d,kalman Q=1e-04 R=1e-02,805.7022299907887,117.26560430488831,790.9362691375447,99.11952190119058,1344.3730756390162
triangle_1,butterworth,butterworth cutoff=1Hz order=2,805.7716720003958,122.64911914554006,789.0648945979215,107.7115271654225,1340.0707937092986
triangle_1,butterworth,butterworth cutoff=1Hz order=4,805.7757734891275,122.19794736854885,789.1908745003269,107.33136729923903,1340.116568016299
triangle_1,wiener,wiener window=5,805.8118023828168,123.79497033586802,788.7577143485088,108.94372049228708,1340.375891332055
triangle_1,butterworth,butterworth cutoff=2Hz order=2,806.4453603239788,121.12097775335727,789.8790412257516,108.51234108814647,1340.9077033031688
triangle_1,butterworth,butterworth cutoff=2Hz order=4,807.3344268985069,121.12246444068583,790.7730755002153,108.6101676975329,1342.4407929458246
triangle_1,wiener,wiener window=21,807.5845699397225,134.60407045525113,787.6790950101504,116.77424846940671,1344.9199668193326
triangle_1,wiener,wiener window=41,808.2685962604254,111.57677842159133,791.8363641374931,117.66018293107027,1342.4960997960611
triangle_1,wiener,wiener window=81,815.938348170107,159.67344864645793,781.8362634309375,170.26988869515276,1364.1696968194674
triangle_1,kalman_1d,kalman Q=1e-06 R=1e-03,816.6675838859502,117.28472854082217,803.1125077134302,90.55680524105662,1373.3327345201237
triangle_1,median,median size=41,819.3747055294646,214.477882163079,782.24093854354,116.07437353205539,1369.5891991182668
triangle_1,kalman_1d,kalman Q=1e-06 R=1e-02,862.7756501148118,125.04684803650417,847.314208442555,103.94104289710485,1481.5537921897005
triangle_2,wiener,wiener window=81,587.9917100996706,40.8717803816941,388.31666646963,439.6292929915837,815.508088052502
triangle_2,kalman_1d,kalman Q=1e-06 R=1e-02,640.4908964595113,42.46585781444341,435.0010129205376,468.1873109405019,986.1881371823301
triangle_2,wiener,wiener window=11,642.5938675771314,38.89578358296065,395.8169796326356,504.72063094518063,946.7479948223546
triangle_2,kalman_1d,kalman Q=1e-06 R=1e-03,644.4877313112125,37.14439074298475,406.33198103538024,498.8777918838134,967.5906916901525
triangle_2,wiener,wiener window=41,649.9596873001813,36.21375565173115,394.3214879087663,515.4092773615575,962.0757157668997
triangle_2,kalman_1d,kalman Q=1e-06 R=1e-04,650.0774887032687,37.34794957936925,399.44019573441955,511.52067603628103,968.5558489802963
triangle_2,kalman_1d,kalman Q=1e-04 R=1e-02,650.0834697034225,37.347402296612934,399.4450165178794,511.5245525899675,968.5657984144448
triangle_2,savgol,savgol window=81 poly=3,650.6454125355289,37.772070321381086,395.93601936861353,514.924647034595,965.9575205221665
triangle_2,wiener,wiener window=5,650.7577363799825,37.409224327191374,395.8112615519205,515.188923233326,964.8603903593178
triangle_2,kalman_1d,kalman Q=1e-04 R=1e-03,651.4451477716605,37.63489020610012,397.5615400838869,514.6933236797844,968.3537185629757
triangle_2,savgol,savgol window=41 poly=2,651.767424150481,37.77175578088406,396.5125347537595,515.8990981113758,967.8862764571593
triangle_2,kalman_1d,kalman Q=1e-04 R=1e-04,651.8651065226024,37.75156121567234,396.83980918452653,515.7723359912702,968.3060482935327
triangle_2,kalman_1d,kalman Q=1e-02 R=1e-02,651.8685342268167,37.751538930416146,396.84061066740463,515.7760530971995,968.3117449310944
triangle_2,savgol,savgol window=21 poly=2,651.9354131168133,37.7705777660855,396.4914334563085,516.127609731128,968.1514630982632
triangle_2,kalman_1d,kalman Q=1e-02 R=1e-03,652.013678075168,37.78485195008079,396.62028544391984,516.1264288278626,968.3626432277833
triangle_2,moving_average,moving-average window=21,652.0310115184155,37.768450121829204,395.6631644147194,516.8835889080381,968.1567645814705
triangle_2,kalman_1d,kalman Q=1e-02 R=1e-04,652.0378878440579,37.79025066008658,396.5835327699685,516.1848561076541,968.3731790829354
triangle_2,raw,raw,652.0408309600496,37.79090682930205,396.5790580638149,516.1919636194546,968.374469595071
triangle_2,moving_average,moving-average window=11,652.0441353870118,37.79204061317466,396.05136026627883,516.6010416076589,968.2876225644363
triangle_2,savgol,savgol window=7 poly=3,652.059473153626,37.793013846884634,396.5990084064157,516.2000301867498,968.4118317501667
triangle_2,savgol,savgol window=11 poly=3,652.0622531817845,37.781348343528514,396.5906999769246,516.210779075431,968.395405373829
triangle_2,savgol,savgol window=11 poly=2,652.0740278492265,37.80591884261599,396.48191715151285,516.3074081086191,968.4348768714938
triangle_2,butterworth,butterworth cutoff=2Hz order=4,652.0834803354322,37.71941544813661,397.056487740841,515.8839564936364,968.3655195049806
triangle_2,moving_average,moving-average window=5,652.0891825779321,37.793173125110634,396.3800475000477,516.405689399479,968.4214580635404
triangle_2,savgol,savgol window=7 poly=2,652.1272575305975,37.78858662371667,396.5827643949375,516.2984541137323,968.5123215268152
triangle_2,butterworth,butterworth cutoff=20Hz order=2,652.1331645241354,37.79211908090759,396.58982408029544,516.3002338209793,968.5289821892019
triangle_2,butterworth,butterworth cutoff=10Hz order=4,652.151986173019,37.79630545090693,396.44783995986324,516.4327280051431,968.5410449465745
triangle_2,butterworth,butterworth cutoff=20Hz order=4,652.1557776149222,37.792896614747015,396.61750547775597,516.3074758228792,968.5720815959953
triangle_2,butterworth,butterworth cutoff=10Hz order=2,652.1788369482177,37.79438273414834,396.5651388840713,516.37671386182,968.6027326227762
triangle_2,savgol,savgol window=21 poly=3,652.2129205197083,37.81058162421737,396.74447360173775,516.2808114549347,968.7154767580661
triangle_2,butterworth,butterworth cutoff=5Hz order=4,652.2217858842414,37.785442928803285,396.8927634605279,516.1798645795561,968.7166472878605
triangle_2,savgol,savgol window=41 poly=3,652.2239319719635,37.8017480693506,396.70915160235944,516.3225099826716,968.7124711397943
triangle_2,butterworth,butterworth cutoff=5Hz order=2,652.2710531319096,37.782513146969805,396.8986190406105,516.2378276122022,968.7929764410875
triangle_2,moving_average,moving-average window=41,652.377158585716,37.735597055461106,394.74839339652203,518.0209336215139,968.4927910233013
triangle_2,butterworth,butterworth cutoff=2Hz order=2,652.5235556605069,37.715710330078416,397.73012605598825,515.9217602637206,969.189498325293
triangle_2,moving_average,moving-average window=81,653.7490155653713,37.6970013423207,392.75958067634923,521.2548543941127,970.227517170729
triangle_2,savgol,savgol window=81 poly=2,653.9637693038311,37.79165436974193,397.72057176611514,517.7439031182374,971.7057269446067
triangle_2,butterworth,butterworth cutoff=1Hz order=2,654.2458773260939,37.73253784260872,399.2856830780348,516.8992811709585,971.9913248173607
triangle_2,butterworth,butterworth cutoff=1Hz order=4,655.0833092234643,37.70470760312444,400.22505780025017,517.2353431045816,973.6469129501108
triangle_2,median,median size=3,656.7884518907751,44.28792843251673,403.0338917856028,516.6946216135682,982.7471885590745
triangle_2,wiener,wiener window=21,665.4024263357236,59.67223551367512,404.76888521397825,524.7492380603347,1003.2771916700353
triangle_2,median,median size=5,679.5552355948751,66.63039214621233,403.3641625066681,542.8195477984764,1040.2063016220936
triangle_2,median,median size=41,704.4565655607979,314.95525461640807,431.8904346216581,458.8386348527592,1188.955536470346
triangle_2,median,median size=11,778.225756817037,308.33553690702684,459.9075737238855,546.8542300148316,1330.015063485801
triangle_2,median,median size=21,788.1154538128617,342.5544956987602,442.7445560701967,554.7608891093763,1375.640384727799
cross_1,wiener,wiener window=21,245.7108749109567,149.10122107917707,8.599482036991015,195.1120417373096,172.55112875854803
cross_1,wiener,wiener window=41,291.88663579312976,175.6240557791942,13.95188114618601,232.72160234662434,291.6835964534648
cross_1,wiener,wiener window=81,297.75613192188285,166.30412901595054,13.701060258658206,246.60480878749385,321.12342731411263
cross_1,moving_average,moving-average window=81,307.0104354625633,148.56926707546216,7.367394383681535,268.5671272951476,304.1601221514822
cross_1,moving_average,moving-average window=41,310.17539265868754,147.12267834979951,7.2594602065416405,272.9670162559244,309.7920229911666
cross_1,moving_average,moving-average window=21,311.7719522619157,146.85356799013573,7.202389252488297,274.9252723465568,312.6727131554621
cross_1,wiener,wiener window=11,311.9158215509878,153.3322086933332,9.083277282364524,271.4741379668852,313.11715751357997
cross_1,wiener,wiener window=5,312.60479683176203,145.602741174344,7.1724099879978365,276.5323802011407,310.1221568255428
cross_1,moving_average,moving-average window=11,312.85473106607094,147.1574685794348,7.134536874142798,275.99250094034755,314.67741042731893
cross_1,butterworth,butterworth cutoff=5Hz order=4,313.88214694957867,146.02647107120424,7.276318043820765,277.7504763558342,316.37467609813274
cross_1,moving_average,moving-average window=5,313.9869812878935,147.4814138436243,7.0761795024323195,277.10464570739157,316.8094540707331
cross_1,butterworth,butterworth cutoff=5Hz order=2,314.1028701890938,146.13243524105124,7.2784297541125005,277.9441470725028,316.7721417818657
cross_1,savgol,savgol window=81 poly=3,314.12904345755265,146.6469391326192,7.074966378103758,277.70789696611007,317.03420722231704
cross_1,butterworth,butterworth cutoff=10Hz order=4,314.2471495390934,147.35983932467468,7.088169130328091,277.46370322265807,317.2374066834879
cross_1,butterworth,butterworth cutoff=10Hz order=2,314.26775917387727,147.19025042736854,7.095401195941324,277.57685407318695,317.2549543338388
cross_1,savgol,savgol window=11 poly=2,314.27909871619096,147.3166379390389,7.105870490114106,277.52237149602405,317.2636624890123
cross_1,savgol,savgol window=21 poly=3,314.301743896506,147.5524952038505,7.075855441065785,277.42346628445057,317.3762266238789
cross_1,savgol,savgol window=7 poly=2,314.5464178069245,147.59057142713615,7.074254851508651,277.6804406134427,317.8693617636451
cross_1,savgol,savgol window=41 poly=3,314.5536142595024,147.74135671917122,7.143409782412534,277.606627181656,317.7247293962735
cross_1,butterworth,butterworth cutoff=20Hz order=2,314.6335024550326,147.50637854310247,7.072241672613162,277.8238516649428,317.9955381469586
cross_1,raw,raw,314.6513755129646,147.54902947863587,7.0722750503774225,277.82144434460974,318.0361890547274
cross_1,kalman_1d,kalman Q=1e-02 R=1e-04,314.66748470871187,147.55033119547014,7.072256695657491,277.8389981306534,318.06701145584145
cross_1,butterworth,butterworth cutoff=20Hz order=4,314.6927274859436,147.53208514926874,7.072214223015941,277.8772757352336,318.10646509467284
cross_1,savgol,savgol window=21 poly=2,314.69607910895286,146.96285698709323,7.081822236674658,278.18229394867603,318.0409063262521
cross_1,savgol,savgol window=7 poly=3,314.7418235478823,147.52150173795624,7.07243639546517,277.9384871849462,318.18486372801834
cross_1,savgol,savgol window=11 poly=3,314.7724744722729,147.6625618387675,7.085098610770618,277.89796669692544,318.3117113139003
cross_1,kalman_1d,kalman Q=1e-02 R=1e-03,314.8004034846774,147.5610216543473,7.072319220274746,277.9838506519533,318.3213264950265
cross_1,savgol,savgol window=41 poly=2,314.8116053973437,146.69953526033285,7.102866601921913,278.4513288409493,318.3833386200638
cross_1,butterworth,butterworth cutoff=2Hz order=4,315.57636491744626,144.37560158396073,7.569294030693407,280.5117351371517,319.24997412245347
cross_1,savgol,savgol window=81 poly=2,315.6356011011882,147.99413523967908,7.073516376339205,278.6997200989653,319.78662667447566
cross_1,kalman_1d,kalman Q=1e-02 R=1e-02,315.65750916537047,147.6342111031073,7.082325577097377,278.915118752765,319.9624143682616
cross_1,kalman_1d,kalman Q=1e-04 R=1e-04,315.66022562545015,147.64159071602612,7.082905600110136,278.91427209989,319.96882409400763
cross_1,butterworth,butterworth cutoff=2Hz order=2,316.308016688007,144.29434981003743,7.534423178259628,281.3772103447079,320.57696129111986
cross_1,median,median size=3,317.33252850958246,155.47379931919278,9.572458158441215,276.47097392013006,335.0309995217338
cross_1,kalman_1d,kalman Q=1e-04 R=1e-03,318.84831450020783,148.17103888479122,7.334639516173423,282.2335804942299,326.1339047360339
cross_1,butterworth,butterworth cutoff=1Hz order=4,320.1610859535388,143.14448855783496,7.756005252182573,286.2736815304425,327.45057236609193
cross_1,butterworth,butterworth cutoff=1Hz order=2,321.5275316726353,143.17633674918073,7.63458771299835,287.78846969438376,329.93343549060387
cross_1,kalman_1d,kalman Q=1e-06 R=1e-04,326.2897727827555,149.29351884351317,8.829047607151118,289.9974292511822,340.6820488851452
cross_1,kalman_1d,kalman Q=1e-04 R=1e-02,326.2922092502516,149.27459409795054,8.81643223673415,290.0102961912165,340.6830708112943
cross_1,kalman_1d,kalman Q=1e-06 R=1e-03,343.68797649681227,146.8260591803693,11.921455284735062,310.51797442004886,374.7087207880626
cross_1,kalman_1d,kalman Q=1e-06 R=1e-02,414.87206626880237,136.1759193484059,17.586267410640186,391.49160087838845,509.4019260016163
cross_1,median,median size=5,421.1670900319701,163.0906007751144,23.29625317853365,387.6086405804848,567.8857669492809
cross_1,median,median size=11,626.1842616100158,94.51277660147241,37.559946758044106,617.8699822346882,1084.3015120705081
cross_1,median,median size=21,752.6098117487032,120.39724219835755,26.434773715322127,742.4467897095847,1392.25417967689
cross_1,median,median size=41,978.6698184899564,97.72012891743061,37.84545754974907,973.0432217380556,1864.8766713680611
cross_2,wiener,wiener window=81,482.40264247857164,60.82242546277746,467.0364461660437,104.35468357350159,811.6399989565481
cross_2,wiener,wiener window=41,500.29694230737056,60.665389728235816,471.3432590895306,156.37222605720427,856.104242978435
cross_2,wiener,wiener window=11,500.8609642580859,64.12719877296388,474.39231630812037,147.313740441578,854.551072337017
cross_2,kalman_1d,kalman Q=1e-06 R=1e-02,502.23793941521853,72.44797148106046,488.81895672957273,89.72327879729077,867.5513704292403
cross_2,kalman_1d,kalman Q=1e-06 R=1e-03,504.20620311689737,72.83108122920505,477.38341086188825,144.99864793304985,869.0755593057019
cross_2,kalman_1d,kalman Q=1e-06 R=1e-04,508.91511192154735,77.05468324856223,474.83379146665317,166.10249068869422,876.5672013398705
cross_2,kalman_1d,kalman Q=1e-04 R=1e-02,508.91706274521056,77.05760718129585,474.84062407167886,166.08757828303774,876.5689208658109
cross_2,wiener,wiener window=5,510.60665831151664,83.61831214646224,475.08751880272376,167.3887297989393,878.1090166711515
cross_2,savgol,savgol window=21 poly=3,510.6644474012091,78.86606258718946,474.39750812352247,171.77114512562403,878.7198492314053
cross_2,butterworth,butterworth cutoff=10Hz order=4,510.7069539270905,79.0680374792757,474.69199914130394,170.98931016263998,878.7110932806645
cross_2,butterworth,butterworth cutoff=10Hz order=2,510.80600091362584,79.05578905853203,474.80565209571574,170.975277521828,878.8788421673573
cross_2,savgol,savgol window=41 poly=2,510.89926135070397,79.43366053963653,474.50174993347133,171.91985962081898,879.1906756204736
cross_2,savgol,savgol window=7 poly=2,510.9021339471702,79.11447840513873,474.7523401346881,171.38292013818784,879.1004330628216
cross_2,savgol,savgol window=11 poly=2,510.92034686357624,79.0168887677698,474.78495671253836,171.39188139504154,879.1248102678035
cross_2,savgol,savgol window=81 poly=3,510.9850715528026,78.85385986689198,475.4019549069154,169.94350062476187,879.0304146990904
cross_2,moving_average,moving-average window=5,511.03747538928803,79.12769166076038,474.7811290945972,171.70028864377662,879.3744141424041
cross_2,butterworth,butterworth cutoff=20Hz order=2,511.06142326028316,79.09770358627433,474.88008181606915,171.51163087839728,879.3894583293245
cross_2,butterworth,butterworth cutoff=5Hz order=4,511.063029966233,78.9861356272396,475.3663972454514,170.21574353396852,879.2201157433451
cross_2,butterworth,butterworth cutoff=20Hz order=4,511.09426662808823,79.1029125603951,474.8933065346526,171.57046952535356,879.4538223543077
cross_2,savgol,savgol window=11 poly=3,511.13284328236375,79.13651515883942,474.9154982636989,171.6084641250857,879.5278001772975
cross_2,butterworth,butterworth cutoff=5Hz order=2,511.1341885028443,79.07392056573268,475.3592423304672,170.40852230399003,879.374336600152
cross_2,moving_average,moving-average window=11,511.14548907589176,79.20834132038581,474.7768579874405,171.99617666529537,879.6042808752263
cross_2,kalman_1d,kalman Q=1e-04 R=1e-03,511.15474026606967,78.70150369813938,475.18700246162814,171.12146125970702,879.9655131700246
cross_2,raw,raw,511.161231941009,79.08946576804004,474.9162622412588,171.7125659431134,879.5858217883789
cross_2,kalman_1d,kalman Q=1e-02 R=1e-04,511.1629581372249,79.08825068935674,474.9185074038176,171.71205461418765,879.5904586070003
cross_2,kalman_1d,kalman Q=1e-02 R=1e-03,511.17718518281066,79.07821703729572,474.93704975496877,171.7077430160626,879.6286768939669
cross_2,kalman_1d,kalman Q=1e-02 R=1e-02,511.26134705111946,79.01252765175984,475.052481618506,171.66923186961665,879.8604955795092
cross_2,kalman_1d,kalman Q=1e-04 R=1e-04,511.2646608808773,79.01209619842079,475.0519595044438,171.680744089016,879.8676095017305
cross_2,savgol,savgol window=7 poly=3,511.26603049521134,79.08512431162866,474.9951779460954,171.80825934425195,879.7779068729338
cross_2,savgol,savgol window=21 poly=2,511.62207800520287,79.28881093297036,475.6403198490255,170.98748871515224,880.3035388360671
cross_2,savgol,savgol window=41 poly=3,511.6240164688458,78.84638521984282,475.63528474185216,171.21173345894005,880.2976018623812
cross_2,moving_average,moving-average window=21,511.77386436801663,79.55768554002553,475.02528527770437,173.01456952673948,880.8426967898077
cross_2,savgol,savgol window=81 poly=2,511.83105792849017,79.63213699886097,474.68542522045146,174.0790099364978,881.0972726406856
cross_2,moving_average,moving-average window=41,512.3635649329171,80.31952366614195,474.38911596526503,176.12541963755802,882.3083704179523
cross_2,moving_average,moving-average window=81,512.9180072376026,81.19414833447514,472.6588440288027,181.89560078844286,884.0451564008965
cross_2,butterworth,butterworth cutoff=2Hz order=4,513.0351734025327,80.15089263447544,477.3617833096835,170.01956179646598,882.6907053393029
cross_2,butterworth,butterworth cutoff=2Hz order=2,513.0482014396305,80.0156529429723,477.06152964957863,170.96271293166131,882.8181352400669
cross_2,butterworth,butterworth cutoff=1Hz order=4,515.1496667972116,82.26457139443129,477.51626033969956,174.8998016172597,887.1122132054383
cross_2,butterworth,butterworth cutoff=1Hz order=2,516.1296743769734,82.04691074267483,479.08320053387433,173.60135994940748,888.6126168753882
cross_2,median,median size=3,516.4570068567069,88.76617653628352,464.079186422931,208.51598155428863,898.3324907903096
cross_2,wiener,wiener window=21,520.2804215203893,125.8252061038454,470.5350781052714,182.9111117423567,909.0231931572708
cross_2,median,median size=5,562.4152281628569,159.80455534825322,477.42340323772504,250.67965015200983,1017.184865533974
cross_2,median,median size=41,970.7013462192305,563.5918482361424,570.1120275052662,547.3551025133775,2004.241098418215
cross_2,median,median size=11,1108.3163893855142,599.3801935497107,531.4722518176068,765.9280959129103,2387.0070112204367
cross_2,median,median size=21,1138.3219931237904,706.9228549126212,534.24111018582,714.5792282308033,2464.2364025731904
