timestamp,rtc_date,rtc_time,imu1_ax_mg,imu1_ay_mg,imu1_az_mg,imu1_gx_deg_s,imu1_gy_deg_s,imu1_gz_deg_s,mag_x_uT,mag_y_uT,mag_z_uT,imu_temperature_c,imu2_ax_mg,imu2_ay_mg,imu2_az_mg,imu2_gx_mdps,imu2_gy_mdps,imu2_gz_mdps,data_ready,output_hz
1784211195.414944,01/01/2000,02:40:56.19,-878.42,-91.80,-459.47,0.80,0.82,-3.29,67.95,42.45,-13.65,28.08,0.49,1.95,1014.80,271.25,-910.0,-463.75,1,52.958
1784211195.4416728,01/01/2000,02:40:56.20,-891.11,-88.87,-451.17,1.64,-0.11,-0.40,69.0,43.05,-14.10,28.37,0.49,1.95,1014.80,218.75,-840.0,-341.25,1,52.957
1784211195.4584806,01/01/2000,02:40:56.22,-887.21,-98.14,-443.85,0.44,1.92,-0.23,67.20,42.45,-14.40,28.08,0.49,1.83,1014.80,280.0,-822.50,-315.0,1,52.956
1784211195.4751132,01/01/2000,02:40:56.24,-884.28,-106.93,-451.66,-0.92,-0.26,-0.22,69.60,42.75,-13.20,28.41,0.37,1.83,1014.80,157.50,-840.0,-323.75,1,52.954
1784211195.5149899,01/01/2000,02:40:56.28,-897.95,-103.03,-456.54,-0.85,-0.44,0.84,69.0,41.85,-12.60,28.41,0.37,1.59,1014.55,271.25,-796.25,-271.25,1,52.962
1784211195.5322547,01/01/2000,02:40:56.30,-889.65,-86.43,-453.61,3.03,-0.04,1.02,68.70,42.45,-13.65,28.17,0.24,1.46,1014.43,262.50,-927.50,-341.25,1,52.961
1784211195.54913,01/01/2000,02:40:56.32,-891.60,-98.14,-465.33,1.10,-2.08,-1.03,67.80,42.15,-13.05,28.56,0.24,1.46,1014.55,113.75,-813.75,-367.50,1,52.960
1784211195.5818202,01/01/2000,02:40:56.35,-907.23,-92.29,-453.61,-0.11,-1.05,-2.52,67.80,42.60,-13.05,28.17,0.37,1.59,1014.55,315.0,-805.0,-306.25,1,52.958
1784211195.6147084,01/01/2000,02:40:56.37,-887.21,-94.24,-459.96,2.45,0.84,0.30,67.35,42.60,-13.80,28.32,0.49,1.71,1014.43,166.25,-875.0,-358.75,1,52.957
1784211195.6263607,01/01/2000,02:40:56.39,-898.93,-99.12,-453.13,1.32,-0.37,-0.01,67.80,42.60,-11.55,28.08,0.49,1.59,1014.80,166.25,-883.75,-280.0,1,52.965
1784211195.6441524,01/01/2000,02:40:56.41,-890.63,-90.33,-465.33,2.37,-0.44,-1.05,68.70,43.20,-13.65,28.37,0.49,1.71,1014.67,253.75,-735.0,-332.50,1,52.964
1784211195.660647,01/01/2000,02:40:56.42,-894.53,-91.31,-448.73,-0.71,-0.35,-0.58,67.05,43.35,-11.85,28.56,0.37,1.71,1014.67,236.25,-910.0,-358.75,1,52.963
1784211195.6826348,01/01/2000,02:40:56.45,-881.84,-91.80,-456.54,2.04,-1.02,0.60,67.95,42.75,-12.90,28.51,0.24,1.83,1014.55,218.75,-848.75,-376.25,1,52.962
1784211195.6986287,01/01/2000,02:40:56.46,-890.14,-85.45,-441.41,0.59,1.52,1.53,67.05,42.60,-13.35,28.51,0.37,1.83,1014.55,210.0,-796.25,-402.50,1,52.961
1784211195.7149193,01/01/2000,02:40:56.48,-893.55,-105.47,-449.71,0.37,-1.60,1.51,68.25,43.80,-13.05,28.37,0.24,1.83,1014.31,210.0,-682.50,-306.25,1,52.970
1784211195.7342856,01/01/2000,02:40:56.50,-887.21,-94.73,-457.03,2.29,0.89,2.02,67.05,43.80,-13.80,28.08,0.24,1.71,1014.43,323.75,-805.0,-402.50,1,52.969
1784211195.7652638,01/01/2000,02:40:56.53,-886.23,-91.31,-458.98,0.73,2.40,-1.06,66.60,43.80,-11.85,28.56,0.24,1.83,1014.31,280.0,-805.0,-420.0,1,52.966
1784211195.7897167,01/01/2000,02:40:56.55,-888.67,-94.73,-446.29,1.65,-1.95,-2.39,68.55,44.25,-13.05,28.37,0.24,1.83,1014.55,245.0,-883.75,-411.25,1,52.965
1784211195.8166275,01/01/2000,02:40:56.58,-886.23,-101.07,-452.64,0.09,-1.69,-2.59,66.90,43.20,-13.65,28.41,0.24,1.83,1014.67,280.0,-857.50,-323.75,1,52.964
1784211195.8301156,01/01/2000,02:40:56.59,-896.97,-87.40,-461.43,-0.91,-1.26,0.31,68.70,42.45,-12.90,28.41,0.24,1.95,1014.67,218.75,-910.0,-358.75,1,52.963
1784211195.8498769,01/01/2000,02:40:56.61,-896.00,-89.36,-458.01,-0.52,0.05,0.86,68.55,40.95,-13.05,28.37,0.24,1.95,1014.55,201.25,-761.25,-323.75,1,52.962
1784211195.861193,01/01/2000,02:40:56.63,-898.93,-99.12,-456.05,2.48,0.44,2.34,68.55,43.35,-12.60,28.37,0.37,1.83,1014.55,227.50,-752.50,-332.50,1,52.971
1784211195.8787901,01/01/2000,02:40:56.65,-893.07,-84.96,-451.66,1.19,0.26,0.19,67.95,42.75,-13.20,27.98,0.37,1.83,1014.55,323.75,-866.25,-227.50,1,52.970
1784211195.920576,01/01/2000,02:40:56.68,-897.46,-93.26,-447.27,0.91,2.69,-0.17,68.55,43.05,-12.60,27.98,0.37,1.95,1014.80,166.25,-796.25,-315.0,1,52.968
1784211195.9434812,01/01/2000,02:40:56.70,-883.79,-100.59,-458.50,0.65,2.69,-0.11,67.80,42.15,-13.80,28.37,0.37,1.95,1014.80,183.75,-866.25,-332.50,1,52.966
1784211195.9520257,01/01/2000,02:40:56.72,-888.67,-103.03,-463.38,-1.28,-0.60,-0.48,68.55,42.60,-14.10,28.37,0.49,1.95,1014.80,218.75,-866.25,-367.50,1,52.965
1784211195.9778533,01/01/2000,02:40:56.74,-906.74,-94.73,-461.43,2.56,-1.69,0.33,66.60,43.80,-11.55,28.32,0.37,1.71,1014.80,192.50,-796.25,-332.50,1,52.964
1784211196.0124693,01/01/2000,02:40:56.77,-896.48,-101.07,-449.71,-3.40,0.86,0.21,67.95,43.20,-13.20,28.51,0.49,1.46,1014.80,227.50,-822.50,-367.50,1,52.972
1784211196.0328157,01/01/2000,02:40:56.80,-895.51,-94.73,-456.54,0.15,1.49,1.03,66.90,43.65,-14.70,28.41,0.37,1.71,1014.55,253.75,-840.0,-393.75,1,52.971
1784211196.0507343,01/01/2000,02:40:56.81,-892.58,-101.56,-458.01,-0.46,1.92,0.62,67.05,42.60,-13.35,28.37,0.37,1.71,1014.80,280.0,-822.50,-385.0,1,52.970
1784211196.0677345,01/01/2000,02:40:56.83,-886.72,-96.68,-456.05,-2.36,0.55,0.72,67.80,42.60,-12.30,28.37,0.24,1.71,1014.67,140.0,-735.0,-350.0,1,52.969
1784211196.0886154,01/01/2000,02:40:56.85,-897.46,-90.82,-442.38,-0.26,0.80,-2.32,68.70,42.0,-11.70,28.41,0.37,1.71,1014.67,271.25,-918.75,-385.0,1,52.967
1784211196.1014874,01/01/2000,02:40:56.87,-887.21,-83.50,-450.68,-0.18,-1.41,0.79,67.35,43.05,-13.05,28.41,0.24,1.71,1014.55,332.50,-831.25,-385.0,1,52.976
1784211196.1407993,01/01/2000,02:40:56.90,-894.53,-85.45,-471.19,-0.82,0.89,-1.60,67.95,43.65,-13.65,28.41,0.37,1.59,1014.80,367.50,-813.75,-411.25,1,52.974
1784211196.161553,01/01/2000,02:40:56.92,-884.77,-93.75,-443.36,2.86,1.56,-2.18,67.80,41.85,-11.85,28.32,0.24,1.59,1014.92,218.75,-848.75,-315.0,1,52.973
1784211196.1716661,01/01/2000,02:40:56.94,-895.51,-104.00,-450.20,0.55,-0.20,-1.60,69.0,42.60,-13.05,28.22,0.49,1.71,1014.92,245.0,-717.50,-385.0,1,52.972
1784211196.1961515,01/01/2000,02:40:56.96,-885.74,-102.05,-461.43,-0.72,0.53,-1.17,69.0,42.60,-13.05,28.37,0.49,1.59,1015.04,315.0,-875.0,-358.75,1,52.981
1784211196.2136426,01/01/2000,02:40:56.98,-889.16,-106.45,-460.45,2.76,-1.98,2.02,67.95,41.55,-12.45,28.22,0.37,1.71,1014.80,227.50,-752.50,-350.0,1,52.979
1784211196.2347794,01/01/2000,02:40:57.00,-883.30,-93.26,-450.20,-0.42,-0.29,-0.86,68.70,42.75,-13.65,28.37,0.49,1.59,1014.67,306.25,-822.50,-306.25,1,52.978
1784211196.2569335,01/01/2000,02:40:57.02,-893.55,-88.38,-451.17,2.87,-0.58,-0.39,66.60,43.35,-13.35,28.37,0.49,1.71,1014.55,315.0,-778.75,-341.25,1,52.977
1784211196.2703288,01/01/2000,02:40:57.03,-896.97,-101.07,-454.10,-2.0,3.15,0.63,68.25,42.60,-12.60,28.37,0.24,1.59,1014.80,358.75,-691.25,-262.50,1,52.976
1784211196.2906458,01/01/2000,02:40:57.05,-893.07,-91.31,-446.29,-1.60,0.08,0.34,68.55,42.60,-12.60,28.41,0.24,1.59,1014.80,140.0,-761.25,-367.50,1,52.975
1784211196.3150308,01/01/2000,02:40:57.07,-897.95,-92.77,-449.22,1.08,0.22,-1.40,68.55,42.60,-13.05,28.17,0.24,1.59,1014.92,17.50,-813.75,-376.25,1,52.974
1784211196.3322601,01/01/2000,02:40:57.10,-890.63,-99.61,-455.08,0.73,0.93,0.84,67.35,42.15,-14.55,28.32,0.24,1.59,1014.92,315.0,-761.25,-306.25,1,52.973
1784211196.3527906,01/01/2000,02:40:57.12,-892.58,-86.91,-445.31,0.81,0.05,1.14,68.25,41.85,-13.35,28.41,0.49,1.59,1015.04,358.75,-831.25,-245.0,1,52.972
1784211196.374091,01/01/2000,02:40:57.14,-886.72,-88.87,-451.66,-0.43,-0.12,-2.0,65.10,41.40,-12.60,28.41,0.37,1.71,1014.55,297.50,-875.0,-280.0,1,52.971
1784211196.3913488,01/01/2000,02:40:57.15,-882.81,-94.24,-457.52,0.85,-1.89,-0.63,67.80,43.80,-14.10,28.37,0.37,1.71,1014.43,183.75,-857.50,-332.50,1,52.969
1784211196.4263382,01/01/2000,02:40:57.19,-895.51,-97.66,-451.66,-1.93,1.76,3.11,68.70,43.20,-13.95,28.37,0.24,1.59,1014.55,262.50,-831.25,-297.50,1,52.977
1784211196.447676,01/01/2000,02:40:57.21,-893.55,-97.66,-455.08,-0.71,-0.58,-0.33,65.85,41.40,-10.80,28.37,0.37,1.71,1014.55,306.25,-822.50,-376.25,1,52.966
1784211196.4652393,01/01/2000,02:40:57.23,-887.21,-90.82,-451.66,2.26,-1.02,0.89,67.65,43.65,-12.90,28.37,0.37,1.71,1014.43,131.25,-822.50,-350.0,1,52.975
1784211196.4800105,01/01/2000,02:40:57.25,-893.07,-99.61,-454.10,-0.07,0.18,1.15,69.30,43.35,-13.35,28.22,0.49,1.83,1014.43,131.25,-813.75,-437.50,1,52.974
1784211196.5069914,01/01/2000,02:40:57.27,-894.53,-92.77,-448.73,2.79,-0.23,-2.08,67.80,43.05,-13.35,28.41,0.49,1.83,1014.31,253.75,-875.0,-420.0,1,52.973
1784211196.5172482,01/01/2000,02:40:57.28,-887.21,-96.68,-451.66,1.92,-1.24,0.34,67.95,42.75,-13.65,27.98,0.61,1.83,1014.31,280.0,-840.0,-393.75,1,52.972
1784211196.5398674,01/01/2000,02:40:57.30,-890.14,-109.38,-453.13,0.90,0.61,0.87,68.55,44.55,-14.10,28.32,0.49,1.83,1014.31,236.25,-840.0,-297.50,1,52.970
1784211196.5501137,01/01/2000,02:40:57.32,-899.90,-95.70,-460.45,0.76,-0.56,0.37,68.70,43.20,-12.45,28.41,0.24,1.95,1014.19,297.50,-910.0,-341.25,1,52.979
1784211196.5716639,01/01/2000,02:40:57.34,-890.63,-90.33,-453.13,-0.45,-1.62,-2.88,69.60,43.65,-12.90,28.37,0.24,1.95,1014.31,341.25,-822.50,-358.75,1,52.978
1784211196.6105785,01/01/2000,02:40:57.37,-902.83,-86.91,-452.64,0.44,-0.60,-0.71,67.80,43.35,-12.30,28.37,0.24,1.71,1014.31,201.25,-778.75,-315.0,1,52.976
1784211196.6311016,01/01/2000,02:40:57.39,-891.11,-93.26,-457.03,-1.29,1.50,-0.18,66.30,43.05,-12.60,28.56,0.37,1.71,1014.43,280.0,-813.75,-341.25,1,52.975
1784211196.6413655,01/01/2000,02:40:57.41,-898.44,-98.14,-450.68,1.50,0.63,1.85,68.70,42.45,-11.25,28.41,0.24,1.71,1014.43,236.25,-822.50,-446.25,1,52.974
1784211196.6667423,01/01/2000,02:40:57.43,-901.37,-94.73,-443.85,1.47,2.44,-0.73,68.70,42.45,-12.15,28.37,0.37,1.71,1014.31,306.25,-770.0,-341.25,1,52.982
1784211196.6836174,01/01/2000,02:40:57.45,-896.97,-92.77,-456.05,-1.85,-0.43,-0.80,67.80,42.15,-14.55,28.32,0.24,1.71,1014.31,376.25,-927.50,-306.25,1,52.981
1784211196.706753,01/01/2000,02:40:57.47,-896.00,-104.49,-450.20,1.27,-0.12,-2.24,67.80,43.80,-12.30,28.60,0.24,1.71,1014.19,262.50,-883.75,-341.25,1,52.980
1784211196.7235148,01/01/2000,02:40:57.49,-887.70,-106.45,-462.40,2.27,2.68,0.40,67.80,42.15,-13.35,28.41,0.24,1.46,1014.19,166.25,-971.25,-271.25,1,52.979
1784211196.7408173,01/01/2000,02:40:57.50,-893.55,-91.80,-453.13,-0.27,-0.17,-1.40,68.55,42.60,-13.35,28.08,0.24,1.59,1014.31,157.50,-787.50,-271.25,1,52.978
1784211196.7575326,01/01/2000,02:40:57.52,-898.93,-97.66,-441.89,1.56,-1.10,-0.02,67.80,43.05,-12.60,28.17,0.24,1.71,1014.31,236.25,-866.25,-315.0,1,52.977
1784211196.778634,01/01/2000,02:40:57.54,-896.00,-99.61,-439.94,-1.40,0.47,0.34,68.40,43.65,-11.70,28.17,0.0,1.59,1014.55,192.50,-840.0,-288.75,1,52.976
1784211196.797119,01/01/2000,02:40:57.56,-891.60,-97.66,-448.24,-1.50,0.76,-2.14,66.30,43.35,-12.60,28.37,0.24,1.46,1014.55,218.75,-883.75,-367.50,1,52.984
1784211196.813254,01/01/2000,02:40:57.58,-897.46,-86.91,-456.54,-2.06,-0.96,-0.34,69.15,41.25,-14.70,28.32,0.12,1.46,1014.55,350.0,-752.50,-341.25,1,52.983
1784211196.8395739,01/01/2000,02:40:57.59,-883.30,-82.03,-460.45,0.72,-2.26,0.76,67.95,42.75,-13.95,27.98,0.12,1.59,1014.55,385.0,-822.50,-376.25,1,52.982
1784211196.8568964,01/01/2000,02:40:57.62,-898.44,-100.59,-455.57,0.85,1.82,1.49,67.35,43.35,-12.60,28.22,0.12,1.71,1014.55,210.0,-892.50,-323.75,1,52.971
1784211196.8780103,01/01/2000,02:40:57.64,-906.74,-100.10,-469.73,1.64,-0.37,0.15,66.45,40.80,-11.25,28.41,0.24,1.71,1014.31,271.25,-813.75,-297.50,1,52.970
1784211196.8969333,01/01/2000,02:40:57.66,-893.55,-93.26,-451.66,-1.97,1.57,-0.72,67.35,43.35,-11.85,28.51,0.24,1.83,1014.31,280.0,-787.50,-262.50,1,52.979
1784211196.9121118,01/01/2000,02:40:57.68,-893.07,-97.66,-454.59,0.42,-0.08,0.69,68.70,42.0,-13.65,28.32,0.24,1.71,1014.31,210.0,-822.50,-201.25,1,52.978
1784211196.9334104,01/01/2000,02:40:57.70,-896.00,-98.63,-447.75,-0.08,-0.89,0.44,69.30,43.80,-13.35,28.17,0.24,1.59,1014.31,332.50,-813.75,-367.50,1,52.977
1784211196.96821,01/01/2000,02:40:57.73,-896.48,-101.56,-441.89,1.82,-0.75,1.08,68.70,41.55,-12.45,28.08,0.24,1.34,1014.80,376.25,-857.50,-350.0,1,52.975
1784211197.0067873,01/01/2000,02:40:57.77,-898.44,-86.91,-450.20,-1.85,-1.24,-0.90,68.55,42.15,-11.10,28.37,0.37,1.46,1014.55,262.50,-875.0,-332.50,1,52.982
1784211197.0246522,01/01/2000,02:40:57.79,-899.90,-96.68,-465.33,-0.05,0.47,-1.75,67.05,43.35,-13.35,28.32,0.24,1.46,1014.80,201.25,-796.25,-297.50,1,52.981
1784211197.0482295,01/01/2000,02:40:57.80,-895.02,-89.36,-465.33,2.07,1.29,-0.45,69.0,43.35,-13.05,28.37,0.37,1.59,1014.80,245.0,-735.0,-245.0,1,52.980
1784211197.079792,01/01/2000,02:40:57.84,-885.25,-97.66,-454.10,1.69,-0.13,0.53,67.35,43.35,-12.60,28.37,0.24,1.71,1014.43,140.0,-866.25,-332.50,1,52.978
1784211197.0963964,01/01/2000,02:40:57.86,-893.55,-87.89,-456.05,3.24,-1.11,1.53,67.80,42.60,-14.10,28.32,0.37,1.71,1014.55,332.50,-875.0,-341.25,1,52.986
1784211197.1141562,01/01/2000,02:40:57.88,-892.58,-86.91,-460.45,-3.01,-1.20,-0.64,67.80,43.80,-13.05,28.37,0.37,1.71,1014.55,455.0,-892.50,-332.50,1,52.985
1784211197.1359649,01/01/2000,02:40:57.90,-892.58,-94.24,-466.31,-0.37,-1.96,-0.58,67.35,43.35,-12.60,28.41,0.37,1.59,1014.67,218.75,-787.50,-271.25,1,52.984
1784211197.1532001,01/01/2000,02:40:57.92,-883.30,-95.21,-448.73,-0.23,-0.98,0.05,67.05,42.60,-12.60,28.17,0.24,1.34,1014.80,236.25,-822.50,-315.0,1,52.983
1784211197.1703026,01/01/2000,02:40:57.93,-898.93,-100.59,-457.52,1.10,-0.28,0.73,66.90,42.75,-14.40,28.37,0.24,1.34,1014.80,183.75,-805.0,-306.25,1,52.982
1784211197.1962483,01/01/2000,02:40:57.95,-897.95,-95.21,-457.52,-0.67,-0.43,-2.08,67.65,42.75,-13.20,28.41,0.24,1.46,1014.80,227.50,-770.0,-376.25,1,52.981
1784211197.2115493,01/01/2000,02:40:57.97,-889.16,-90.82,-452.15,0.05,0.14,-1.52,66.45,42.45,-11.25,28.03,0.49,1.59,1014.55,350.0,-892.50,-437.50,1,52.980
1784211197.2266111,01/01/2000,02:40:57.99,-893.55,-89.84,-453.13,-1.86,-2.10,-1.82,67.65,43.65,-13.20,28.41,0.37,1.46,1014.55,288.75,-857.50,-341.25,1,52.988
1784211197.243861,01/01/2000,02:40:58.01,-895.51,-95.21,-458.98,2.19,0.38,-2.43,67.05,42.15,-12.30,28.08,0.37,1.46,1014.55,350.0,-831.25,-367.50,1,52.987
1784211197.2661164,01/01/2000,02:40:58.03,-900.39,-90.33,-459.96,0.70,-1.79,-1.11,67.80,42.60,-13.05,28.17,0.24,1.59,1014.80,227.50,-831.25,-315.0,1,52.986
1784211197.2821376,01/01/2000,02:40:58.05,-884.77,-96.19,-461.43,2.10,0.34,-0.96,67.35,41.85,-11.55,28.51,0.24,1.59,1014.80,236.25,-875.0,-385.0,1,52.985
1784211197.2993257,01/01/2000,02:40:58.06,-896.00,-85.94,-448.73,0.87,0.88,0.63,68.40,44.40,-13.65,28.03,0.37,1.46,1014.55,210.0,-936.25,-420.0,1,52.984
1784211197.315938,01/01/2000,02:40:58.08,-912.60,-100.59,-460.45,2.36,-0.27,-1.23,67.95,43.65,-12.90,28.32,0.24,1.46,1014.67,131.25,-936.25,-332.50,1,52.993
1784211197.3375964,01/01/2000,02:40:58.10,-878.42,-103.52,-459.96,2.20,2.44,-0.14,67.35,42.60,-11.85,28.56,0.49,1.59,1014.55,393.75,-848.75,-315.0,1,52.982
1784211197.362195,01/01/2000,02:40:58.12,-896.48,-87.40,-461.43,1.09,-1.22,-0.59,66.90,41.25,-10.95,28.37,0.37,1.71,1014.43,166.25,-735.0,-315.0,1,52.981
1784211197.381998,01/01/2000,02:40:58.15,-890.14,-100.10,-447.27,0.44,1.20,-1.08,67.65,42.45,-12.45,28.22,0.24,1.71,1014.31,306.25,-761.25,-350.0,1,52.980
1784211197.3968685,01/01/2000,02:40:58.17,-904.79,-96.68,-460.94,0.53,1.52,-1.78,67.80,42.60,-12.60,28.56,0.49,1.71,1014.19,271.25,-813.75,-280.0,1,52.979
1784211197.4246483,01/01/2000,02:40:58.18,-895.51,-90.82,-453.61,0.83,2.29,-0.87,68.25,41.85,-12.30,28.32,0.49,1.59,1014.06,367.50,-840.0,-385.0,1,52.977
1784211197.441368,01/01/2000,02:40:58.20,-897.95,-105.96,-458.01,0.45,-0.85,1.20,69.30,42.60,-13.80,28.32,0.49,1.46,1014.19,148.75,-805.0,-280.0,1,52.976
1784211197.4571555,01/01/2000,02:40:58.22,-890.63,-93.26,-458.50,0.47,-1.69,-1.21,67.95,42.45,-12.90,28.22,0.61,1.46,1014.31,262.50,-831.25,-341.25,1,52.985
1784211197.4747362,01/01/2000,02:40:58.24,-899.90,-105.47,-456.05,3.01,-0.93,-1.66,67.65,42.75,-13.95,28.22,0.37,1.46,1014.31,288.75,-743.75,-367.50,1,52.984
1784211197.4946811,01/01/2000,02:40:58.26,-894.53,-107.91,-463.87,-1.58,0.31,-1.92,65.85,42.15,-10.05,28.22,0.49,1.46,1014.31,280.0,-805.0,-428.75,1,52.983
1784211197.5142903,01/01/2000,02:40:58.27,-905.76,-97.66,-452.64,0.07,1.17,-3.96,69.0,42.60,-13.05,28.37,0.49,1.46,1014.19,315.0,-945.0,-315.0,1,52.982
1784211197.5362787,01/01/2000,02:40:58.29,-893.55,-93.26,-458.98,2.40,0.14,0.02,67.20,43.65,-12.90,28.32,0.49,1.46,1014.31,297.50,-805.0,-315.0,1,52.981
1784211197.5444133,01/01/2000,02:40:58.31,-896.97,-94.24,-445.80,1.21,0.95,-2.35,67.95,40.80,-12.15,28.51,0.49,1.34,1014.43,210.0,-770.0,-262.50,1,52.980
1784211197.5652602,01/01/2000,02:40:58.33,-895.02,-92.29,-452.64,-0.09,-0.31,-0.34,67.95,40.80,-12.15,28.41,0.49,1.34,1014.31,315.0,-936.25,-411.25,1,52.988
1784211197.580042,01/01/2000,02:40:58.35,-906.74,-89.36,-453.13,2.11,-0.52,1.84,68.25,43.05,-13.35,28.37,0.49,1.46,1014.43,350.0,-805.0,-288.75,1,52.987
1784211197.605044,01/01/2000,02:40:58.37,-896.00,-90.33,-458.98,1.11,0.54,-0.89,67.35,42.60,-14.10,28.32,0.24,1.46,1014.31,201.25,-770.0,-472.50,1,52.986
1784211197.62214,01/01/2000,02:40:58.39,-888.18,-94.73,-451.66,-0.20,1.61,0.43,67.65,42.0,-13.65,28.32,0.12,1.46,1014.19,271.25,-901.25,-420.0,1,52.985
1784211197.6439972,01/01/2000,02:40:58.40,-894.53,-86.91,-447.75,0.08,0.08,-0.78,69.0,43.05,-12.60,28.08,0.0,1.59,1014.31,210.0,-805.0,-253.75,1,52.984
1784211197.6564143,01/01/2000,02:40:58.42,-883.30,-95.70,-450.68,-0.15,1.56,-1.90,69.0,43.05,-12.60,28.08,0.24,1.59,1014.19,122.50,-857.50,-315.0,1,52.992
1784211197.6778102,01/01/2000,02:40:58.44,-899.90,-97.17,-458.98,-0.89,-0.68,0.15,67.80,43.05,-13.80,28.22,0.24,1.34,1014.31,166.25,-796.25,-393.75,1,52.982
1784211197.694839,01/01/2000,02:40:58.46,-893.55,-87.40,-445.80,-0.81,1.31,-1.95,67.05,41.85,-12.30,28.41,0.12,1.34,1014.31,297.50,-822.50,-411.25,1,52.990
1784211197.7121572,01/01/2000,02:40:58.48,-883.79,-106.93,-444.34,1.66,2.97,2.05,67.35,42.15,-13.80,28.32,0.24,1.34,1014.19,192.50,-743.75,-437.50,1,52.989
1784211197.7292142,01/01/2000,02:40:58.49,-907.71,-104.00,-459.96,1.34,-1.90,1.40,68.25,41.40,-13.35,28.17,0.24,1.46,1014.31,253.75,-927.50,-376.25,1,52.988
1784211197.7508986,01/01/2000,02:40:58.51,-898.93,-97.17,-453.13,-0.70,-1.63,1.56,68.70,42.45,-12.90,28.41,0.37,1.46,1014.19,253.75,-857.50,-402.50,1,52.987
1784211197.7731783,01/01/2000,02:40:58.53,-881.84,-90.33,-457.52,-0.07,1.50,-0.92,67.20,42.45,-11.70,28.41,0.24,1.46,1014.43,201.25,-813.75,-315.0,1,52.986
1784211197.78175,01/01/2000,02:40:58.55,-896.48,-95.70,-456.54,2.31,-0.40,4.14,67.20,41.55,-14.70,28.32,0.24,1.59,1014.43,245.0,-910.0,-393.75,1,52.994
1784211197.8028004,01/01/2000,02:40:58.57,-885.74,-101.07,-456.05,1.54,0.80,0.40,67.35,42.15,-13.35,28.56,0.24,1.59,1014.80,201.25,-857.50,-262.50,1,52.993
1784211197.8363094,01/01/2000,02:40:58.60,-898.93,-96.19,-453.61,1.69,-0.89,1.42,67.95,42.75,-12.90,28.41,0.24,1.59,1014.80,288.75,-875.0,-376.25,1,52.991
1784211197.8640718,01/01/2000,02:40:58.62,-893.07,-90.33,-460.94,0.76,-2.09,-0.31,67.65,42.45,-12.45,28.41,0.24,1.71,1014.67,376.25,-796.25,-323.75,1,52.990
1784211197.9058466,01/01/2000,02:40:58.67,-889.65,-107.42,-457.03,1.66,0.76,0.88,67.05,43.35,-13.80,28.37,0.24,1.71,1014.55,332.50,-875.0,-341.25,1,52.988
1784211197.9407432,01/01/2000,02:40:58.70,-893.07,-92.29,-445.80,1.37,0.44,-2.31,67.95,43.65,-12.15,28.51,0.24,1.59,1014.55,288.75,-831.25,-411.25,1,52.986
1784211197.9597456,01/01/2000,02:40:58.72,-879.88,-108.40,-444.34,-0.29,-0.01,-1.47,67.80,43.05,-11.85,28.37,0.24,1.71,1014.43,323.75,-787.50,-315.0,1,52.985
1784211197.9701662,01/01/2000,02:40:58.74,-880.86,-95.70,-446.29,0.54,0.89,1.11,67.35,43.05,-11.85,28.51,0.24,1.71,1014.31,288.75,-822.50,-463.75,1,52.983
1784211197.991029,01/01/2000,02:40:58.76,-893.07,-88.38,-456.54,1.12,1.26,-2.55,67.35,43.05,-12.60,28.51,0.24,1.71,1014.55,306.25,-875.0,-262.50,1,52.992
1784211198.0354397,01/01/2000,02:40:58.80,-896.97,-94.24,-455.57,0.72,2.53,-0.56,67.35,42.15,-13.80,28.51,0.12,1.71,1014.67,192.50,-901.25,-428.75,1,52.990
1784211198.055593,01/01/2000,02:40:58.82,-901.37,-93.75,-455.57,1.24,-0.69,1.68,68.25,41.85,-13.35,28.37,0.0,1.59,1014.55,218.75,-805.0,-428.75,1,52.989
1784211198.0697267,01/01/2000,02:40:58.83,-897.95,-81.05,-448.24,-0.53,0.92,1.27,67.95,42.45,-12.15,28.37,0.0,1.59,1014.55,323.75,-787.50,-332.50,1,52.988
1784211198.091188,01/01/2000,02:40:58.85,-883.79,-98.63,-460.94,1.77,-1.48,-0.70,68.70,41.55,-12.45,28.08,0.12,1.46,1014.19,175.0,-918.75,-367.50,1,52.987
1784211198.1241322,01/01/2000,02:40:58.89,-897.95,-97.17,-455.08,1.73,-0.84,-1.75,69.15,44.40,-12.90,28.56,0.37,1.59,1014.19,210.0,-796.25,-288.75,1,52.994
1784211198.1468298,01/01/2000,02:40:58.91,-900.39,-96.19,-452.15,-1.31,-2.68,-1.49,67.05,43.80,-13.80,28.08,0.37,1.59,1014.19,140.0,-700.0,-385.0,1,52.993
1784211198.1594756,01/01/2000,02:40:58.93,-890.63,-95.21,-464.36,-1.83,-0.83,-0.09,67.65,42.75,-14.40,27.98,0.49,1.59,1014.19,245.0,-708.75,-428.75,1,52.992
1784211198.180573,01/01/2000,02:40:58.94,-896.48,-94.24,-448.24,-0.48,-1.48,-0.59,68.25,42.15,-13.80,28.37,0.49,1.59,1014.31,201.25,-840.0,-393.75,1,52.991
1784211198.197914,01/01/2000,02:40:58.96,-881.84,-105.47,-457.52,-1.20,-0.88,1.17,68.25,43.80,-13.35,28.41,0.24,1.46,1014.19,148.75,-708.75,-306.25,1,52.990
1784211198.2160416,01/01/2000,02:40:58.98,-888.18,-106.93,-458.01,-2.02,-1.37,-0.46,68.25,43.80,-13.35,28.37,0.37,1.59,1014.06,192.50,-770.0,-192.50,1,52.998
1784211198.251603,01/01/2000,02:40:59.02,-887.70,-88.38,-465.82,0.86,2.34,-2.48,67.35,41.85,-14.55,28.22,0.49,1.59,1014.31,166.25,-848.75,-358.75,1,52.996
1784211198.2718549,01/01/2000,02:40:59.03,-894.53,-98.14,-441.41,-0.36,-2.71,1.92,67.05,42.15,-14.10,28.37,0.37,1.59,1014.31,227.50,-840.0,-385.0,1,52.995
1784211198.2932916,01/01/2000,02:40:59.06,-891.11,-91.80,-448.24,0.03,-1.04,-1.30,66.60,43.05,-13.80,28.37,0.49,1.71,1014.19,218.75,-805.0,-367.50,1,52.994
1784211198.3278031,01/01/2000,02:40:59.09,-885.74,-100.59,-461.91,-0.13,0.74,1.75,69.0,43.35,-14.85,28.37,0.49,1.71,1014.31,315.0,-848.75,-288.75,1,52.992
1784211198.345531,01/01/2000,02:40:59.11,-891.60,-87.40,-455.08,1.15,-0.19,0.60,68.40,43.95,-13.20,28.37,0.37,1.71,1014.31,245.0,-848.75,-402.50,1,53.0
1784211198.3668926,01/01/2000,02:40:59.13,-904.30,-102.05,-451.66,2.73,0.76,0.26,68.55,41.40,-13.05,28.51,0.24,1.46,1014.31,315.0,-901.25,-288.75,1,52.999
1784211198.3957942,01/01/2000,02:40:59.15,-887.70,-96.68,-451.66,-0.55,-0.82,1.71,66.0,42.75,-9.75,28.32,0.37,1.46,1014.31,280.0,-805.0,-297.50,1,52.988
1784211198.4079475,01/01/2000,02:40:59.17,-895.02,-91.31,-464.84,0.49,0.47,0.91,69.0,43.80,-13.05,28.32,0.49,1.34,1014.19,210.0,-857.50,-323.75,1,52.987
1784211198.4276812,01/01/2000,02:40:59.19,-896.00,-85.94,-458.98,-1.16,1.40,-0.44,66.90,42.0,-12.15,28.03,0.49,1.46,1014.19,420.0,-840.0,-420.0,1,52.986
1784211198.447945,01/01/2000,02:40:59.21,-883.79,-95.21,-449.71,0.41,-0.38,0.15,67.65,41.25,-10.95,28.41,0.37,1.46,1014.19,271.25,-787.50,-420.0,1,52.985
1784211198.458466,01/01/2000,02:40:59.23,-896.48,-90.82,-439.94,-1.94,-1.73,-1.20,67.65,44.85,-11.70,28.41,0.24,1.59,1014.43,227.50,-866.25,-288.75,1,52.994
1784211198.4994857,01/01/2000,02:40:59.27,-881.35,-89.84,-456.54,0.29,2.46,-1.37,69.0,42.15,-13.05,28.51,0.37,1.46,1014.43,306.25,-770.0,-332.50,1,52.991
1784211198.5200644,01/01/2000,02:40:59.28,-887.21,-103.03,-455.57,-1.95,-3.80,0.42,69.15,42.75,-13.95,28.37,0.37,1.46,1014.31,227.50,-918.75,-376.25,1,52.990
1784211198.5323358,01/01/2000,02:40:59.30,-883.79,-84.47,-460.94,0.02,0.93,-1.29,69.30,44.25,-13.05,28.37,0.37,1.34,1014.31,210.0,-910.0,-376.25,1,52.989
1784211198.5507083,01/01/2000,02:40:59.32,-897.46,-91.31,-448.73,-1.34,1.16,0.0,68.70,43.20,-13.20,28.22,0.24,1.34,1014.31,306.25,-840.0,-271.25,1,52.998
1784211198.5949843,01/01/2000,02:40:59.36,-887.70,-99.12,-458.50,-1.05,0.14,-3.04,68.25,43.35,-14.10,28.22,0.49,1.46,1014.55,332.50,-866.25,-332.50,1,52.996
1784211198.6293707,01/01/2000,02:40:59.39,-881.84,-95.70,-440.92,1.91,-0.34,-1.02,69.15,42.75,-13.65,28.32,0.24,1.34,1014.55,315.0,-831.25,-446.25,1,52.993
1784211198.650336,01/01/2000,02:40:59.41,-901.86,-92.29,-455.08,0.74,-0.14,1.49,67.05,41.85,-13.05,27.89,0.24,1.59,1014.67,271.25,-770.0,-376.25,1,52.992
1784211198.6659243,01/01/2000,02:40:59.43,-903.32,-88.38,-456.54,-1.74,-0.31,0.19,68.55,42.60,-12.30,28.41,0.24,1.59,1014.67,201.25,-866.25,-315.0,1,52.991
1784211198.6972456,01/01/2000,02:40:59.47,-892.09,-88.87,-449.71,-0.53,2.05,1.56,67.80,42.15,-13.05,28.32,0.24,1.59,1014.55,323.75,-848.75,-297.50,1,52.999
1784211198.7181356,01/01/2000,02:40:59.49,-887.21,-90.33,-458.01,2.18,-0.02,0.83,68.25,44.25,-13.80,28.32,0.24,1.46,1014.55,236.25,-901.25,-367.50,1,52.998
1784211198.7404864,01/01/2000,02:40:59.50,-896.97,-98.14,-458.98,-0.90,-0.56,1.99,66.60,43.35,-13.05,28.03,0.37,1.46,1014.67,113.75,-848.75,-402.50,1,52.996
1784211198.7503526,01/01/2000,02:40:59.52,-893.07,-97.66,-452.15,1.05,-3.05,1.18,66.30,43.35,-12.60,28.51,0.24,1.59,1014.67,306.25,-787.50,-297.50,1,52.995
1784211198.7796175,01/01/2000,02:40:59.54,-892.09,-96.19,-441.41,2.09,2.46,-1.02,67.20,40.80,-12.90,28.22,0.24,1.59,1014.55,166.25,-936.25,-262.50,1,52.994
1784211198.8005886,01/01/2000,02:40:59.56,-890.63,-92.77,-452.64,-1.92,-1.24,-3.16,67.20,40.80,-12.90,28.17,0.0,1.59,1014.55,288.75,-918.75,-367.50,1,52.993
1784211198.8137054,01/01/2000,02:40:59.58,-893.07,-90.33,-448.73,0.30,-0.64,0.21,67.95,42.0,-13.65,28.37,0.24,1.46,1014.67,140.0,-805.0,-306.25,1,53.002
1784211198.8337173,01/01/2000,02:40:59.59,-884.28,-90.82,-460.94,0.99,1.66,-1.85,68.70,43.20,-12.45,28.41,0.37,1.46,1014.67,271.25,-743.75,-367.50,1,53.001
1784211198.8528588,01/01/2000,02:40:59.62,-900.39,-90.82,-454.59,-0.12,-0.20,-0.93,68.25,42.60,-12.30,28.51,0.37,1.46,1014.55,288.75,-778.75,-367.50,1,52.999
1784211198.8696291,01/01/2000,02:40:59.63,-895.02,-92.29,-461.91,0.94,0.48,-0.95,67.20,42.45,-14.40,28.51,0.24,1.46,1014.67,245.0,-857.50,-367.50,1,52.998
1784211198.8917136,01/01/2000,02:40:59.65,-893.07,-92.77,-455.57,1.97,-0.64,0.07,67.20,42.45,-14.40,28.37,0.24,1.46,1014.67,358.75,-901.25,-253.75,1,52.997
1784211198.909976,01/01/2000,02:40:59.67,-885.74,-90.33,-461.91,-0.68,1.11,1.06,66.60,40.65,-10.80,28.37,0.24,1.46,1014.80,253.75,-787.50,-358.75,1,52.996
1784211198.9297903,01/01/2000,02:40:59.70,-899.90,-104.98,-447.27,1.72,1.60,0.69,67.80,42.15,-11.55,28.32,0.37,1.34,1014.67,236.25,-918.75,-376.25,1,52.995
1784211198.9692585,01/01/2000,02:40:59.73,-879.88,-89.84,-457.52,0.04,-1.66,-0.50,67.80,43.35,-13.80,28.37,0.37,1.46,1014.55,201.25,-857.50,-350.0,1,52.993
1784211198.9901052,01/01/2000,02:40:59.75,-903.81,-98.63,-450.20,-0.94,1.29,-0.79,67.20,41.25,-11.25,28.03,0.37,1.34,1014.43,262.50,-831.25,-332.50,1,52.992
1784211199.0005317,01/01/2000,02:40:59.77,-892.58,-88.38,-462.40,-1.76,-0.63,-0.98,67.20,41.25,-11.25,28.32,0.24,1.34,1014.43,183.75,-770.0,-297.50,1,52.991
1784211199.0221152,01/01/2000,02:40:59.79,-896.97,-101.07,-456.54,-0.34,1.64,-1.53,67.20,42.45,-13.20,28.37,0.24,1.34,1014.43,148.75,-787.50,-288.75,1,52.999
1784211199.0423717,01/01/2000,02:40:59.81,-903.81,-99.12,-455.08,1.24,0.24,-0.64,67.80,43.80,-14.10,28.56,0.24,1.46,1014.55,271.25,-822.50,-350.0,1,52.998
1784211199.0633693,01/01/2000,02:40:59.83,-896.48,-102.05,-456.54,2.10,1.26,2.28,68.70,43.95,-12.90,28.03,0.24,1.34,1014.55,218.75,-822.50,-332.50,1,52.997
1784211199.084175,01/01/2000,02:40:59.84,-888.67,-94.73,-454.10,-1.50,0.01,0.47,67.65,42.75,-13.20,28.32,0.12,1.46,1014.55,367.50,-805.0,-350.0,1,52.996
1784211199.0954568,01/01/2000,02:40:59.86,-900.88,-102.54,-448.24,-0.24,-0.04,-0.02,67.65,42.75,-13.20,28.32,0.12,1.46,1014.55,218.75,-910.0,-385.0,1,52.995
1784211199.1150005,01/01/2000,02:40:59.88,-900.88,-99.61,-451.17,0.36,2.92,-0.11,66.60,41.85,-13.05,28.41,0.12,1.71,1014.43,253.75,-971.25,-280.0,1,53.003
1784211199.1513603,01/01/2000,02:40:59.92,-887.70,-97.17,-461.91,0.77,-1.24,1.03,67.80,43.05,-13.80,28.51,0.12,1.59,1014.67,288.75,-752.50,-341.25,1,53.001
1784211199.1693096,01/01/2000,02:40:59.93,-896.97,-91.31,-468.75,1.57,0.70,-2.32,67.20,42.75,-13.95,28.32,0.12,1.59,1014.55,288.75,-735.0,-297.50,1,53.000
1784211199.190442,01/01/2000,02:40:59.96,-889.16,-101.56,-458.01,0.54,-2.11,0.03,69.0,41.85,-13.35,27.89,0.24,1.46,1014.67,210.0,-831.25,-358.75,1,52.999
1784211199.2092571,01/01/2000,02:40:59.97,-911.13,-94.73,-458.50,0.53,0.43,2.25,69.0,43.05,-12.60,28.37,0.24,1.46,1014.55,245.0,-848.75,-306.25,1,52.998
1784211199.2235947,01/01/2000,02:40:59.99,-882.81,-100.59,-453.61,0.05,1.42,-0.50,66.90,42.75,-12.45,28.37,0.24,1.46,1014.55,288.75,-840.0,-288.75,1,53.006
1784211199.241725,01/01/2000,02:41:00.01,-893.55,-97.17,-454.59,0.75,0.33,-0.79,67.95,42.0,-12.90,27.98,0.24,1.46,1014.55,157.50,-962.50,-332.50,1,53.005
1784211199.2803664,01/01/2000,02:41:00.05,-889.16,-88.38,-444.82,2.37,-1.76,0.21,67.20,42.45,-12.45,28.08,0.24,1.22,1014.43,166.25,-866.25,-393.75,1,53.003
1784211199.3034751,01/01/2000,02:41:00.06,-893.55,-91.80,-452.15,0.04,0.08,0.79,67.35,43.05,-12.60,28.22,0.37,1.22,1014.31,262.50,-848.75,-192.50,1,53.002
1784211199.3137956,01/01/2000,02:41:00.08,-898.93,-94.73,-453.61,-0.18,0.53,-0.08,68.55,42.15,-13.80,28.41,0.49,1.22,1014.31,341.25,-831.25,-341.25,1,53.010
1784211199.3370683,01/01/2000,02:41:00.10,-886.23,-89.84,-454.59,0.19,2.43,1.60,67.95,42.45,-12.45,28.08,0.37,1.22,1014.31,288.75,-813.75,-402.50,1,53.0
1784211199.3537996,01/01/2000,02:41:00.12,-895.02,-100.59,-446.29,-0.41,1.58,-1.22,67.95,42.75,-12.15,27.98,0.49,1.22,1014.43,341.25,-857.50,-341.25,1,53.008
1784211199.3641052,01/01/2000,02:41:00.13,-885.74,-88.38,-458.50,-0.98,-0.33,-1.75,66.90,42.45,-12.15,28.22,0.49,1.34,1014.55,341.25,-805.0,-245.0,1,53.007
1784211199.3975284,01/01/2000,02:41:00.16,-895.51,-90.82,-449.22,1.92,-0.99,0.18,67.80,42.15,-14.10,28.17,0.49,1.34,1014.55,157.50,-945.0,-306.25,1,53.006
1784211199.4082475,01/01/2000,02:41:00.17,-890.14,-98.63,-469.73,-2.60,0.12,-0.76,69.0,42.60,-13.05,28.32,0.61,1.46,1014.55,210.0,-778.75,-367.50,1,53.005
1784211199.4348638,01/01/2000,02:41:00.20,-896.97,-94.73,-458.50,1.21,0.70,-1.05,67.65,42.45,-11.70,28.32,0.73,1.34,1014.43,227.50,-883.75,-288.75,1,53.004
1784211199.459164,01/01/2000,02:41:00.22,-888.67,-88.87,-459.47,1.36,-2.08,2.21,66.0,42.75,-13.65,28.37,0.73,1.34,1014.55,288.75,-770.0,-385.0,1,53.003
1784211199.4674845,01/01/2000,02:41:00.24,-906.74,-95.70,-458.01,2.02,0.19,1.59,68.55,43.05,-12.60,28.37,0.49,1.46,1014.67,253.75,-813.75,-297.50,1,53.002
1784211199.4884336,01/01/2000,02:41:00.26,-896.97,-81.54,-453.61,-1.38,-0.46,-0.36,68.25,42.15,-13.35,28.41,0.49,1.34,1014.80,323.75,-840.0,-297.50,1,53.001
1784211199.519706,01/01/2000,02:41:00.29,-893.07,-102.54,-455.57,-2.39,0.27,-1.15,69.0,41.85,-11.85,28.22,0.49,1.46,1014.80,280.0,-822.50,-367.50,1,52.999
1784211199.5534449,01/01/2000,02:41:00.31,-900.88,-98.63,-455.08,1.03,0.36,0.78,65.85,40.20,-11.55,28.08,0.49,1.34,1014.67,332.50,-918.75,-297.50,1,52.998
1784211199.563912,01/01/2000,02:41:00.33,-890.63,-99.61,-450.68,2.59,-0.38,0.59,67.05,44.25,-13.05,28.51,0.49,1.46,1014.67,236.25,-848.75,-315.0,1,53.006
1784211199.5846486,01/01/2000,02:41:00.35,-898.44,-92.77,-449.71,3.02,2.83,-0.92,67.35,43.35,-13.05,28.08,0.49,1.46,1014.67,262.50,-857.50,-297.50,1,53.005
1784211199.6018744,01/01/2000,02:41:00.36,-893.07,-96.68,-442.87,-0.42,-0.31,-1.15,67.80,43.35,-12.30,28.37,0.49,1.46,1014.80,227.50,-831.25,-297.50,1,53.004
1784211199.622491,01/01/2000,02:41:00.39,-886.23,-102.54,-458.50,-1.11,0.17,0.08,67.95,43.20,-13.20,27.98,0.37,1.46,1014.55,315.0,-883.75,-236.25,1,53.003
1784211199.6441326,01/01/2000,02:41:00.40,-896.00,-90.82,-453.61,2.72,1.26,1.72,68.70,42.45,-13.95,28.37,0.24,1.46,1014.55,131.25,-831.25,-358.75,1,53.002
1784211199.6636033,01/01/2000,02:41:00.42,-890.14,-98.63,-454.10,1.96,-0.45,0.48,69.0,42.60,-12.60,28.41,0.37,1.46,1014.55,227.50,-796.25,-315.0,1,53.001
1784211199.6727839,01/01/2000,02:41:00.44,-901.86,-100.59,-453.61,1.28,1.30,-0.05,67.35,41.40,-11.85,28.37,0.37,1.46,1014.55,262.50,-857.50,-385.0,1,53.000
1784211199.6943564,01/01/2000,02:41:00.46,-897.95,-87.89,-452.64,0.05,1.05,-0.89,67.80,43.35,-13.35,28.37,0.37,1.46,1014.80,192.50,-735.0,-306.25,1,53.008
1784211199.7122464,01/01/2000,02:41:00.48,-894.53,-101.07,-465.82,2.77,-0.09,0.65,69.15,42.75,-13.20,28.37,0.24,1.46,1014.67,262.50,-883.75,-332.50,1,53.007
1784211199.7241147,01/01/2000,02:41:00.49,-898.93,-94.24,-459.96,0.73,-0.87,-2.66,67.95,43.20,-12.45,28.41,0.12,1.34,1014.67,376.25,-831.25,-376.25,1,53.006
1784211199.7553444,01/01/2000,02:41:00.51,-890.63,-88.38,-455.08,1.08,-0.52,0.14,69.0,40.95,-12.30,28.32,0.24,1.34,1014.55,192.50,-831.25,-402.50,1,53.005
1784211199.768123,01/01/2000,02:41:00.53,-900.39,-89.84,-461.43,0.0,1.53,0.58,67.95,42.0,-12.45,28.37,0.24,1.22,1014.55,192.50,-901.25,-367.50,1,53.004
1784211199.7863379,01/01/2000,02:41:00.55,-893.55,-100.59,-461.91,1.12,-0.83,0.73,67.65,42.75,-12.45,27.98,0.24,1.22,1014.43,271.25,-1006.25,-306.25,1,53.012
1784211199.7967973,01/01/2000,02:41:00.57,-897.46,-97.17,-462.40,0.98,-1.36,0.0,67.65,43.20,-12.15,27.98,0.49,1.46,1014.31,306.25,-1023.75,-376.25,1,53.011
1784211199.8243947,01/01/2000,02:41:00.59,-890.63,-91.80,-447.75,1.33,-0.26,-0.17,67.20,42.75,-13.65,28.37,0.37,1.34,1014.43,227.50,-787.50,-297.50,1,53.010
1784211199.8443725,01/01/2000,02:41:00.60,-889.16,-89.36,-456.05,0.98,0.44,-1.44,67.20,42.45,-13.95,28.37,0.12,1.34,1014.55,218.75,-910.0,-420.0,1,53.009
1784211199.8640335,01/01/2000,02:41:00.62,-896.00,-88.87,-467.29,-0.19,-1.69,-1.82,67.65,43.95,-14.70,28.08,0.24,1.34,1014.55,201.25,-883.75,-341.25,1,53.008
1784211199.8806162,01/01/2000,02:41:00.64,-883.79,-94.73,-454.59,-1.37,-0.34,-2.73,66.30,43.35,-14.10,28.32,0.37,1.46,1014.43,166.25,-805.0,-358.75,1,53.007
1784211199.8972113,01/01/2000,02:41:00.66,-894.04,-97.66,-457.52,2.28,-1.18,-1.97,68.70,44.85,-13.95,28.37,0.24,1.46,1014.55,306.25,-822.50,-323.75,1,53.006
1784211199.9146857,01/01/2000,02:41:00.68,-908.69,-102.54,-452.15,0.59,-0.14,-0.05,67.80,41.85,-13.35,28.03,0.24,1.34,1014.55,192.50,-813.75,-315.0,1,53.014
1784211199.9422498,01/01/2000,02:41:00.71,-889.65,-99.12,-444.82,1.76,0.99,-3.43,67.80,40.95,-10.05,28.37,0.49,1.46,1014.80,297.50,-875.0,-385.0,1,53.003
1784211199.9658823,01/01/2000,02:41:00.73,-890.14,-98.14,-453.61,0.27,0.33,-0.34,68.55,43.35,-13.05,28.22,0.49,1.22,1014.43,210.0,-875.0,-288.75,1,53.002
1784211199.9865396,01/01/2000,02:41:00.75,-896.97,-88.87,-453.61,0.08,1.65,1.01,67.95,43.65,-12.45,28.37,0.37,0.98,1014.55,271.25,-770.0,-253.75,1,53.001
1784211199.9982688,01/01/2000,02:41:00.76,-887.21,-93.26,-462.40,-1.77,-0.56,-0.53,69.15,43.20,-13.95,28.22,0.24,1.22,1014.67,148.75,-717.50,-385.0,1,53.000
1784211200.0267055,01/01/2000,02:41:00.78,-896.00,-89.84,-452.15,0.72,-0.72,-2.17,68.25,41.85,-14.10,28.37,0.24,1.22,1014.55,341.25,-822.50,-367.50,1,52.999
1784211200.0419137,01/01/2000,02:41:00.80,-897.95,-100.59,-458.98,1.38,-0.12,1.92,68.40,43.20,-12.90,28.37,0.24,0.98,1014.43,175.0,-892.50,-297.50,1,52.998
1784211200.0575078,01/01/2000,02:41:00.82,-902.34,-89.84,-446.78,-1.11,0.44,-1.13,68.55,42.60,-13.80,28.37,0.24,1.10,1014.19,192.50,-743.75,-341.25,1,53.006
1784211200.073319,01/01/2000,02:41:00.84,-888.67,-88.38,-446.29,-0.73,-0.68,0.76,69.15,42.0,-14.70,28.37,0.0,1.22,1014.19,262.50,-892.50,-341.25,1,53.005
1784211200.1007142,01/01/2000,02:41:00.86,-894.04,-96.19,-453.13,-0.17,-0.73,2.58,67.95,43.20,-12.90,28.41,0.24,1.34,1014.31,253.75,-875.0,-306.25,1,53.004
1784211200.1130722,01/01/2000,02:41:00.87,-889.16,-83.50,-457.03,-0.34,-0.44,-2.08,67.20,42.75,-13.20,28.22,0.24,1.46,1014.31,385.0,-840.0,-376.25,1,53.003
1784211200.1315386,01/01/2000,02:41:00.89,-899.41,-95.21,-448.24,1.12,3.58,-2.09,68.40,42.75,-12.90,28.32,0.37,1.34,1014.31,288.75,-700.0,-350.0,1,53.002
1784211200.1457148,01/01/2000,02:41:00.91,-888.18,-97.66,-452.15,-0.34,1.58,1.20,68.55,43.35,-13.80,28.32,0.24,1.46,1014.43,131.25,-813.75,-306.25,1,53.010
1784211200.1670778,01/01/2000,02:41:00.93,-893.55,-101.07,-456.54,0.42,-1.74,-0.24,68.40,42.45,-13.95,28.32,0.37,1.59,1014.31,280.0,-813.75,-350.0,1,53.000
1784211200.184178,01/01/2000,02:41:00.95,-882.32,-93.26,-470.70,-0.53,0.45,-1.19,67.80,43.35,-11.85,28.41,0.24,1.46,1014.19,367.50,-875.0,-253.75,1,53.008
1784211200.219025,01/01/2000,02:41:00.98,-880.86,-88.38,-441.41,1.18,-0.99,-2.42,68.70,43.65,-12.15,28.51,0.37,1.34,1014.31,280.0,-796.25,-245.0,1,53.006
1784211200.245245,01/01/2000,02:41:01.00,-890.63,-92.29,-457.03,1.27,-2.16,-0.39,67.65,40.35,-11.70,27.98,0.24,1.46,1014.31,358.75,-883.75,-376.25,1,53.005
1784211200.26085,01/01/2000,02:41:01.02,-887.21,-93.26,-451.17,2.14,-0.40,-0.12,67.65,40.35,-11.70,28.32,0.37,1.34,1014.31,262.50,-813.75,-420.0,1,53.004
1784211200.2737694,01/01/2000,02:41:01.04,-904.30,-107.91,-457.03,-1.37,-1.09,-1.11,67.35,41.85,-13.80,28.41,0.24,1.46,1014.43,341.25,-761.25,-446.25,1,53.012
1784211200.297406,01/01/2000,02:41:01.06,-893.07,-99.12,-459.47,-0.85,-1.83,-0.24,68.40,42.75,-13.65,28.17,0.24,1.34,1014.43,393.75,-848.75,-297.50,1,53.011
1784211200.3301728,01/01/2000,02:41:01.09,-900.39,-82.52,-458.98,0.72,1.26,0.99,67.95,41.25,-13.20,28.17,0.24,1.22,1014.31,315.0,-936.25,-376.25,1,53.009
1784211200.3521004,01/01/2000,02:41:01.11,-895.02,-96.19,-440.92,1.11,0.65,1.18,68.25,42.15,-12.60,28.37,0.24,1.22,1014.55,358.75,-848.75,-393.75,1,53.008
1784211200.3688092,01/01/2000,02:41:01.13,-888.18,-89.36,-452.64,-0.10,-1.68,-1.02,68.40,42.75,-14.70,28.08,0.37,1.46,1014.67,297.50,-936.25,-367.50,1,53.007
1784211200.3853817,01/01/2000,02:41:01.15,-894.04,-97.66,-460.45,3.15,-0.13,-1.96,67.35,42.60,-12.60,28.32,0.37,1.46,1014.55,280.0,-840.0,-358.75,1,53.015
1784211200.40315,01/01/2000,02:41:01.17,-905.27,-82.52,-460.94,0.42,-2.05,-1.62,66.90,43.20,-12.90,28.37,0.24,1.46,1014.55,245.0,-883.75,-385.0,1,53.014
1784211200.4145083,01/01/2000,02:41:01.18,-877.93,-96.19,-453.13,0.41,-1.64,-2.23,68.70,42.45,-13.20,28.37,0.24,1.46,1014.55,341.25,-840.0,-332.50,1,53.013
1784211200.4472346,01/01/2000,02:41:01.20,-894.04,-92.29,-455.08,0.71,1.73,-0.32,68.70,42.45,-13.65,28.17,0.24,1.46,1014.31,131.25,-866.25,-297.50,1,53.012
1784211200.465861,01/01/2000,02:41:01.23,-892.58,-93.26,-451.17,1.47,-1.11,0.46,67.05,42.15,-12.30,28.37,0.24,1.46,1014.43,148.75,-962.50,-280.0,1,53.011
1784211200.5035236,01/01/2000,02:41:01.27,-886.72,-87.40,-450.68,0.90,1.34,0.82,67.65,43.20,-13.95,28.56,0.37,1.46,1014.55,385.0,-752.50,-253.75,1,53.009
1784211200.5235405,01/01/2000,02:41:01.29,-903.32,-92.77,-454.59,-0.08,-0.11,-2.17,67.20,43.20,-13.65,28.17,0.37,1.46,1014.55,288.75,-831.25,-315.0,1,53.008
1784211200.540945,01/01/2000,02:41:01.31,-889.16,-87.89,-453.61,1.51,-1.47,-0.07,67.65,42.0,-13.20,28.32,0.37,1.59,1014.55,253.75,-805.0,-306.25,1,53.007
1784211200.5584018,01/01/2000,02:41:01.32,-897.46,-93.75,-455.08,-0.49,-2.28,2.22,68.40,42.45,-12.90,28.08,0.37,1.59,1014.55,175.0,-778.75,-253.75,1,53.006
1784211200.5794072,01/01/2000,02:41:01.34,-895.51,-103.03,-459.96,0.25,-0.84,0.93,67.95,42.45,-12.15,28.32,0.37,1.46,1014.55,332.50,-831.25,-341.25,1,53.005
1784211200.5969195,01/01/2000,02:41:01.36,-894.04,-96.19,-447.75,-0.21,0.27,1.73,68.55,42.15,-12.60,28.22,0.24,1.46,1014.67,271.25,-822.50,-376.25,1,53.004
1784211200.6112843,01/01/2000,02:41:01.38,-892.58,-97.17,-460.94,2.62,0.07,1.24,67.95,40.80,-12.90,28.37,0.24,1.46,1014.67,315.0,-892.50,-341.25,1,53.012
1784211200.6285257,01/01/2000,02:41:01.40,-896.48,-98.63,-457.03,1.0,-2.44,-0.37,68.40,43.95,-12.90,28.22,0.24,1.59,1014.80,183.75,-813.75,-306.25,1,53.011
1784211200.671885,01/01/2000,02:41:01.43,-885.74,-86.91,-456.54,-0.27,-0.60,-0.43,67.95,42.45,-12.45,28.08,0.37,1.34,1014.55,61.25,-875.0,-280.0,1,53.009
1784211200.691673,01/01/2000,02:41:01.45,-908.69,-90.82,-448.24,-0.83,-2.45,-0.26,67.05,41.85,-11.55,28.56,0.37,1.46,1014.55,183.75,-875.0,-367.50,1,53.008
1784211200.7122622,01/01/2000,02:41:01.47,-891.11,-93.75,-455.57,-0.40,0.58,1.36,67.80,42.60,-12.60,28.32,0.49,1.46,1014.80,341.25,-857.50,-280.0,1,53.016
1784211200.720461,01/01/2000,02:41:01.49,-892.09,-96.19,-442.38,0.07,2.42,1.85,67.80,44.55,-13.35,28.37,0.49,1.46,1014.67,192.50,-875.0,-341.25,1,53.006
1784211200.7420828,01/01/2000,02:41:01.51,-892.58,-101.56,-452.64,1.50,3.18,-0.52,66.30,42.60,-11.10,28.08,0.37,1.59,1014.55,262.50,-796.25,-350.0,1,53.014
1784211200.7619927,01/01/2000,02:41:01.52,-901.37,-98.14,-452.15,1.21,-1.64,-1.34,69.0,42.60,-12.30,28.37,0.37,1.59,1014.55,271.25,-892.50,-315.0,1,53.013
1784211200.7825449,01/01/2000,02:41:01.55,-897.46,-94.24,-463.87,1.64,1.65,0.86,68.55,42.15,-12.60,28.08,0.49,1.59,1014.67,306.25,-813.75,-315.0,1,53.012
1784211200.8044665,01/01/2000,02:41:01.56,-895.51,-102.05,-452.64,-1.44,1.20,-0.19,67.35,41.85,-13.05,28.41,0.49,1.46,1014.55,288.75,-840.0,-402.50,1,53.011
1784211200.8127656,01/01/2000,02:41:01.58,-891.11,-82.52,-463.87,2.31,1.31,0.03,67.80,43.80,-13.35,27.79,0.24,1.46,1014.55,201.25,-761.25,-297.50,1,53.010
1784211200.8358767,01/01/2000,02:41:01.60,-895.51,-103.52,-453.61,0.02,-1.34,1.46,69.90,42.45,-13.65,28.41,0.49,1.46,1014.55,280.0,-840.0,-315.0,1,53.018
1784211200.8550713,01/01/2000,02:41:01.62,-890.14,-88.87,-454.59,-0.14,1.53,-0.47,67.95,43.20,-12.90,28.08,0.49,1.46,1014.55,376.25,-901.25,-218.75,1,53.017
1784211200.8649426,01/01/2000,02:41:01.64,-897.95,-104.49,-439.45,-0.68,0.08,1.90,68.70,41.25,-14.70,28.17,0.49,1.34,1014.55,175.0,-892.50,-297.50,1,53.016
1784211200.9071794,01/01/2000,02:41:01.67,-891.60,-94.73,-440.92,0.73,0.41,-0.24,68.55,40.95,-13.35,28.37,0.37,1.46,1014.67,297.50,-936.25,-402.50,1,53.013
1784211200.9270778,01/01/2000,02:41:01.69,-890.14,-92.29,-455.57,2.95,2.10,-0.37,68.55,43.35,-12.60,28.41,0.37,1.46,1014.55,131.25,-910.0,-420.0,1,53.012
1784211200.9408789,01/01/2000,02:41:01.71,-895.51,-96.19,-451.17,0.39,0.96,2.60,69.0,43.05,-12.60,28.37,0.24,1.46,1014.55,341.25,-875.0,-350.0,1,53.020
1784211200.9688532,01/01/2000,02:41:01.73,-882.81,-95.70,-455.08,0.33,0.18,1.35,67.35,43.35,-12.60,28.41,0.49,1.59,1014.55,140.0,-822.50,-271.25,1,53.010
1784211200.991744,01/01/2000,02:41:01.76,-885.74,-94.73,-451.66,0.11,1.60,0.38,67.20,39.60,-10.95,28.37,0.49,1.59,1014.67,236.25,-875.0,-376.25,1,53.009
1784211201.0013714,01/01/2000,02:41:01.77,-891.60,-97.66,-444.82,0.89,0.03,0.21,68.40,43.95,-12.45,28.37,0.49,1.46,1014.55,280.0,-875.0,-262.50,1,53.008
1784211201.0206406,01/01/2000,02:41:01.79,-889.65,-96.68,-456.54,1.52,1.79,0.21,67.80,42.15,-13.35,28.51,0.24,1.46,1014.67,315.0,-770.0,-306.25,1,53.016
1784211201.063041,01/01/2000,02:41:01.83,-899.90,-89.36,-457.03,0.60,1.46,-0.44,67.95,42.75,-13.20,28.37,0.24,1.46,1014.80,306.25,-796.25,-367.50,1,53.014
1784211201.08289,01/01/2000,02:41:01.84,-893.55,-100.59,-457.52,0.71,0.16,-0.66,68.70,43.20,-13.65,28.32,0.24,1.34,1014.92,253.75,-831.25,-411.25,1,53.013
1784211201.099295,01/01/2000,02:41:01.86,-892.58,-85.94,-452.15,0.47,0.47,0.74,67.80,43.05,-14.10,28.37,0.37,1.34,1014.80,288.75,-761.25,-367.50,1,53.012
1784211201.11431,01/01/2000,02:41:01.88,-894.53,-97.17,-452.15,0.73,0.08,-1.43,67.95,43.65,-13.65,28.03,0.49,1.34,1014.67,280.0,-901.25,-367.50,1,53.020
1784211201.1501606,01/01/2000,02:41:01.92,-895.02,-80.57,-459.47,2.11,-0.89,-0.89,68.55,44.25,-13.05,28.37,0.49,1.34,1014.80,271.25,-866.25,-332.50,1,53.018
1784211201.176511,01/01/2000,02:41:01.94,-898.93,-90.82,-449.22,-0.47,-0.47,0.57,67.80,42.60,-14.85,28.17,0.61,1.22,1014.55,341.25,-813.75,-288.75,1,53.017
1784211201.1867938,01/01/2000,02:41:01.95,-873.05,-89.36,-459.47,1.07,-0.66,-1.02,67.80,42.60,-14.85,28.03,0.61,1.22,1014.55,227.50,-813.75,-323.75,1,53.016
1784211201.2096953,01/01/2000,02:41:01.97,-875.49,-103.03,-450.20,1.90,0.11,-1.44,65.40,40.20,-9.30,28.56,0.61,1.22,1014.55,271.25,-901.25,-376.25,1,53.015
1784211201.2280965,01/01/2000,02:41:01.99,-885.74,-88.87,-452.64,-0.15,-0.91,2.89,69.0,43.05,-13.80,28.37,0.49,1.22,1014.55,332.50,-787.50,-367.50,1,53.014
1784211201.238152,01/01/2000,02:41:02.01,-893.07,-95.21,-438.96,2.96,-0.37,2.67,67.80,43.35,-13.05,28.32,0.24,1.34,1014.43,210.0,-805.0,-358.75,1,53.022
1784211201.2793996,01/01/2000,02:41:02.05,-892.09,-90.82,-452.64,-0.92,2.27,-0.41,68.70,43.95,-12.90,28.32,0.12,1.10,1014.43,122.50,-805.0,-306.25,1,53.020
1784211201.3001075,01/01/2000,02:41:02.06,-889.65,-90.33,-455.08,0.85,0.35,0.91,68.40,43.65,-12.45,28.32,0.12,1.22,1014.31,245.0,-866.25,-376.25,1,53.019
1784211201.3104126,01/01/2000,02:41:02.08,-892.09,-97.17,-449.22,1.13,0.98,0.15,67.80,43.05,-12.60,28.37,0.12,1.10,1014.55,210.0,-840.0,-393.75,1,53.018
1784211201.330857,01/01/2000,02:41:02.10,-898.44,-97.17,-451.17,-0.63,0.13,-1.02,69.15,42.75,-13.95,28.32,0.0,1.22,1014.43,306.25,-822.50,-411.25,1,53.017
1784211201.3725345,01/01/2000,02:41:02.14,-883.79,-79.59,-454.59,0.48,1.10,0.29,67.80,43.05,-14.85,28.37,-0.12,1.22,1014.55,315.0,-778.75,-332.50,1,53.024
1784211201.3953826,01/01/2000,02:41:02.15,-890.63,-88.38,-445.31,-0.95,-0.66,0.80,67.35,43.35,-12.60,28.22,0.0,1.34,1014.55,236.25,-761.25,-367.50,1,53.023
1784211201.4118369,01/01/2000,02:41:02.17,-890.63,-94.73,-461.91,1.60,-0.06,-1.01,67.65,43.20,-13.65,28.41,0.24,1.22,1014.31,306.25,-857.50,-306.25,1,53.022
1784211201.4278913,01/01/2000,02:41:02.19,-906.74,-78.61,-459.47,0.88,0.16,2.90,67.95,41.25,-13.65,28.37,0.24,1.34,1014.31,245.0,-875.0,-350.0,1,53.021
1784211201.4480233,01/01/2000,02:41:02.21,-892.09,-95.21,-453.61,1.79,-0.29,1.78,68.70,42.0,-14.40,28.22,0.24,1.34,1014.31,210.0,-813.75,-402.50,1,53.029
1784211201.4638104,01/01/2000,02:41:02.23,-888.67,-92.77,-458.50,2.63,0.18,0.92,68.25,43.35,-13.35,28.51,0.24,1.34,1014.55,175.0,-875.0,-350.0,1,53.019
1784211201.490732,01/01/2000,02:41:02.25,-902.83,-88.87,-451.66,-1.84,1.0,0.09,66.30,42.60,-11.10,28.37,0.37,1.34,1014.80,201.25,-778.75,-306.25,1,53.018
1784211201.5295837,01/01/2000,02:41:02.29,-891.60,-94.24,-442.38,-0.48,-2.64,2.86,67.35,42.60,-13.80,28.03,0.49,1.46,1014.67,288.75,-770.0,-323.75,1,53.016
1784211201.550385,01/01/2000,02:41:02.31,-891.11,-93.26,-458.50,-0.44,-1.69,-0.76,67.35,42.15,-13.05,28.37,0.37,1.34,1014.67,472.50,-813.75,-376.25,1,53.015
1784211201.5639036,01/01/2000,02:41:02.33,-888.18,-92.29,-449.71,-1.21,1.07,0.17,68.40,41.55,-12.45,28.03,0.37,1.34,1014.55,245.0,-892.50,-332.50,1,53.014
1784211201.5831282,01/01/2000,02:41:02.35,-897.95,-91.80,-459.96,-0.24,1.45,0.58,68.40,42.0,-12.90,28.22,0.24,1.34,1014.55,140.0,-857.50,-367.50,1,53.022
1784211201.6022036,01/01/2000,02:41:02.36,-888.67,-88.38,-454.10,-0.47,0.72,0.53,66.90,43.20,-12.90,28.32,0.24,1.34,1014.43,227.50,-866.25,-376.25,1,53.021
1784211201.6226208,01/01/2000,02:41:02.39,-898.93,-93.26,-458.01,0.98,2.04,1.95,67.80,43.05,-13.80,28.32,0.49,1.46,1014.31,376.25,-778.75,-280.0,1,53.020
1784211201.6453612,01/01/2000,02:41:02.40,-899.90,-93.26,-455.08,1.57,0.15,-0.34,67.80,42.15,-13.35,28.51,0.37,1.46,1014.31,271.25,-805.0,-455.0,1,53.019
1784211201.6574311,01/01/2000,02:41:02.42,-891.60,-95.21,-447.75,2.34,-1.08,-0.31,67.65,42.75,-13.95,28.08,0.24,1.46,1014.43,288.75,-700.0,-350.0,1,53.018
1784211201.6765337,01/01/2000,02:41:02.44,-875.98,-94.24,-473.63,2.20,-0.79,-0.25,68.70,43.65,-13.20,28.41,0.24,1.46,1014.55,236.25,-840.0,-350.0,1,53.025
1784211201.6955009,01/01/2000,02:41:02.46,-889.65,-98.14,-460.94,2.72,-1.66,-3.38,67.20,42.45,-14.70,28.22,0.37,1.46,1014.31,350.0,-813.75,-402.50,1,53.024
1784211201.7298052,01/01/2000,02:41:02.49,-894.53,-85.45,-454.10,0.66,1.29,-1.09,68.25,42.15,-12.60,28.17,0.24,1.46,1014.43,262.50,-770.0,-376.25,1,53.022
1784211201.7513683,01/01/2000,02:41:02.51,-886.72,-91.31,-465.33,-2.84,-1.99,-1.82,66.60,41.40,-11.85,28.22,0.37,1.22,1014.55,236.25,-875.0,-280.0,1,53.021
1784211201.772774,01/01/2000,02:41:02.53,-899.90,-99.61,-455.57,2.65,0.61,-2.69,66.60,41.40,-11.85,28.37,0.24,1.10,1014.55,323.75,-848.75,-288.75,1,53.020
1784211201.7807777,01/01/2000,02:41:02.55,-894.04,-86.43,-459.96,1.21,-1.11,1.15,68.25,42.15,-12.60,27.98,0.24,0.98,1014.55,166.25,-796.25,-350.0,1,53.028
1784211201.8030012,01/01/2000,02:41:02.57,-907.23,-89.36,-457.03,1.03,-3.44,-0.17,68.70,42.0,-11.70,28.22,0.24,1.10,1014.55,245.0,-875.0,-358.75,1,53.027
1784211201.8411727,01/01/2000,02:41:02.60,-888.18,-95.70,-438.96,-0.24,2.56,-1.08,67.80,43.80,-13.05,28.32,0.24,1.46,1014.67,192.50,-735.0,-306.25,1,53.025
1784211201.8751826,01/01/2000,02:41:02.64,-884.28,-108.40,-450.20,1.61,-1.47,-0.51,69.75,42.60,-13.05,28.37,0.37,1.22,1014.55,227.50,-743.75,-280.0,1,53.032
1784211201.8964117,01/01/2000,02:41:02.66,-893.07,-102.54,-448.73,1.91,-1.08,-2.13,67.20,42.75,-13.65,27.98,0.37,1.22,1014.80,236.25,-892.50,-332.50,1,53.031
1784211201.9119534,01/01/2000,02:41:02.68,-886.72,-104.00,-459.96,-1.08,-1.18,-0.28,68.25,44.25,-13.80,28.37,0.49,1.46,1014.55,183.75,-752.50,-341.25,1,53.030
1784211201.9269092,01/01/2000,02:41:02.69,-888.18,-103.03,-448.24,1.88,-0.34,-1.74,67.95,42.0,-14.40,28.22,0.49,1.46,1014.55,262.50,-708.75,-306.25,1,53.029
1784211201.9569721,01/01/2000,02:41:02.72,-894.04,-94.24,-458.50,-0.34,-0.27,2.81,69.60,42.45,-12.90,28.37,0.61,1.22,1014.80,175.0,-840.0,-350.0,1,53.028
1784211201.9704711,01/01/2000,02:41:02.73,-877.93,-100.59,-449.71,-0.34,-0.84,0.50,67.65,43.20,-12.45,28.41,0.61,1.22,1014.67,306.25,-831.25,-332.50,1,53.027
1784211201.988498,01/01/2000,02:41:02.75,-902.34,-100.59,-463.38,-1.79,-0.92,2.82,67.65,43.95,-12.45,28.22,0.49,1.10,1014.67,236.25,-735.0,-332.50,1,53.026
1784211202.0310469,01/01/2000,02:41:02.80,-891.60,-86.43,-447.75,1.17,-0.18,-0.49,68.70,43.20,-12.90,28.32,0.61,1.34,1014.80,271.25,-761.25,-358.75,1,53.024
1784211202.0517693,01/01/2000,02:41:02.82,-880.37,-106.45,-458.98,1.68,-0.98,-0.14,67.80,44.25,-13.05,28.37,0.49,1.34,1014.67,192.50,-770.0,-385.0,1,53.023
1784211202.0698347,01/01/2000,02:41:02.83,-892.58,-99.12,-449.22,-1.0,-1.12,-1.10,67.80,44.25,-13.05,28.08,0.37,1.22,1014.55,288.75,-717.50,-323.75,1,53.022
1784211202.0824606,01/01/2000,02:41:02.85,-885.74,-97.66,-441.89,0.52,2.20,1.89,67.65,42.45,-13.20,28.32,0.24,1.22,1014.55,350.0,-892.50,-288.75,1,53.030
1784211202.1243665,01/01/2000,02:41:02.89,-891.60,-92.77,-457.03,0.05,-0.74,0.07,68.40,42.75,-13.20,28.37,0.24,1.22,1014.31,113.75,-778.75,-297.50,1,53.028
1784211202.1496234,01/01/2000,02:41:02.91,-898.44,-97.66,-450.20,1.60,-1.03,1.35,69.0,44.25,-13.80,28.32,0.24,1.10,1014.31,376.25,-857.50,-367.50,1,53.027
1784211202.1787002,01/01/2000,02:41:02.94,-878.42,-82.52,-439.94,2.22,-1.04,2.73,69.60,42.75,-12.90,28.56,0.24,1.22,1014.31,455.0,-875.0,-332.50,1,53.025
1784211202.1976476,01/01/2000,02:41:02.96,-895.02,-88.38,-451.66,-0.52,-0.71,-0.53,67.95,42.75,-14.70,28.51,0.12,1.22,1014.31,175.0,-848.75,-367.50,1,53.024
1784211202.2079945,01/01/2000,02:41:02.98,-887.70,-85.94,-456.54,0.78,-1.28,1.44,68.25,43.05,-13.80,28.41,0.12,1.22,1014.43,306.25,-857.50,-288.75,1,53.032
1784211202.2514856,01/01/2000,02:41:03.02,-892.58,-100.10,-457.03,1.95,-0.03,-2.34,67.65,43.20,-13.65,27.98,0.24,1.22,1014.55,288.75,-883.75,-306.25,1,53.030
1784211202.2700512,01/01/2000,02:41:03.03,-878.91,-76.17,-459.96,0.13,-0.02,-0.73,67.80,41.40,-12.60,28.08,0.24,1.22,1014.55,166.25,-918.75,-297.50,1,53.029
1784211202.2801046,01/01/2000,02:41:03.05,-895.51,-85.45,-462.40,0.73,-1.11,-0.67,68.70,42.45,-13.20,28.17,0.24,1.22,1014.55,183.75,-831.25,-306.25,1,53.028
1784211202.3009195,01/01/2000,02:41:03.07,-889.65,-99.12,-458.50,-0.18,-1.24,1.73,67.65,43.65,-12.90,28.17,0.24,1.46,1014.55,122.50,-901.25,-306.25,1,53.027
1784211202.3424797,01/01/2000,02:41:03.11,-880.37,-92.29,-456.05,-1.10,2.27,1.66,67.20,42.45,-13.65,28.17,0.24,1.46,1014.80,350.0,-945.0,-367.50,1,53.033
1784211202.3646858,01/01/2000,02:41:03.13,-896.48,-98.63,-464.84,-0.56,0.75,-0.74,67.95,42.45,-13.65,27.98,0.24,1.59,1014.80,105.0,-883.75,-271.25,1,53.032
1784211202.3801556,01/01/2000,02:41:03.15,-889.65,-101.56,-463.38,0.02,0.86,-2.03,67.20,42.45,-13.20,28.37,0.24,1.46,1014.67,201.25,-857.50,-288.75,1,53.031
1784211202.3995323,01/01/2000,02:41:03.16,-881.35,-88.38,-438.96,3.28,1.11,0.53,67.65,42.0,-14.70,28.32,0.37,1.34,1014.67,245.0,-927.50,-402.50,1,53.030
1784211202.416639,01/01/2000,02:41:03.18,-893.07,-103.52,-447.27,0.37,0.17,1.25,66.60,41.85,-12.30,28.37,0.37,1.10,1014.67,183.75,-770.0,-332.50,1,53.029
1784211202.4375045,01/01/2000,02:41:03.20,-884.77,-94.24,-446.29,2.82,-1.13,-0.31,67.05,41.85,-12.30,28.22,0.24,1.22,1014.55,166.25,-918.75,-385.0,1,53.028
1784211202.470412,01/01/2000,02:41:03.24,-880.86,-92.77,-450.20,2.91,-0.79,0.88,67.95,42.0,-13.20,28.37,0.24,0.98,1014.43,183.75,-857.50,-402.50,1,53.035
1784211202.484806,01/01/2000,02:41:03.25,-900.39,-90.33,-448.24,-0.03,0.48,-1.18,68.55,44.25,-14.10,28.51,0.24,1.22,1014.67,227.50,-787.50,-437.50,1,53.034
1784211202.5109708,01/01/2000,02:41:03.27,-885.25,-93.26,-452.15,0.84,-0.94,-0.95,66.0,42.45,-13.95,28.37,0.24,1.10,1014.67,350.0,-857.50,-288.75,1,53.033
1784211202.5373902,01/01/2000,02:41:03.30,-895.51,-105.47,-458.50,-0.45,0.58,1.35,67.20,42.0,-10.95,28.17,0.37,1.22,1014.55,280.0,-840.0,-288.75,1,53.032
1784211202.551263,01/01/2000,02:41:03.32,-887.70,-95.21,-464.36,-0.59,0.61,0.77,68.25,43.80,-14.55,28.32,0.37,1.10,1014.43,280.0,-866.25,-341.25,1,53.031
1784211202.5712645,01/01/2000,02:41:03.34,-888.67,-88.38,-458.50,0.31,1.22,-0.66,67.95,43.20,-12.45,28.17,0.24,1.34,1014.43,227.50,-953.75,-315.0,1,53.030
1784211202.6103828,01/01/2000,02:41:03.37,-884.28,-96.68,-461.43,-0.59,-0.33,-0.27,68.25,43.35,-12.60,27.98,0.24,1.34,1014.43,245.0,-857.50,-332.50,1,53.028
1784211202.6312308,01/01/2000,02:41:03.39,-895.51,-91.80,-449.22,-0.13,1.96,1.56,67.05,41.40,-13.80,28.17,0.49,1.34,1014.43,271.25,-770.0,-323.75,1,53.027
1784211202.6414824,01/01/2000,02:41:03.41,-899.90,-96.68,-460.45,0.20,0.75,-0.36,68.70,42.75,-14.40,28.32,0.37,1.22,1014.43,210.0,-857.50,-332.50,1,53.026
1784211202.664139,01/01/2000,02:41:03.43,-893.55,-97.17,-457.03,1.11,0.98,-1.47,67.80,42.15,-11.55,27.98,0.37,1.22,1014.43,262.50,-805.0,-411.25,1,53.025
1784211202.6983027,01/01/2000,02:41:03.47,-893.07,-87.89,-458.98,2.18,-2.18,0.98,68.25,42.60,-13.05,28.37,0.24,1.22,1014.55,280.0,-857.50,-437.50,1,53.032
1784211202.7233987,01/01/2000,02:41:03.49,-897.46,-90.33,-454.10,3.08,0.63,-0.69,68.55,40.95,-12.60,28.32,0.49,1.46,1014.67,192.50,-901.25,-288.75,1,53.031
1784211202.7339373,01/01/2000,02:41:03.50,-902.83,-95.70,-444.34,0.74,0.35,-0.40,68.55,40.95,-12.60,28.08,0.49,1.34,1014.55,297.50,-787.50,-420.0,1,53.030
1784211202.7545545,01/01/2000,02:41:03.52,-895.51,-95.21,-451.66,-0.36,0.61,0.46,67.35,42.15,-13.35,28.51,0.49,1.22,1014.55,437.50,-813.75,-315.0,1,53.029
1784211202.7687337,01/01/2000,02:41:03.54,-883.30,-102.05,-448.73,-1.67,-0.79,0.60,67.95,43.65,-12.90,28.03,0.49,1.22,1014.67,201.25,-848.75,-210.0,1,53.037
1784211202.785871,01/01/2000,02:41:03.56,-896.00,-91.31,-462.89,0.98,-2.88,0.59,67.95,43.20,-13.95,28.03,0.49,1.46,1014.31,166.25,-848.75,-280.0,1,53.036
1784211202.8172238,01/01/2000,02:41:03.58,-904.30,-104.00,-448.24,1.69,-0.77,0.04,67.95,42.75,-12.90,28.22,0.61,1.46,1014.43,227.50,-840.0,-341.25,1,53.035
1784211202.8276377,01/01/2000,02:41:03.59,-891.11,-92.29,-449.22,-0.36,-1.03,2.52,67.95,42.75,-12.90,28.03,0.61,1.34,1014.43,253.75,-787.50,-376.25,1,53.034
1784211202.8483615,01/01/2000,02:41:03.61,-896.48,-84.47,-463.87,0.24,-0.58,-0.45,67.35,42.45,-12.90,28.37,0.73,1.34,1014.55,350.0,-840.0,-323.75,1,53.033
1784211202.858694,01/01/2000,02:41:03.63,-880.86,-90.33,-445.80,1.23,0.56,0.58,67.35,42.60,-13.35,28.32,0.49,1.34,1014.55,236.25,-997.50,-411.25,1,53.032
1784211202.8792236,01/01/2000,02:41:03.65,-881.84,-106.45,-460.94,-0.58,1.96,1.19,69.75,42.60,-13.35,28.37,0.49,1.22,1014.55,262.50,-822.50,-288.75,1,53.039
1784211202.9208345,01/01/2000,02:41:03.69,-892.58,-102.05,-454.10,-0.92,-0.89,1.49,68.70,42.0,-12.90,28.37,0.24,1.10,1014.55,315.0,-892.50,-350.0,1,53.037
1784211202.9411638,01/01/2000,02:41:03.70,-888.18,-97.66,-453.61,-0.09,0.41,0.69,68.55,43.05,-13.80,28.37,0.24,1.10,1014.55,358.75,-866.25,-402.50,1,53.036
1784211202.9517903,01/01/2000,02:41:03.72,-887.70,-91.31,-459.47,0.89,-0.46,-2.31,68.70,44.40,-14.40,28.22,0.24,1.22,1014.67,105.0,-953.75,-297.50,1,53.035
1784211202.9723704,01/01/2000,02:41:03.74,-900.39,-91.80,-466.31,-0.33,0.27,0.27,67.20,43.65,-13.20,28.37,0.24,1.10,1014.55,192.50,-787.50,-245.0,1,53.043
1784211203.0141342,01/01/2000,02:41:03.78,-900.39,-92.77,-465.82,-0.76,-1.22,1.98,67.20,41.55,-11.70,28.37,0.37,1.22,1014.31,157.50,-901.25,-341.25,1,53.041
1784211203.034956,01/01/2000,02:41:03.80,-894.53,-90.33,-452.15,-0.21,-1.73,-1.50,68.25,41.85,-13.05,28.08,0.24,1.22,1014.43,306.25,-752.50,-306.25,1,53.040
1784211203.076657,01/01/2000,02:41:03.84,-900.88,-94.73,-452.15,2.44,-0.47,-1.01,67.65,44.40,-13.95,28.37,0.49,1.22,1014.31,262.50,-822.50,-236.25,1,53.029
1784211203.0974274,01/01/2000,02:41:03.86,-895.51,-93.26,-457.03,2.84,-0.57,2.51,68.40,41.25,-13.20,28.37,0.49,1.34,1014.31,253.75,-883.75,-306.25,1,53.028
1784211203.1078248,01/01/2000,02:41:03.88,-901.37,-102.05,-445.80,0.92,-1.93,0.55,67.80,43.05,-11.85,28.32,0.49,1.22,1014.43,166.25,-735.0,-376.25,1,53.036
1784211203.1285243,01/01/2000,02:41:03.90,-895.02,-95.21,-450.20,0.34,-1.14,1.81,67.35,42.60,-12.30,28.03,0.49,0.98,1014.67,358.75,-883.75,-376.25,1,53.035
1784211203.1697345,01/01/2000,02:41:03.93,-892.58,-98.63,-456.54,-0.21,0.07,1.23,68.25,42.60,-13.05,28.08,0.37,1.10,1014.80,192.50,-831.25,-358.75,1,53.033
1784211203.1906035,01/01/2000,02:41:03.95,-889.65,-95.21,-448.73,1.72,0.41,0.18,68.40,43.65,-13.65,28.22,0.37,0.98,1014.80,288.75,-892.50,-463.75,1,53.032
1784211203.2009304,01/01/2000,02:41:03.97,-893.07,-94.73,-454.10,2.23,-1.01,3.98,68.25,43.05,-12.30,28.51,0.24,0.98,1014.67,341.25,-866.25,-358.75,1,53.031
1784211203.2218096,01/01/2000,02:41:03.99,-901.37,-88.87,-449.22,1.0,0.72,-2.11,67.80,41.40,-11.55,28.32,0.24,1.10,1014.55,218.75,-761.25,-323.75,1,53.039
1784211203.2421918,01/01/2000,02:41:04.01,-901.86,-94.73,-463.87,-0.31,-0.51,-1.18,67.65,42.75,-12.45,28.37,0.37,1.22,1014.31,210.0,-840.0,-341.25,1,53.038
1784211203.2629743,01/01/2000,02:41:04.03,-896.48,-101.56,-459.47,2.28,0.45,-0.74,67.95,42.45,-12.90,28.08,0.49,1.22,1014.31,306.25,-761.25,-393.75,1,53.037
1784211203.2837963,01/01/2000,02:41:04.04,-906.74,-86.43,-458.50,1.29,0.82,0.82,67.80,43.05,-12.30,28.03,0.37,1.22,1014.31,315.0,-831.25,-455.0,1,53.036
1784211203.2940023,01/01/2000,02:41:04.06,-883.79,-93.26,-460.45,-0.94,-1.17,-0.07,67.95,42.75,-13.20,28.08,0.37,1.22,1014.31,297.50,-787.50,-323.75,1,53.035
1784211203.3148468,01/01/2000,02:41:04.08,-882.32,-99.12,-446.78,1.02,-1.14,0.83,67.95,43.20,-13.65,28.17,0.49,1.10,1014.43,245.0,-848.75,-393.75,1,53.042
1784211203.345648,01/01/2000,02:41:04.12,-901.37,-106.45,-453.61,2.76,1.76,0.41,68.25,42.15,-13.35,28.08,0.49,0.98,1014.55,218.75,-910.0,-306.25,1,53.040
1784211203.369893,01/01/2000,02:41:04.13,-884.28,-102.54,-463.87,-1.18,2.03,0.89,67.65,42.45,-12.90,28.17,0.24,0.98,1014.31,166.25,-752.50,-323.75,1,53.039
1784211203.3870564,01/01/2000,02:41:04.15,-894.04,-83.98,-457.52,4.23,0.62,2.27,68.70,41.25,-13.20,28.03,0.24,0.98,1014.43,323.75,-857.50,-297.50,1,53.038
1784211203.4090247,01/01/2000,02:41:04.17,-892.58,-94.24,-443.85,2.35,-1.02,-0.93,67.80,42.15,-13.05,28.32,0.37,0.98,1014.55,227.50,-901.25,-236.25,1,53.037
1784211203.42684,01/01/2000,02:41:04.19,-899.41,-81.54,-449.22,-0.05,2.34,-1.59,67.80,42.15,-13.80,28.41,0.37,0.98,1014.43,183.75,-892.50,-358.75,1,53.037
1784211203.4443107,01/01/2000,02:41:04.21,-905.27,-93.75,-454.59,-0.40,-0.34,1.44,68.55,43.05,-14.10,27.98,0.37,0.98,1014.55,306.25,-761.25,-332.50,1,53.044
1784211203.4579234,01/01/2000,02:41:04.23,-894.04,-95.21,-455.08,-0.34,1.40,-1.42,67.80,43.05,-13.35,28.37,0.37,0.98,1014.55,341.25,-927.50,-323.75,1,53.043
1784211203.4989793,01/01/2000,02:41:04.26,-901.37,-98.14,-456.54,1.61,0.60,-0.70,67.65,42.75,-12.15,28.32,0.24,1.10,1014.67,245.0,-743.75,-297.50,1,53.041
1784211203.5199947,01/01/2000,02:41:04.28,-897.46,-85.94,-469.24,-0.98,0.66,1.01,67.80,43.05,-13.05,28.08,0.0,1.10,1014.80,376.25,-805.0,-288.75,1,53.040
1784211203.5303667,01/01/2000,02:41:04.30,-891.60,-91.31,-458.50,0.29,1.75,1.47,69.0,43.35,-13.35,28.08,0.12,1.22,1014.67,288.75,-901.25,-245.0,1,53.039
1784211203.551192,01/01/2000,02:41:04.32,-890.63,-88.87,-458.01,1.75,0.29,-0.77,68.40,42.45,-11.25,28.51,0.12,1.10,1014.67,175.0,-778.75,-367.50,1,53.047
1784211203.582011,01/01/2000,02:41:04.34,-896.97,-93.26,-457.52,3.35,2.13,1.98,67.95,43.95,-13.65,28.41,0.12,1.22,1014.67,288.75,-875.0,-402.50,1,53.037
1784211203.5923657,01/01/2000,02:41:04.36,-916.02,-90.82,-458.98,0.60,-0.56,1.91,66.60,40.95,-11.10,28.32,0.24,1.22,1014.55,428.75,-840.0,-341.25,1,53.036
1784211203.612712,01/01/2000,02:41:04.38,-895.51,-99.12,-448.73,-1.22,1.88,1.01,66.30,41.40,-11.55,28.17,0.12,1.10,1014.67,245.0,-831.25,-315.0,1,53.035
1784211203.6540525,01/01/2000,02:41:04.42,-899.90,-99.61,-463.87,-0.85,1.15,0.11,68.25,42.15,-12.30,28.22,0.24,1.10,1014.55,131.25,-831.25,-262.50,1,53.042
1784211203.67504,01/01/2000,02:41:04.44,-890.14,-92.29,-453.61,1.79,-0.23,0.94,66.45,41.55,-13.20,28.37,0.24,0.98,1014.55,166.25,-875.0,-332.50,1,53.041
1784211203.68533,01/01/2000,02:41:04.46,-899.41,-96.19,-458.50,1.41,-1.78,0.66,70.05,42.15,-13.05,28.03,0.37,0.98,1014.55,332.50,-831.25,-280.0,1,53.040
1784211203.7066147,01/01/2000,02:41:04.48,-892.58,-94.24,-447.27,0.78,0.76,0.31,66.90,43.20,-12.45,28.08,0.37,0.98,1014.43,253.75,-778.75,-376.25,1,53.039
1784211203.746456,01/01/2000,02:41:04.51,-883.30,-89.84,-451.66,1.20,1.50,0.04,67.95,43.20,-12.45,28.32,0.37,1.22,1014.31,245.0,-761.25,-341.25,1,53.037
1784211203.7668517,01/01/2000,02:41:04.53,-883.30,-94.73,-455.57,0.85,-1.18,-4.23,67.95,43.20,-13.20,28.41,0.37,1.22,1014.31,341.25,-700.0,-332.50,1,53.036
1784211203.7873757,01/01/2000,02:41:04.55,-894.04,-88.87,-451.66,-1.60,-1.44,0.34,67.95,43.65,-14.40,28.32,0.37,1.22,1014.31,253.75,-778.75,-262.50,1,53.044
1784211203.7978358,01/01/2000,02:41:04.57,-900.88,-92.29,-450.68,-1.27,-0.13,0.90,66.90,41.55,-13.95,27.98,0.37,1.10,1014.43,210.0,-945.0,-385.0,1,53.043
1784211203.8183079,01/01/2000,02:41:04.59,-901.37,-77.64,-451.66,0.70,-0.98,-0.27,68.25,43.05,-12.60,28.37,0.24,1.10,1014.31,280.0,-875.0,-262.50,1,53.042
1784211203.8488414,01/01/2000,02:41:04.62,-885.74,-96.19,-466.31,-1.07,-0.71,-0.95,67.65,42.0,-12.15,27.84,0.37,1.10,1014.55,201.25,-866.25,-385.0,1,53.040
1784211203.8799636,01/01/2000,02:41:04.64,-900.88,-100.10,-457.52,1.96,0.18,0.56,67.80,43.80,-12.30,28.51,0.49,1.10,1014.55,157.50,-892.50,-341.25,1,53.047
1784211203.890524,01/01/2000,02:41:04.66,-885.74,-83.01,-458.01,0.65,0.80,1.63,69.0,42.15,-13.35,28.41,0.24,1.34,1014.55,280.0,-778.75,-385.0,1,53.046
1784211203.9112995,01/01/2000,02:41:04.68,-900.39,-90.82,-446.29,-0.18,0.22,-0.79,68.40,42.75,-13.20,28.37,0.37,1.34,1014.55,210.0,-743.75,-393.75,1,53.045
1784211203.921503,01/01/2000,02:41:04.69,-896.48,-100.10,-453.61,1.54,0.38,-0.01,69.30,43.05,-12.60,28.08,0.24,1.46,1014.55,297.50,-901.25,-341.25,1,53.044
1784211203.9423196,01/01/2000,02:41:04.71,-893.07,-92.77,-440.43,1.37,-1.86,1.34,68.25,43.80,-14.10,28.22,0.24,1.46,1014.55,157.50,-822.50,-262.50,1,53.043
1784211203.9833848,01/01/2000,02:41:04.75,-887.70,-91.31,-465.82,-1.05,-0.55,0.05,67.05,41.85,-12.60,28.37,0.24,1.46,1014.67,262.50,-971.25,-297.50,1,53.050
1784211204.004104,01/01/2000,02:41:04.77,-885.25,-91.31,-458.01,-0.10,-0.77,1.74,67.95,43.20,-14.70,28.22,0.24,1.34,1014.55,288.75,-953.75,-341.25,1,53.049
1784211204.0144496,01/01/2000,02:41:04.79,-892.58,-100.59,-462.89,1.0,0.48,1.31,68.25,43.80,-12.30,28.37,0.24,1.34,1014.55,157.50,-910.0,-332.50,1,53.048
1784211204.040421,01/01/2000,02:41:04.80,-898.93,-92.77,-444.34,1.33,0.38,1.70,67.65,42.0,-12.15,28.17,0.24,1.46,1014.55,271.25,-910.0,-350.0,1,53.047
1784211204.0579956,01/01/2000,02:41:04.82,-898.93,-91.80,-443.85,-2.66,0.69,-1.06,67.65,43.65,-13.95,28.03,0.24,1.34,1014.80,96.25,-892.50,-358.75,1,53.046
1784211204.0732038,01/01/2000,02:41:04.84,-882.81,-102.05,-452.64,0.38,-0.27,-0.88,67.95,42.45,-13.65,28.32,0.24,1.22,1014.80,332.50,-813.75,-271.25,1,53.054
1784211204.0964105,01/01/2000,02:41:04.87,-894.53,-95.21,-453.13,0.78,-1.77,0.36,67.80,40.95,-10.35,27.89,0.49,0.98,1014.43,280.0,-848.75,-332.50,1,53.044
1784211204.127263,01/01/2000,02:41:04.89,-886.23,-84.96,-453.61,0.20,-0.85,0.68,66.60,43.35,-12.30,28.17,0.24,0.98,1014.43,253.75,-892.50,-315.0,1,53.034
1784211204.137565,01/01/2000,02:41:04.91,-893.55,-90.82,-457.52,0.14,-1.31,0.95,67.95,42.75,-12.90,28.37,0.24,0.98,1014.43,385.0,-840.0,-341.25,1,53.042
1784211204.160149,01/01/2000,02:41:04.92,-892.58,-96.68,-454.10,0.02,-0.28,1.11,67.95,43.95,-13.95,28.22,0.37,0.98,1014.19,201.25,-936.25,-323.75,1,53.041
1784211204.189705,01/01/2000,02:41:04.96,-886.72,-98.63,-454.59,-0.01,-0.41,-1.27,67.05,40.95,-9.60,28.22,0.24,1.10,1014.19,262.50,-743.75,-315.0,1,53.039
1784211204.2211194,01/01/2000,02:41:04.98,-882.32,-92.29,-449.71,2.15,2.08,-0.78,69.0,42.15,-12.60,28.03,0.24,0.98,1014.06,367.50,-892.50,-437.50,1,53.038
1784211204.2313757,01/01/2000,02:41:05.00,-891.60,-92.29,-448.73,3.35,-1.21,1.53,68.25,43.05,-14.10,28.17,0.0,1.22,1014.31,236.25,-918.75,-367.50,1,53.037
1784211204.2520757,01/01/2000,02:41:05.02,-894.53,-97.17,-466.31,0.79,-1.46,0.13,68.40,42.0,-13.20,28.22,0.12,1.22,1014.19,166.25,-840.0,-323.75,1,53.045
1784211204.2714968,01/01/2000,02:41:05.04,-894.04,-99.12,-445.80,0.43,-2.42,-0.05,69.0,43.35,-11.85,28.41,0.24,1.10,1014.31,262.50,-848.75,-367.50,1,53.044
1784211204.2897787,01/01/2000,02:41:05.05,-877.93,-103.03,-450.68,-0.99,0.61,-1.60,69.0,43.35,-11.85,28.32,0.24,1.10,1014.31,245.0,-805.0,-350.0,1,53.043
1784211204.3044503,01/01/2000,02:41:05.07,-895.02,-95.21,-455.08,1.43,0.06,1.48,67.35,43.35,-14.85,28.41,0.24,0.98,1014.55,315.0,-717.50,-280.0,1,53.042
1784211204.3251514,01/01/2000,02:41:05.09,-895.51,-86.91,-453.61,-1.90,-0.72,1.62,69.15,42.75,-12.90,28.22,0.24,0.98,1014.55,315.0,-857.50,-367.50,1,53.041
1784211204.3460793,01/01/2000,02:41:05.11,-896.00,-96.68,-449.71,1.56,1.27,-0.18,68.40,41.55,-13.20,28.03,0.24,1.10,1014.55,210.0,-901.25,-411.25,1,53.048
1784211204.356192,01/01/2000,02:41:05.13,-896.48,-87.89,-447.75,1.69,-0.84,1.76,67.65,43.65,-13.20,28.17,0.37,0.98,1014.43,105.0,-857.50,-245.0,1,53.047
1784211204.3769946,01/01/2000,02:41:05.15,-897.95,-102.05,-455.57,1.96,-1.02,-2.11,66.60,40.65,-11.85,28.32,0.37,0.98,1014.55,297.50,-813.75,-376.25,1,53.046
1784211204.3975432,01/01/2000,02:41:05.16,-898.44,-95.21,-460.45,-1.73,0.36,1.44,67.95,43.20,-13.65,28.03,0.37,0.98,1014.55,183.75,-840.0,-402.50,1,53.045
1784211204.4177933,01/01/2000,02:41:05.18,-886.72,-99.12,-448.24,0.31,1.43,-0.34,69.30,43.05,-13.35,28.32,0.49,1.10,1014.55,288.75,-787.50,-393.75,1,53.044
1784211204.4396462,01/01/2000,02:41:05.20,-890.63,-99.61,-451.17,2.43,0.0,-0.38,68.25,43.80,-13.80,28.37,0.61,1.10,1014.55,271.25,-883.75,-393.75,1,53.043
1784211204.4571385,01/01/2000,02:41:05.22,-894.53,-97.17,-463.38,-0.04,1.20,-0.75,67.80,42.15,-13.35,28.41,0.49,1.10,1014.55,192.50,-848.75,-350.0,1,53.051
1784211204.4715304,01/01/2000,02:41:05.24,-905.76,-91.31,-458.98,-2.05,-0.34,-0.08,67.20,42.75,-13.65,28.41,0.37,1.10,1014.67,113.75,-761.25,-367.50,1,53.050
1784211204.4878173,01/01/2000,02:41:05.25,-892.09,-92.77,-459.47,0.22,1.24,0.56,67.65,43.20,-12.15,28.41,0.49,1.10,1014.55,210.0,-848.75,-306.25,1,53.049
1784211204.529056,01/01/2000,02:41:05.29,-896.97,-99.12,-449.71,0.11,0.82,-0.65,68.70,43.20,-13.95,28.37,0.24,1.10,1014.55,201.25,-857.50,-358.75,1,53.047
1784211204.5497694,01/01/2000,02:41:05.31,-894.53,-93.26,-458.98,-0.73,0.79,1.85,67.20,42.75,-12.15,28.41,0.49,0.98,1014.55,288.75,-892.50,-393.75,1,53.046
1784211204.5602183,01/01/2000,02:41:05.33,-897.46,-90.33,-463.38,-0.66,1.23,1.66,68.70,42.75,-13.20,28.37,0.49,0.98,1014.67,245.0,-866.25,-315.0,1,53.054
1784211204.5807006,01/01/2000,02:41:05.35,-889.16,-87.89,-461.43,-1.16,0.15,-1.40,67.35,42.60,-12.60,28.41,0.37,0.98,1014.67,218.75,-761.25,-385.0,1,53.053
1784211204.6116772,01/01/2000,02:41:05.37,-889.16,-87.40,-450.68,1.59,0.61,1.34,67.20,43.20,-13.65,28.22,0.49,1.22,1014.43,288.75,-892.50,-385.0,1,53.043
1784211204.6221015,01/01/2000,02:41:05.39,-897.95,-90.82,-458.50,0.51,-0.82,0.02,67.05,42.60,-13.05,28.03,0.61,1.22,1014.31,245.0,-883.75,-393.75,1,53.042
1784211204.6431541,01/01/2000,02:41:05.41,-888.18,-93.26,-458.98,1.60,0.30,-0.40,67.35,43.05,-13.35,28.41,0.49,1.22,1014.31,323.75,-866.25,-288.75,1,53.041
1784211204.68488,01/01/2000,02:41:05.45,-896.97,-99.61,-452.15,-1.68,-2.24,-1.47,67.35,43.35,-14.55,28.37,0.37,1.22,1014.55,192.50,-857.50,-341.25,1,53.048
1784211204.7055333,01/01/2000,02:41:05.47,-898.93,-87.89,-456.05,0.29,-0.60,0.30,69.0,42.15,-13.05,28.32,0.37,1.22,1014.43,297.50,-848.75,-350.0,1,53.047
1784211204.7158523,01/01/2000,02:41:05.49,-896.48,-90.82,-441.89,0.44,0.03,0.81,68.25,43.05,-13.05,28.08,0.37,1.22,1014.55,245.0,-892.50,-280.0,1,53.046
1784211204.7365665,01/01/2000,02:41:05.50,-896.48,-89.84,-452.64,0.46,-1.08,0.70,69.0,41.85,-13.05,28.22,0.49,1.22,1014.67,148.75,-962.50,-306.25,1,53.045
1784211204.7720625,01/01/2000,02:41:05.54,-881.84,-102.54,-446.29,0.35,-0.23,-0.77,68.40,42.45,-13.65,28.32,0.49,1.10,1014.80,332.50,-848.75,-393.75,1,53.051
1784211204.7883847,01/01/2000,02:41:05.56,-891.11,-104.98,-466.31,1.73,0.97,2.25,68.25,42.60,-13.35,28.51,0.37,1.22,1014.67,157.50,-805.0,-297.50,1,53.042
1784211204.829932,01/01/2000,02:41:05.59,-898.93,-104.98,-464.36,-1.22,0.18,-1.67,68.55,41.85,-13.35,28.51,0.37,1.10,1014.67,175.0,-770.0,-367.50,1,53.048
1784211204.850536,01/01/2000,02:41:05.61,-893.07,-94.73,-446.78,1.93,-2.05,-1.75,68.70,42.75,-13.95,28.22,0.37,0.98,1014.80,201.25,-831.25,-367.50,1,53.048
1784211204.8608797,01/01/2000,02:41:05.63,-897.46,-91.31,-458.50,-0.76,1.39,-2.43,69.75,43.80,-13.05,27.98,0.24,0.98,1014.92,148.75,-735.0,-428.75,1,53.047
1784211204.881598,01/01/2000,02:41:05.65,-895.51,-89.84,-446.78,0.16,-0.11,0.44,67.80,43.35,-13.05,28.32,0.24,0.98,1014.80,323.75,-787.50,-341.25,1,53.046
1784211204.912654,01/01/2000,02:41:05.67,-895.51,-89.36,-450.68,-0.14,0.90,-3.24,68.25,42.15,-12.60,28.32,0.49,1.10,1014.80,332.50,-875.0,-385.0,1,53.053
1784211204.9240167,01/01/2000,02:41:05.69,-892.58,-89.36,-458.50,1.11,-1.31,-0.27,67.35,42.60,-13.05,28.03,0.49,1.10,1014.80,236.25,-892.50,-323.75,1,53.052
1784211204.94368,01/01/2000,02:41:05.71,-904.30,-94.73,-459.47,-1.99,-1.34,0.05,68.40,42.0,-13.65,28.37,0.49,1.22,1014.80,315.0,-787.50,-350.0,1,53.051
1784211204.9539285,01/01/2000,02:41:05.72,-888.67,-102.05,-456.05,-1.50,-0.22,0.63,66.60,40.95,-13.35,28.22,0.37,1.22,1014.55,236.25,-848.75,-350.0,1,53.050
1784211204.9747922,01/01/2000,02:41:05.74,-884.28,-92.29,-457.52,-1.72,2.16,1.94,67.35,41.85,-13.05,28.17,0.49,1.34,1014.55,210.0,-682.50,-262.50,1,53.049
1784211205.0060983,01/01/2000,02:41:05.78,-893.07,-93.26,-467.77,1.35,-0.54,1.79,67.80,42.60,-12.60,27.98,0.49,1.22,1014.80,262.50,-892.50,-332.50,1,53.056
1784211205.0375338,01/01/2000,02:41:05.80,-894.04,-89.84,-445.31,0.65,-0.63,0.44,67.95,43.65,-13.95,28.37,0.37,1.22,1014.67,315.0,-805.0,-332.50,1,53.055
1784211205.04779,01/01/2000,02:41:05.81,-892.09,-95.70,-456.05,2.32,-2.43,-0.51,67.65,43.20,-13.95,28.37,0.37,1.34,1014.55,402.50,-708.75,-446.25,1,53.054
1784211205.0687523,01/01/2000,02:41:05.84,-897.46,-89.84,-438.96,1.63,-0.63,-0.99,68.25,43.80,-14.10,28.41,0.37,1.22,1014.55,245.0,-805.0,-341.25,1,53.053
1784211205.079188,01/01/2000,02:41:05.85,-889.16,-110.84,-452.64,-0.10,0.55,-0.89,66.60,43.35,-12.30,28.37,0.37,1.22,1014.80,262.50,-805.0,-288.75,1,53.052
1784211205.0995486,01/01/2000,02:41:05.87,-895.51,-94.73,-449.22,2.08,1.42,0.52,67.95,42.0,-14.40,28.32,0.37,1.22,1014.67,236.25,-761.25,-332.50,1,53.051
1784211205.130115,01/01/2000,02:41:05.90,-900.88,-93.75,-449.22,1.23,-0.43,0.48,65.25,41.25,-11.25,28.22,0.37,1.10,1014.43,218.75,-700.0,-358.75,1,53.050
1784211205.1614318,01/01/2000,02:41:05.93,-885.25,-94.73,-458.01,-0.01,-0.08,-0.08,66.60,41.40,-11.55,28.60,0.37,1.22,1014.80,166.25,-770.0,-367.50,1,53.048
1784211205.1924481,01/01/2000,02:41:05.95,-886.23,-97.66,-448.73,1.60,0.60,1.73,67.80,42.15,-12.60,28.37,0.37,1.22,1014.80,245.0,-953.75,-227.50,1,53.047
1784211205.2026129,01/01/2000,02:41:05.97,-896.97,-89.36,-447.27,2.22,1.71,-0.31,69.30,43.05,-14.55,28.17,0.37,1.22,1014.80,367.50,-840.0,-350.0,1,53.046
1784211205.2231283,01/01/2000,02:41:05.99,-887.21,-100.59,-457.52,-0.53,0.54,-0.49,66.30,41.85,-13.80,28.22,0.37,1.22,1014.80,315.0,-805.0,-306.25,1,53.053
1784211205.2335398,01/01/2000,02:41:06.01,-898.44,-98.14,-448.73,1.43,-1.17,1.19,68.55,41.40,-13.05,28.51,0.37,1.22,1014.55,236.25,-892.50,-323.75,1,53.052
1784211205.2540205,01/01/2000,02:41:06.02,-893.55,-91.31,-459.47,-0.63,-0.73,-0.21,67.95,41.55,-14.70,28.22,0.49,1.22,1014.31,131.25,-726.25,-437.50,1,53.051
1784211205.284961,01/01/2000,02:41:06.05,-892.09,-103.03,-459.96,0.02,1.62,0.85,67.95,42.75,-13.20,28.37,0.49,0.98,1014.31,332.50,-822.50,-315.0,1,53.051
1784211205.2952569,01/01/2000,02:41:06.06,-891.60,-100.59,-446.29,0.26,-0.69,-0.77,67.95,43.95,-12.90,28.17,0.61,0.85,1014.31,315.0,-910.0,-385.0,1,53.050
1784211205.316174,01/01/2000,02:41:06.08,-896.48,-89.36,-459.96,-0.83,0.49,0.98,67.95,43.95,-13.65,28.37,0.61,0.98,1014.43,253.75,-866.25,-376.25,1,53.049
1784211205.347393,01/01/2000,02:41:06.12,-883.79,-99.12,-439.94,-0.79,0.28,1.40,67.80,43.05,-13.05,28.60,0.49,1.22,1014.31,253.75,-918.75,-402.50,1,53.055
1784211205.388595,01/01/2000,02:41:06.15,-898.44,-93.75,-456.05,-0.02,-0.75,-1.05,68.40,42.75,-13.95,28.37,0.61,1.22,1014.31,210.0,-918.75,-376.25,1,53.053
1784211205.4100835,01/01/2000,02:41:06.17,-905.27,-94.73,-454.59,0.77,0.44,-2.75,67.05,40.95,-12.60,28.17,0.49,1.10,1014.31,341.25,-813.75,-385.0,1,53.052
1784211205.4275148,01/01/2000,02:41:06.19,-891.60,-92.29,-458.50,1.37,-0.28,-1.94,68.55,43.05,-12.30,28.51,0.37,1.10,1014.06,131.25,-831.25,-376.25,1,53.051
1784211205.4453058,01/01/2000,02:41:06.21,-890.63,-91.80,-460.45,2.28,1.36,-1.74,68.40,41.55,-12.45,28.37,0.37,0.98,1014.06,297.50,-831.25,-358.75,1,53.059
1784211205.457747,01/01/2000,02:41:06.23,-904.79,-90.33,-452.64,-1.25,0.50,-0.82,68.70,42.75,-14.40,28.37,0.37,0.85,1014.06,306.25,-840.0,-280.0,1,53.058
1784211205.4991517,01/01/2000,02:41:06.26,-890.63,-98.14,-455.57,0.35,-1.50,-2.37,66.90,44.40,-13.65,28.41,0.49,0.98,1014.19,218.75,-778.75,-350.0,1,53.056
1784211205.5197878,01/01/2000,02:41:06.28,-893.55,-100.10,-462.89,0.75,-0.79,-0.37,69.0,43.05,-13.05,28.32,0.49,0.98,1014.31,218.75,-840.0,-245.0,1,53.055
1784211205.529991,01/01/2000,02:41:06.30,-888.18,-100.10,-449.22,1.13,-2.15,-0.51,67.80,42.60,-13.05,28.08,0.49,1.10,1014.43,253.75,-822.50,-332.50,1,53.062
1784211205.5503912,01/01/2000,02:41:06.32,-901.86,-90.33,-458.98,2.30,-0.94,0.63,68.55,43.05,-11.85,28.08,0.49,1.10,1014.43,166.25,-796.25,-271.25,1,53.053
1784211205.5916886,01/01/2000,02:41:06.36,-878.91,-100.10,-452.15,0.79,-2.02,-0.69,67.35,43.35,-13.35,28.08,0.61,1.22,1014.55,297.50,-761.25,-332.50,1,53.059
1784211205.6125205,01/01/2000,02:41:06.38,-901.86,-84.96,-457.52,0.50,0.54,-0.05,67.20,41.25,-10.95,28.37,0.61,1.22,1014.55,157.50,-840.0,-323.75,1,53.058
1784211205.6231117,01/01/2000,02:41:06.39,-885.25,-95.70,-462.89,-0.81,-0.42,-0.15,67.65,42.45,-12.90,28.56,0.49,1.22,1014.55,175.0,-752.50,-341.25,1,53.057
1784211205.6594179,01/01/2000,02:41:06.42,-891.60,-99.61,-458.01,-2.38,0.82,1.18,66.60,43.05,-11.85,28.22,0.49,1.22,1014.55,341.25,-892.50,-402.50,1,53.056
1784211205.676328,01/01/2000,02:41:06.44,-898.44,-101.07,-452.15,-1.37,0.10,1.06,67.20,42.75,-12.90,28.51,0.24,1.22,1014.43,183.75,-848.75,-420.0,1,53.055
1784211205.696265,01/01/2000,02:41:06.46,-898.44,-90.33,-453.61,0.49,-0.02,1.10,68.55,43.80,-13.80,27.98,0.37,1.22,1014.55,315.0,-883.75,-332.50,1,53.046
1784211205.7066357,01/01/2000,02:41:06.48,-891.60,-90.82,-465.33,-1.75,1.81,1.56,67.80,43.35,-13.80,28.41,0.24,1.22,1014.31,131.25,-708.75,-385.0,1,53.053
1784211205.747731,01/01/2000,02:41:06.51,-901.37,-87.40,-464.36,0.68,-0.30,-1.25,67.65,42.45,-12.45,28.08,0.12,1.22,1014.19,157.50,-927.50,-358.75,1,53.052
1784211205.7686698,01/01/2000,02:41:06.53,-896.48,-93.26,-448.24,-0.85,2.37,2.13,69.30,42.60,-13.80,28.37,0.37,1.22,1014.43,183.75,-822.50,-306.25,1,53.051
1784211205.7812915,01/01/2000,02:41:06.55,-894.53,-94.24,-459.47,0.26,0.57,0.30,67.80,43.80,-13.05,28.03,0.37,1.22,1014.43,175.0,-831.25,-280.0,1,53.050
1784211205.7997494,01/01/2000,02:41:06.57,-904.30,-87.89,-450.68,0.89,-0.08,0.23,68.55,42.60,-12.30,28.22,0.24,1.22,1014.43,210.0,-770.0,-341.25,1,53.057
1784211205.840853,01/01/2000,02:41:06.61,-892.58,-101.56,-447.75,0.15,0.30,2.24,67.35,43.05,-13.05,28.37,0.37,1.22,1014.43,358.75,-892.50,-297.50,1,53.055
