rtcDate,rtcTime,aX,aY,aZ,gX,gY,gZ,mX,mY,mZ,imuTemp,output_Hz
01/01/2000,00:32:35.81,-34.18,-38.09,1029.30,-0.52,0.26,-2.35,15.0,1.20,46.65,31.53,0.0
01/01/2000,00:32:35.91,-25.88,-28.32,1015.14,-0.65,1.89,-0.76,14.10,0.60,46.80,31.14,20.0
01/01/2000,00:32:36.01,-25.88,-37.11,1020.51,1.47,-0.54,1.24,15.75,0.0,46.20,31.34,15.0
01/01/2000,00:32:36.11,-29.79,-20.02,1031.25,0.37,2.37,-1.62,15.45,0.0,46.95,31.24,13.333
01/01/2000,00:32:36.21,-33.69,-48.34,1011.23,1.31,0.57,-2.11,17.70,-0.30,46.65,31.53,12.500
01/01/2000,00:32:36.31,-21.48,-28.81,1027.34,1.68,0.51,0.21,16.20,-0.75,48.15,31.14,11.765
01/01/2000,00:32:36.41,-20.02,-26.86,1026.86,1.84,-1.79,-1.86,15.60,0.15,48.0,31.19,11.475
01/01/2000,00:32:36.51,-30.27,-28.81,1031.25,2.35,1.88,1.55,16.50,0.0,47.40,31.34,11.268
01/01/2000,00:32:36.62,-25.39,-37.60,1035.64,0.73,3.16,-0.34,15.45,0.0,46.95,31.34,11.111
01/01/2000,00:32:36.72,-41.99,-41.02,1024.90,1.09,-1.53,-1.44,15.15,-0.15,46.50,31.38,10.989
01/01/2000,00:32:36.82,-19.53,-36.62,1053.22,2.10,1.37,-1.32,15.0,0.0,46.95,31.48,10.891
01/01/2000,00:32:36.92,-40.04,-33.69,1010.74,3.18,-2.18,0.07,15.90,0.15,46.80,31.19,10.811
01/01/2000,00:32:37.02,-23.44,-30.76,1018.07,0.98,2.15,0.60,15.45,1.20,45.45,31.48,10.744
01/01/2000,00:32:37.12,-35.16,-35.16,1030.27,0.95,1.48,-0.53,15.15,-1.35,46.80,31.38,10.687
01/01/2000,00:32:37.22,-18.55,-23.93,1033.69,0.15,-1.60,-0.82,15.60,-0.15,47.25,31.34,10.638
01/01/2000,00:32:37.32,-30.27,-27.34,1041.02,1.75,0.15,1.28,15.15,0.15,46.80,31.53,10.596
01/01/2000,00:32:37.42,-25.39,-34.18,1026.37,1.64,-0.60,-0.38,15.15,1.35,47.25,31.14,10.559
01/01/2000,00:32:37.52,-21.97,-24.90,1045.41,-1.01,-0.18,1.21,15.45,1.20,46.65,31.38,10.465
01/01/2000,00:32:37.62,-32.23,-23.93,1031.25,1.97,0.13,-1.04,15.90,-0.60,48.30,31.19,10.440
01/01/2000,00:32:37.73,-20.51,-41.99,1016.11,0.44,-0.02,-1.28,15.0,0.0,47.40,31.38,10.417
01/01/2000,00:32:37.83,-30.76,-28.81,1018.55,1.92,0.40,0.35,16.20,0.30,47.70,31.19,10.396
01/01/2000,00:32:37.93,-7.32,-28.81,1010.74,0.58,1.44,-1.40,14.10,0.60,46.50,31.48,10.377
01/01/2000,00:32:38.03,-20.51,-30.76,1017.58,-0.40,1.62,1.69,15.60,-0.60,47.25,31.34,10.360
01/01/2000,00:32:38.13,-35.16,-42.48,999.02,2.19,1.87,-0.73,15.60,-0.15,47.25,31.14,10.345
01/01/2000,00:32:38.23,-12.70,-24.90,1044.92,-0.72,-0.52,-0.73,14.85,0.90,47.55,31.38,10.331
01/01/2000,00:32:38.33,-16.60,-35.16,1040.53,-1.10,0.68,-0.21,16.35,0.60,46.80,31.14,10.317
01/01/2000,00:32:38.43,-25.88,-24.41,1007.81,-0.11,-0.21,-0.61,16.35,0.90,47.55,31.48,10.305
01/01/2000,00:32:38.53,-17.09,-35.16,1038.57,2.24,2.05,-1.31,15.60,1.35,46.05,31.72,10.256
01/01/2000,00:32:38.63,-12.21,-28.81,1027.83,2.16,-1.64,-0.18,15.0,-0.30,47.70,31.53,10.247
01/01/2000,00:32:38.73,-13.67,-45.41,1033.20,-0.19,0.60,-0.51,15.60,-0.15,47.55,31.48,10.239
01/01/2000,00:32:38.84,-31.74,-31.74,1031.74,-0.82,-0.44,-0.99,15.60,0.60,47.25,31.24,10.231
01/01/2000,00:32:38.94,-29.30,-35.16,1036.13,1.16,-0.37,-2.85,16.20,0.30,46.65,31.24,10.224
01/01/2000,00:32:39.04,-35.16,-30.27,1033.20,1.11,-0.95,-1.10,16.35,0.90,47.25,31.48,10.217
01/01/2000,00:32:39.14,-23.93,-21.97,1030.27,-1.14,0.34,-1.13,14.55,1.20,46.95,31.48,10.210
01/01/2000,00:32:39.24,-15.63,-35.64,1026.86,-0.01,0.15,-0.17,15.60,-0.15,48.0,31.38,10.204
01/01/2000,00:32:39.34,-20.51,-21.97,1048.83,-1.52,0.39,1.18,15.15,-0.15,47.55,31.38,10.198
01/01/2000,00:32:39.44,-20.02,-26.86,1029.79,-0.47,0.41,1.45,14.40,-0.60,45.75,31.53,10.193
01/01/2000,00:32:39.54,-7.32,-36.13,1015.14,-1.09,-0.70,0.69,15.90,-0.90,46.80,31.67,10.188
01/01/2000,00:32:39.64,-29.79,-40.04,1027.34,-0.59,0.86,0.87,14.55,0.30,46.20,31.38,10.156
01/01/2000,00:32:39.74,-20.02,-28.81,1046.39,0.66,-0.47,0.0,14.85,-0.15,47.25,31.14,10.152
01/01/2000,00:32:39.84,-23.93,-22.95,1026.86,-0.53,0.62,2.45,14.40,0.60,47.55,31.34,10.149
01/01/2000,00:32:39.95,-28.81,-50.78,1008.30,2.72,-1.62,-0.73,15.45,0.0,47.40,31.14,10.145
01/01/2000,00:32:40.05,-16.11,-36.62,1022.46,-2.21,0.95,-3.14,15.0,1.20,46.95,31.48,10.142
01/01/2000,00:32:40.15,-12.70,-34.67,1032.23,0.21,-1.11,3.09,14.40,0.60,46.80,31.34,10.138
01/01/2000,00:32:40.25,-19.53,-35.16,1023.93,-0.15,-0.99,-0.44,14.85,0.90,48.75,31.48,10.135
01/01/2000,00:32:40.35,-19.04,-37.60,1036.13,0.49,-0.07,-1.40,16.20,0.75,46.95,31.48,10.132
01/01/2000,00:32:40.45,-12.70,-33.20,1034.18,1.30,0.46,1.39,15.90,1.35,47.25,31.48,10.129
01/01/2000,00:32:40.55,-27.34,-40.53,1014.16,0.55,0.44,0.50,14.40,0.90,46.80,31.34,10.127
01/01/2000,00:32:40.65,-29.79,-44.92,1006.84,0.07,0.23,1.54,15.75,-1.20,47.40,31.34,10.124
01/01/2000,00:32:40.75,-34.67,-34.67,1032.23,1.94,-0.98,0.66,13.50,0.75,46.65,31.38,10.101
01/01/2000,00:32:40.85,-17.58,-39.06,1019.04,0.88,-0.82,-3.08,14.55,0.30,46.65,31.19,10.099
01/01/2000,00:32:40.96,-21.97,-39.06,1013.67,-0.44,-0.51,0.80,15.60,0.60,46.05,31.24,10.097
01/01/2000,00:32:41.06,-21.48,-26.86,1032.71,-1.27,-0.66,-1.63,14.85,1.80,47.55,31.14,10.095
01/01/2000,00:32:41.16,-23.93,-31.74,1022.95,0.21,-1.63,-0.13,15.75,1.20,46.95,31.38,10.093
01/01/2000,00:32:41.26,-41.99,-33.69,1008.30,2.70,-2.37,0.17,15.0,0.0,46.95,31.48,10.092
01/01/2000,00:32:41.36,-8.79,-23.93,1024.41,-1.52,-0.92,-0.27,15.75,-0.75,46.65,31.38,10.090
01/01/2000,00:32:41.46,-28.32,-27.83,1040.04,1.16,-1.19,-0.60,14.25,0.30,47.40,31.38,10.088
01/01/2000,00:32:41.56,-19.53,-34.67,1030.27,2.12,1.69,0.97,16.50,-0.75,46.65,31.24,10.087
01/01/2000,00:32:41.66,-26.37,-33.20,1010.25,3.40,-1.76,1.50,15.90,0.90,47.25,31.67,10.085
01/01/2000,00:32:41.76,-28.81,-32.23,1010.74,-3.63,0.66,0.94,14.40,2.10,46.80,31.14,10.084
01/01/2000,00:32:41.86,-15.63,-30.76,1028.32,1.27,-0.86,-0.08,16.20,0.30,46.95,31.53,10.066
01/01/2000,00:32:41.96,-22.95,-22.46,1032.71,0.55,-0.47,0.11,15.90,0.90,46.80,31.48,10.065
01/01/2000,00:32:42.07,-20.02,-39.06,1030.76,3.02,-0.35,0.27,15.0,0.0,46.95,31.24,10.064
01/01/2000,00:32:42.17,-28.32,-18.55,1017.09,2.02,-2.14,-1.69,16.35,0.15,48.0,31.38,10.063
01/01/2000,00:32:42.27,-16.60,-29.79,1015.63,1.55,0.47,0.94,14.85,0.90,46.80,31.34,10.062
01/01/2000,00:32:42.37,-29.30,-41.50,1027.34,0.60,0.03,2.09,14.85,0.90,48.0,31.53,10.061
01/01/2000,00:32:42.47,-23.93,-23.44,1039.55,0.35,-0.48,-2.49,15.45,0.75,47.40,31.34,10.060
01/01/2000,00:32:42.57,-16.60,-40.53,1019.04,0.41,0.17,0.85,15.60,0.60,46.05,31.24,10.059
01/01/2000,00:32:42.67,-24.41,-44.43,1012.70,0.98,0.29,2.54,15.15,1.80,47.25,31.19,10.058
01/01/2000,00:32:42.77,-15.63,-30.27,1025.39,1.73,-0.01,0.19,16.35,0.60,47.25,31.24,10.057
01/01/2000,00:32:42.87,-39.55,-26.37,1036.13,2.39,0.28,-0.41,16.20,1.20,48.60,31.19,10.057
01/01/2000,00:32:42.97,-21.00,-40.53,1030.27,-0.15,0.12,-0.66,15.60,0.15,46.80,31.19,10.042
01/01/2000,00:32:43.07,-20.51,-39.55,1026.37,0.37,-1.70,1.02,15.75,1.50,47.40,31.53,10.041
01/01/2000,00:32:43.18,-40.53,-28.32,1032.23,1.88,-2.63,1.94,15.0,-0.75,46.95,31.38,10.041
01/01/2000,00:32:43.28,-21.48,-39.06,1038.09,3.57,0.66,1.78,15.75,0.0,46.95,31.24,10.040
01/01/2000,00:32:43.38,-39.55,-25.88,1019.53,1.44,0.63,-0.99,16.20,-0.75,47.40,31.38,10.040
01/01/2000,00:32:43.48,-34.18,-29.79,1040.04,1.18,-1.40,-0.16,15.15,-0.60,48.0,31.34,10.039
01/01/2000,00:32:43.58,-38.09,-28.81,1024.90,1.98,0.45,-2.14,16.20,0.0,46.20,31.34,10.039
01/01/2000,00:32:43.68,-42.48,-29.30,1025.39,-1.39,0.55,0.01,15.45,0.75,48.15,31.38,10.038
01/01/2000,00:32:43.78,-24.41,-30.76,1026.86,-0.18,-0.55,0.76,15.45,1.50,46.20,31.14,10.038
01/01/2000,00:32:43.88,-22.95,-33.20,1032.71,0.53,-0.73,-1.69,14.25,-1.50,47.40,31.24,10.037
01/01/2000,00:32:43.98,-19.53,-27.34,1013.18,1.30,-1.37,2.55,15.60,0.60,47.25,31.38,10.037
01/01/2000,00:32:44.08,-26.37,-42.97,1025.88,0.02,0.60,0.24,15.60,-0.15,46.50,31.19,10.024
01/01/2000,00:32:44.18,-19.53,-23.93,1033.69,-1.05,-0.70,-1.80,14.85,0.15,47.55,31.53,10.024
01/01/2000,00:32:44.29,-18.07,-32.23,1040.04,0.44,0.44,-0.66,15.45,0.75,46.95,31.38,10.024
01/01/2000,00:32:44.39,-33.69,-40.53,1010.74,1.23,0.05,-3.01,14.85,0.60,46.80,31.24,10.023
01/01/2000,00:32:44.49,-15.63,-47.36,1012.70,0.19,-1.08,-0.79,14.40,0.60,47.55,31.19,10.023
01/01/2000,00:32:44.59,-22.46,-29.30,1031.25,-1.44,-0.10,-0.76,15.0,0.75,46.65,31.34,10.023
01/01/2000,00:32:44.69,-10.25,-38.09,1006.84,1.07,-0.50,1.49,15.45,2.40,47.70,31.38,10.023
01/01/2000,00:32:44.79,-30.76,-32.23,1022.95,-2.25,1.47,0.73,14.25,0.75,47.70,31.38,10.022
01/01/2000,00:32:44.89,-21.00,-31.74,1023.44,-0.15,-1.72,-0.31,14.25,-0.30,47.70,31.14,10.022
01/01/2000,00:32:44.99,-31.25,-39.06,1019.53,-1.45,0.11,-0.17,16.35,1.80,48.30,31.53,10.022
01/01/2000,00:32:45.09,-24.41,-36.13,1031.74,0.21,0.10,-0.44,16.20,1.50,46.95,31.38,10.022
01/01/2000,00:32:45.19,-29.79,-22.46,1031.74,-1.60,1.06,-0.23,14.85,1.80,46.80,31.48,10.011
01/01/2000,00:32:45.29,-23.44,-27.83,1025.39,0.16,0.38,1.07,14.40,2.10,47.55,31.14,10.011
01/01/2000,00:32:45.40,-32.23,-33.69,1012.70,0.33,-0.96,-1.15,16.20,0.75,48.15,31.38,10.010
01/01/2000,00:32:45.50,-27.34,-41.02,1021.00,-2.28,1.66,0.36,15.15,-0.60,46.80,31.34,10.010
01/01/2000,00:32:45.60,-24.41,-37.60,1020.02,-0.79,-0.70,1.76,16.20,0.0,48.15,31.38,10.010
01/01/2000,00:32:45.70,-15.14,-33.20,1024.41,-0.35,1.98,0.60,13.80,0.0,46.65,31.48,10.010
01/01/2000,00:32:45.80,-19.04,-35.64,1028.32,-0.63,-1.18,0.95,13.50,0.0,48.15,31.58,10.010
01/01/2000,00:32:45.90,-25.88,-26.37,997.56,0.08,1.37,-1.07,14.40,-0.60,47.25,31.38,10.010
01/01/2000,00:32:46.00,-26.86,-28.32,1034.18,0.08,-0.37,-0.26,14.10,0.60,47.55,31.19,10.010
01/01/2000,00:32:46.10,-21.48,-43.95,1037.11,0.20,0.84,-2.66,15.75,1.20,47.40,31.38,10.010
01/01/2000,00:32:46.20,-20.02,-40.04,1023.93,1.27,-0.80,-0.39,14.55,0.0,46.20,31.19,10.0
01/01/2000,00:32:46.30,-34.18,-28.32,1039.06,-1.79,0.53,-1.35,15.45,0.75,47.40,31.53,10.0
01/01/2000,00:32:46.40,-26.37,-31.25,1038.57,-0.87,-1.51,-0.10,14.25,0.30,47.40,31.19,10.0
01/01/2000,00:32:46.51,-26.86,-47.36,1004.88,-1.18,0.35,-0.38,15.45,0.30,46.65,31.48,10.0
01/01/2000,00:32:46.61,-16.60,-35.16,1027.34,-0.70,1.68,0.89,15.60,-0.15,48.30,31.24,10.0
01/01/2000,00:32:46.71,-20.51,-31.25,1038.09,1.18,-0.98,-1.43,15.15,1.35,46.50,31.48,10.0
01/01/2000,00:32:46.81,-24.90,-30.27,1033.69,2.53,-0.53,0.93,14.55,0.30,46.20,31.38,10.0
01/01/2000,00:32:46.91,-19.53,-26.37,1036.62,0.31,-0.55,1.74,16.95,1.20,48.60,31.38,10.0
01/01/2000,00:32:47.01,-14.16,-35.16,1023.93,-2.63,1.39,0.77,16.50,1.50,48.15,31.14,10.0
01/01/2000,00:32:47.11,-27.83,-30.27,1029.30,1.69,0.34,-0.39,16.20,1.20,46.65,31.38,10.0
01/01/2000,00:32:47.21,-18.07,-40.04,1023.44,1.11,-0.08,0.45,15.15,-0.15,46.05,31.48,10.0
01/01/2000,00:32:47.31,-47.36,-34.67,1015.63,2.26,-2.18,0.52,15.60,0.60,47.55,31.24,9.991
01/01/2000,00:32:47.41,-37.11,-31.74,1026.37,0.13,-0.92,2.86,15.15,0.60,47.25,31.14,9.991
01/01/2000,00:32:47.52,-23.44,-19.04,1041.02,0.50,-1.64,0.24,15.15,0.90,47.55,31.58,9.991
01/01/2000,00:32:47.62,-15.63,-30.27,1022.46,1.13,-1.40,1.01,15.75,0.30,46.65,31.48,9.992
01/01/2000,00:32:47.72,-31.74,-30.27,1040.04,-1.18,-0.84,-0.45,15.60,0.15,47.55,31.05,9.992
01/01/2000,00:32:47.82,-24.41,-28.32,1016.60,0.79,-1.05,-0.19,15.15,-0.60,48.0,31.48,9.992
01/01/2000,00:32:47.92,1.95,-39.06,1012.70,3.39,-0.87,1.18,14.25,-0.30,46.95,31.48,9.992
01/01/2000,00:32:48.02,-21.48,-37.11,1028.32,1.19,-0.21,1.19,15.90,-0.60,48.30,31.38,9.992
01/01/2000,00:32:48.12,-30.27,-41.50,1017.58,-3.05,-0.54,-1.53,15.60,0.90,48.0,31.38,9.992
01/01/2000,00:32:48.22,-16.11,-33.69,1009.77,1.04,-1.41,0.40,15.75,0.0,46.20,31.53,9.992
01/01/2000,00:32:48.32,-15.14,-28.32,1043.46,-0.07,-0.12,0.45,14.85,0.90,48.0,31.34,9.992
01/01/2000,00:32:48.42,-25.39,-39.06,1023.44,0.24,0.31,-2.76,16.35,0.90,48.0,31.53,9.984
01/01/2000,00:32:48.52,-36.13,-33.69,1010.74,1.63,0.43,-1.15,14.40,-0.90,47.25,31.38,9.984
01/01/2000,00:32:48.63,-25.39,-27.83,1019.53,2.15,1.08,1.69,15.60,0.90,46.80,31.05,9.984
01/01/2000,00:32:48.73,-10.25,-30.27,1028.32,1.01,0.83,2.39,14.25,-0.30,46.95,31.48,9.985
01/01/2000,00:32:48.83,-12.21,-33.20,1030.27,2.55,-1.10,0.56,15.75,0.30,45.90,31.24,9.985
01/01/2000,00:32:48.93,-24.41,-36.13,1034.18,3.63,0.0,2.64,15.75,1.20,46.65,31.38,9.985
01/01/2000,00:32:49.03,-13.67,-27.83,1019.04,0.82,-0.66,1.54,15.15,0.15,48.30,31.14,9.985
01/01/2000,00:32:49.13,-27.34,-33.69,1013.18,2.02,0.53,-1.29,14.85,0.90,47.25,31.24,9.985
01/01/2000,00:32:49.23,-12.70,-28.32,1013.18,1.41,-0.86,-2.26,15.60,0.60,46.50,31.38,9.985
01/01/2000,00:32:49.33,-26.86,-36.13,1014.16,2.69,0.49,-0.56,14.25,0.0,47.70,31.48,9.985
01/01/2000,00:32:49.43,-31.74,-31.25,1024.90,0.80,-0.47,-0.92,15.60,0.90,46.50,31.38,9.978
01/01/2000,00:32:49.53,-6.84,-40.04,1003.91,0.42,0.57,-0.53,15.60,0.60,46.05,31.34,9.978
01/01/2000,00:32:49.63,-28.81,-30.27,1029.79,4.34,-0.46,0.11,14.85,-0.90,47.25,31.67,9.978
01/01/2000,00:32:49.74,-22.46,-27.83,1011.23,-1.58,0.55,1.53,15.45,1.95,46.65,31.58,9.978
01/01/2000,00:32:49.84,-14.65,-29.79,1023.93,-0.60,-2.81,0.17,14.10,0.60,46.50,31.38,9.979
01/01/2000,00:32:49.94,-26.86,-36.13,1028.81,-0.11,-0.12,-0.78,15.60,0.60,46.80,31.38,9.979
01/01/2000,00:32:50.04,-16.60,-32.23,1027.34,3.23,0.59,-0.41,14.85,1.35,48.0,31.53,9.979
01/01/2000,00:32:50.14,-11.23,-41.50,1031.25,-0.69,-0.72,0.91,15.75,0.0,47.70,31.24,9.979
01/01/2000,00:32:50.24,-28.81,-34.18,1007.81,-0.16,-0.45,-0.98,15.90,0.60,48.0,31.19,9.979
01/01/2000,00:32:50.34,-20.02,-40.04,1022.95,1.83,0.15,0.71,15.15,1.35,46.80,31.14,9.979
01/01/2000,00:32:50.44,-25.39,-39.06,1021.48,-0.05,-1.85,-2.24,14.25,1.20,48.60,31.24,9.979
01/01/2000,00:32:50.54,-19.04,-27.34,1036.62,0.22,4.40,-1.19,16.50,0.30,47.40,31.19,9.973
01/01/2000,00:32:50.64,-17.09,-33.69,1026.86,-0.96,-0.24,1.86,15.15,0.60,47.55,31.24,9.973
01/01/2000,00:32:50.74,-19.53,-31.74,1027.83,-0.17,0.05,2.11,15.15,0.15,48.30,31.14,9.973
01/01/2000,00:32:50.85,-31.25,-37.11,1020.02,-0.34,-1.79,-0.98,15.45,-0.30,45.90,31.53,9.973
01/01/2000,00:32:50.95,-16.60,-29.79,1035.16,0.16,-1.73,-0.21,15.15,0.90,46.80,31.38,9.974
01/01/2000,00:32:51.05,-18.55,-41.50,1030.76,0.62,-0.18,0.45,15.60,0.90,46.80,31.38,9.974
01/01/2000,00:32:51.15,-23.93,-34.18,1027.34,-0.75,-1.24,-0.95,15.0,0.30,47.70,31.53,9.974
01/01/2000,00:32:51.25,-26.37,-31.74,1036.13,0.11,0.52,-0.62,15.75,-0.30,48.15,31.67,9.974
01/01/2000,00:32:51.35,-20.51,-38.09,1020.51,-0.35,0.36,0.99,15.15,-0.90,46.50,31.58,9.974
01/01/2000,00:32:51.45,-38.09,-41.02,1030.27,0.80,-0.55,0.97,16.80,-0.60,46.80,31.14,9.974
01/01/2000,00:32:51.55,-32.71,-30.27,1024.41,-0.92,1.31,0.92,15.90,-0.90,46.80,31.38,9.975
01/01/2000,00:32:51.65,-27.34,-34.67,1029.30,2.18,-0.56,1.54,15.75,1.20,46.65,31.14,9.968
01/01/2000,00:32:51.75,-15.63,-20.02,1027.34,-0.49,-0.86,0.0,14.40,-0.15,45.75,31.48,9.969
01/01/2000,00:32:51.86,-19.53,-29.30,1018.07,0.23,-1.31,-2.18,15.0,0.30,47.70,30.95,9.969
01/01/2000,00:32:51.96,-21.00,-20.51,1021.00,2.10,0.68,1.18,15.15,0.60,47.25,31.53,9.969
01/01/2000,00:32:52.06,-24.41,-23.44,1027.83,-0.42,2.50,-0.42,16.95,1.20,46.20,31.19,9.969
01/01/2000,00:32:52.16,-19.04,-32.23,1028.32,-0.17,-0.08,-0.45,15.45,-0.30,47.70,31.24,9.969
01/01/2000,00:32:52.26,-34.18,-29.30,1032.23,2.41,0.83,1.54,14.55,0.75,46.95,31.19,9.970
01/01/2000,00:32:52.36,-21.00,-35.16,1026.86,3.11,-0.94,-1.28,17.55,0.15,47.25,31.38,9.970
01/01/2000,00:32:52.46,-13.67,-23.93,1025.39,0.68,0.21,-1.86,14.85,-0.15,46.05,31.38,9.970
01/01/2000,00:32:52.56,-19.53,-31.74,1025.39,1.82,-1.42,-1.63,15.0,0.0,46.95,31.19,9.970
01/01/2000,00:32:52.66,-24.90,-37.60,1022.46,3.84,-1.15,-2.44,16.50,0.30,47.70,31.53,9.970
01/01/2000,00:32:52.76,-27.83,-33.69,1026.86,0.21,-2.14,-2.01,14.85,0.15,48.0,31.48,9.965
01/01/2000,00:32:52.86,-13.67,-24.41,1028.81,-2.17,-0.28,0.15,17.40,-0.30,47.40,31.67,9.965
01/01/2000,00:32:52.97,-21.48,-30.76,1031.74,3.76,0.77,-1.24,15.90,0.15,45.75,31.14,9.965
01/01/2000,00:32:53.07,-21.97,-33.69,1022.95,0.02,-0.35,-0.40,14.25,-0.30,46.65,31.34,9.965
01/01/2000,00:32:53.17,-10.25,-48.34,1022.46,1.97,1.27,0.52,15.15,1.80,46.80,31.14,9.965
01/01/2000,00:32:53.27,-16.11,-41.99,1030.27,-0.03,-1.95,0.68,15.45,0.0,46.65,31.53,9.966
01/01/2000,00:32:53.37,-27.83,-26.86,1026.86,1.34,-1.15,0.18,15.90,0.15,46.80,31.48,9.966
01/01/2000,00:32:53.47,-10.25,-27.34,1025.39,3.24,-1.06,1.44,14.85,0.15,47.55,31.38,9.966
01/01/2000,00:32:53.57,-12.70,-39.06,1047.36,-0.69,-0.26,-0.10,15.15,0.15,46.50,31.48,9.966
01/01/2000,00:32:53.67,-21.00,-29.79,1034.67,1.71,0.67,-0.54,15.75,0.0,46.65,31.38,9.966
01/01/2000,00:32:53.77,-21.48,-38.09,1023.93,2.03,2.17,0.88,16.20,0.30,46.20,31.14,9.961
01/01/2000,00:32:53.87,-17.09,-28.81,1033.69,3.46,0.94,-0.07,15.45,0.30,46.20,31.67,9.961
01/01/2000,00:32:53.97,-16.60,-29.30,1021.00,0.65,-0.32,0.45,14.85,1.80,48.30,31.48,9.961
01/01/2000,00:32:54.08,-24.90,-41.99,1011.23,0.40,0.61,0.67,15.0,1.50,46.20,31.19,9.962
01/01/2000,00:32:54.18,-21.48,-33.20,1022.46,1.40,-2.47,0.94,14.55,0.75,47.70,31.48,9.962
01/01/2000,00:32:54.28,-10.25,-34.18,1024.90,0.72,-1.68,-1.30,16.20,1.50,47.70,31.38,9.962
01/01/2000,00:32:54.38,-30.27,-27.34,1021.00,2.61,-0.32,-0.36,15.0,0.30,46.20,31.38,9.962
01/01/2000,00:32:54.48,-29.30,-36.13,1020.51,-2.24,1.32,0.30,15.15,0.90,45.75,31.34,9.963
01/01/2000,00:32:54.58,-25.88,-24.90,1024.90,-1.53,-3.82,2.04,14.55,0.30,46.65,31.38,9.963
01/01/2000,00:32:54.68,-22.95,-22.95,1024.41,0.01,-2.18,0.25,14.85,-0.15,46.05,31.24,9.963
01/01/2000,00:32:54.78,-26.37,-34.18,1027.83,-1.51,1.27,-0.40,16.20,0.30,47.40,31.53,9.963
